universe_index,family,taxon,historical_taxon,effective_identity_state,fresh_iucn_threat_reference_present,resolution,special_interpretation,checked_at,powo_state,powo_matched_canonical,powo_scientific_name,powo_authorship,powo_taxonomic_status,powo_accepted_name,powo_accepted_id,powo_taxon_id,powo_source_sha256,powo_error,wfo_state,wfo_matched_canonical,wfo_scientific_name,wfo_authorship,wfo_taxonomic_status,wfo_accepted_name,wfo_accepted_id,wfo_taxon_id,wfo_source_sha256,wfo_error,anthos_state,anthos_matched_canonical,anthos_scientific_name,anthos_authorship,anthos_taxonomic_status,anthos_accepted_name,anthos_accepted_id,anthos_taxon_id,anthos_source_sha256,anthos_error
5,SAPINDACEAE,Acer monspessulanum x A. campestre,,UNCHANGED,False,NO_RESPONSE_ALL_THREE_REVIEW_REQUIRED,,2026-08-19T20:12:35.244335+00:00,EXACT_CANONICAL_NOT_FOUND,,,,,,,,6ff1e084d7e1de5bce526a9952c96fbb0f13b4f2c615b0fc30c055f88bfb5483,,EXACT_CANONICAL_NOT_FOUND,,,,,,,,ccfc7e3ca85c8b80aa96eb52d4e50e07e1811d28916b544280d8a4f1a043ba72,,EXACT_CANONICAL_NOT_FOUND,,,,,,,,e6e19630a9415359fba90888864d17313873a984ac79a3677c1d62aac943f991,
20,RANUNCULACEAE,Aconitum vulgaria subsp. neapolitanum,,UNCHANGED,False,NO_RESPONSE_ALL_THREE_REVIEW_REQUIRED,,2026-08-19T20:12:35.244791+00:00,EXACT_CANONICAL_NOT_FOUND,,,,,,,,6ff1e084d7e1de5bce526a9952c96fbb0f13b4f2c615b0fc30c055f88bfb5483,,EXACT_CANONICAL_NOT_FOUND,,,,,,,,ccfc7e3ca85c8b80aa96eb52d4e50e07e1811d28916b544280d8a4f1a043ba72,,EXACT_CANONICAL_NOT_FOUND,,,,,,,,e6e19630a9415359fba90888864d17313873a984ac79a3677c1d62aac943f991,
89,AMARYLLIDACEAE,Allium oleraceum var. oleraceum,,UNCHANGED,False,NO_RESPONSE_ALL_THREE_REVIEW_REQUIRED,,2026-08-19T20:12:35.246242+00:00,EXACT_CANONICAL_NOT_FOUND,,,,,,,,6ff1e084d7e1de5bce526a9952c96fbb0f13b4f2c615b0fc30c055f88bfb5483,,EXACT_CANONICAL_NOT_FOUND,,,,,,,,ccfc7e3ca85c8b80aa96eb52d4e50e07e1811d28916b544280d8a4f1a043ba72,,EXACT_CANONICAL_NOT_FOUND,,,,,,,,e6e19630a9415359fba90888864d17313873a984ac79a3677c1d62aac943f991,
92,AMARYLLIDACEAE,Allium schoenoprassum,,UNCHANGED,False,NO_RESPONSE_ALL_THREE_REVIEW_REQUIRED,,2026-08-19T20:12:35.246290+00:00,EXACT_CANONICAL_NOT_FOUND,,,,,,,,6ff1e084d7e1de5bce526a9952c96fbb0f13b4f2c615b0fc30c055f88bfb5483,,EXACT_CANONICAL_NOT_FOUND,,,,,,,,ccfc7e3ca85c8b80aa96eb52d4e50e07e1811d28916b544280d8a4f1a043ba72,,EXACT_CANONICAL_NOT_FOUND,,,,,,,,e6e19630a9415359fba90888864d17313873a984ac79a3677c1d62aac943f991,
100,PTERIDACEAE,Allosurus acrosticus,,UNCHANGED,False,NO_RESPONSE_ALL_THREE_REVIEW_REQUIRED,,2026-08-19T20:12:35.246433+00:00,EXACT_CANONICAL_NOT_FOUND,,,,,,,,6ff1e084d7e1de5bce526a9952c96fbb0f13b4f2c615b0fc30c055f88bfb5483,,EXACT_CANONICAL_NOT_FOUND,,,,,,,,ccfc7e3ca85c8b80aa96eb52d4e50e07e1811d28916b544280d8a4f1a043ba72,,EXACT_CANONICAL_NOT_FOUND,,,,,,,,e6e19630a9415359fba90888864d17313873a984ac79a3677c1d62aac943f991,
101,PTERIDACEAE,Allosurus pteridioides,,UNCHANGED,False,NO_RESPONSE_ALL_THREE_REVIEW_REQUIRED,,2026-08-19T20:12:35.246449+00:00,EXACT_CANONICAL_NOT_FOUND,,,,,,,,6ff1e084d7e1de5bce526a9952c96fbb0f13b4f2c615b0fc30c055f88bfb5483,,EXACT_CANONICAL_NOT_FOUND,,,,,,,,ccfc7e3ca85c8b80aa96eb52d4e50e07e1811d28916b544280d8a4f1a043ba72,,EXACT_CANONICAL_NOT_FOUND,,,,,,,,e6e19630a9415359fba90888864d17313873a984ac79a3677c1d62aac943f991,
126,AMARANTHACEAE,Amaranthus powelli,,UNCHANGED,False,NO_RESPONSE_ALL_THREE_REVIEW_REQUIRED,,2026-08-19T20:12:35.246909+00:00,EXACT_CANONICAL_NOT_FOUND,,,,,,,,6ff1e084d7e1de5bce526a9952c96fbb0f13b4f2c615b0fc30c055f88bfb5483,,EXACT_CANONICAL_NOT_FOUND,,,,,,,,ccfc7e3ca85c8b80aa96eb52d4e50e07e1811d28916b544280d8a4f1a043ba72,,EXACT_CANONICAL_NOT_FOUND,,,,,,,,e6e19630a9415359fba90888864d17313873a984ac79a3677c1d62aac943f991,
240,ASPHODELACEAE,Asphodelus serotinum,,UNCHANGED,False,NO_RESPONSE_ALL_THREE_REVIEW_REQUIRED,,2026-08-19T20:12:35.248996+00:00,EXACT_CANONICAL_NOT_FOUND,,,,,,,,6ff1e084d7e1de5bce526a9952c96fbb0f13b4f2c615b0fc30c055f88bfb5483,,EXACT_CANONICAL_NOT_FOUND,,,,,,,,ccfc7e3ca85c8b80aa96eb52d4e50e07e1811d28916b544280d8a4f1a043ba72,,EXACT_CANONICAL_NOT_FOUND,,,,,,,,e6e19630a9415359fba90888864d17313873a984ac79a3677c1d62aac943f991,
257,ASPLENIACEAE,Asplenium x alternifolium,,UNCHANGED,False,NO_RESPONSE_ALL_THREE_REVIEW_REQUIRED,,2026-08-19T20:12:35.249468+00:00,EXACT_CANONICAL_NOT_FOUND,,,,,,,,6ff1e084d7e1de5bce526a9952c96fbb0f13b4f2c615b0fc30c055f88bfb5483,,EXACT_CANONICAL_NOT_FOUND,,,,,,,,ccfc7e3ca85c8b80aa96eb52d4e50e07e1811d28916b544280d8a4f1a043ba72,,EXACT_CANONICAL_NOT_FOUND,,,,,,,,e6e19630a9415359fba90888864d17313873a984ac79a3677c1d62aac943f991,
258,ASPLENIACEAE,Asplenium x sarniense,,UNCHANGED,False,NO_RESPONSE_ALL_THREE_REVIEW_REQUIRED,,2026-08-19T20:12:35.249496+00:00,EXACT_CANONICAL_NOT_FOUND,,,,,,,,6ff1e084d7e1de5bce526a9952c96fbb0f13b4f2c615b0fc30c055f88bfb5483,,EXACT_CANONICAL_NOT_FOUND,,,,,,,,ccfc7e3ca85c8b80aa96eb52d4e50e07e1811d28916b544280d8a4f1a043ba72,,EXACT_CANONICAL_NOT_FOUND,,,,,,,,e6e19630a9415359fba90888864d17313873a984ac79a3677c1d62aac943f991,
259,ASPLENIACEAE,Asplenium x souchei,,UNCHANGED,False,NO_RESPONSE_ALL_THREE_REVIEW_REQUIRED,,2026-08-19T20:12:35.249525+00:00,EXACT_CANONICAL_NOT_FOUND,,,,,,,,6ff1e084d7e1de5bce526a9952c96fbb0f13b4f2c615b0fc30c055f88bfb5483,,EXACT_CANONICAL_NOT_FOUND,,,,,,,,ccfc7e3ca85c8b80aa96eb52d4e50e07e1811d28916b544280d8a4f1a043ba72,,EXACT_CANONICAL_NOT_FOUND,,,,,,,,e6e19630a9415359fba90888864d17313873a984ac79a3677c1d62aac943f991,
260,ASPLENIACEAE,Asplenium x staufferi,,UNCHANGED,False,NO_RESPONSE_ALL_THREE_REVIEW_REQUIRED,,2026-08-19T20:12:35.249550+00:00,EXACT_CANONICAL_NOT_FOUND,,,,,,,,6ff1e084d7e1de5bce526a9952c96fbb0f13b4f2c615b0fc30c055f88bfb5483,,EXACT_CANONICAL_NOT_FOUND,,,,,,,,ccfc7e3ca85c8b80aa96eb52d4e50e07e1811d28916b544280d8a4f1a043ba72,,EXACT_CANONICAL_NOT_FOUND,,,,,,,,e6e19630a9415359fba90888864d17313873a984ac79a3677c1d62aac943f991,
261,ASPLENIACEAE,Asplenium x ticinense,,UNCHANGED,False,NO_RESPONSE_ALL_THREE_REVIEW_REQUIRED,,2026-08-19T20:12:35.249578+00:00,EXACT_CANONICAL_NOT_FOUND,,,,,,,,6ff1e084d7e1de5bce526a9952c96fbb0f13b4f2c615b0fc30c055f88bfb5483,,EXACT_CANONICAL_NOT_FOUND,,,,,,,,ccfc7e3ca85c8b80aa96eb52d4e50e07e1811d28916b544280d8a4f1a043ba72,,EXACT_CANONICAL_NOT_FOUND,,,,,,,,e6e19630a9415359fba90888864d17313873a984ac79a3677c1d62aac943f991,
296,SOLANACEAE,Atropa belladona,,UNCHANGED,False,NO_RESPONSE_ALL_THREE_REVIEW_REQUIRED,,2026-08-19T20:12:35.250306+00:00,EXACT_CANONICAL_NOT_FOUND,,,,,,,,6ff1e084d7e1de5bce526a9952c96fbb0f13b4f2c615b0fc30c055f88bfb5483,,EXACT_CANONICAL_NOT_FOUND,,,,,,,,ccfc7e3ca85c8b80aa96eb52d4e50e07e1811d28916b544280d8a4f1a043ba72,,EXACT_CANONICAL_NOT_FOUND,,,,,,,,e6e19630a9415359fba90888864d17313873a984ac79a3677c1d62aac943f991,
326,BETULACEAE,Betula alba var. alba,,UNCHANGED,False,NO_RESPONSE_ALL_THREE_REVIEW_REQUIRED,,2026-08-19T20:12:35.250868+00:00,EXACT_CANONICAL_NOT_FOUND,,,,,,,,6ff1e084d7e1de5bce526a9952c96fbb0f13b4f2c615b0fc30c055f88bfb5483,,EXACT_CANONICAL_NOT_FOUND,,,,,,,,ccfc7e3ca85c8b80aa96eb52d4e50e07e1811d28916b544280d8a4f1a043ba72,,EXACT_CANONICAL_NOT_FOUND,,,,,,,,e6e19630a9415359fba90888864d17313873a984ac79a3677c1d62aac943f991,
333,ASTERACEAE,Bidens cernuus,,UNCHANGED,False,NO_RESPONSE_ALL_THREE_REVIEW_REQUIRED,,2026-08-19T20:12:35.250987+00:00,EXACT_CANONICAL_NOT_FOUND,,,,,,,,6ff1e084d7e1de5bce526a9952c96fbb0f13b4f2c615b0fc30c055f88bfb5483,,EXACT_CANONICAL_NOT_FOUND,,,,,,,,ccfc7e3ca85c8b80aa96eb52d4e50e07e1811d28916b544280d8a4f1a043ba72,,EXACT_CANONICAL_NOT_FOUND,,,,,,,,e6e19630a9415359fba90888864d17313873a984ac79a3677c1d62aac943f991,
353,OROBANCHACEAE,Bouardia latisquama,,UNCHANGED,False,NO_RESPONSE_ALL_THREE_REVIEW_REQUIRED,,2026-08-19T20:12:35.251330+00:00,EXACT_CANONICAL_NOT_FOUND,,,,,,,,6ff1e084d7e1de5bce526a9952c96fbb0f13b4f2c615b0fc30c055f88bfb5483,,EXACT_CANONICAL_NOT_FOUND,,,,,,,,ccfc7e3ca85c8b80aa96eb52d4e50e07e1811d28916b544280d8a4f1a043ba72,,EXACT_CANONICAL_NOT_FOUND,,,,,,,,e6e19630a9415359fba90888864d17313873a984ac79a3677c1d62aac943f991,
401,POACEAE,Calamagrostis epigeros,,UNCHANGED,False,NO_RESPONSE_ALL_THREE_REVIEW_REQUIRED,,2026-08-19T20:12:35.252147+00:00,EXACT_CANONICAL_NOT_FOUND,,,,,,,,6ff1e084d7e1de5bce526a9952c96fbb0f13b4f2c615b0fc30c055f88bfb5483,,EXACT_CANONICAL_NOT_FOUND,,,,,,,,ccfc7e3ca85c8b80aa96eb52d4e50e07e1811d28916b544280d8a4f1a043ba72,,EXACT_CANONICAL_NOT_FOUND,,,,,,,,e6e19630a9415359fba90888864d17313873a984ac79a3677c1d62aac943f991,
470,CYPERACEAE,Carex hallerana,,UNCHANGED,False,NO_RESPONSE_ALL_THREE_REVIEW_REQUIRED,,2026-08-19T20:12:35.253323+00:00,EXACT_CANONICAL_NOT_FOUND,,,,,,,,6ff1e084d7e1de5bce526a9952c96fbb0f13b4f2c615b0fc30c055f88bfb5483,,EXACT_CANONICAL_NOT_FOUND,,,,,,,,ccfc7e3ca85c8b80aa96eb52d4e50e07e1811d28916b544280d8a4f1a043ba72,,EXACT_CANONICAL_NOT_FOUND,,,,,,,,e6e19630a9415359fba90888864d17313873a984ac79a3677c1d62aac943f991,
514,ASTERACEAE,Centaurea bofiliana,,UNCHANGED,False,NO_RESPONSE_ALL_THREE_REVIEW_REQUIRED,,2026-08-19T20:12:35.254385+00:00,EXACT_CANONICAL_NOT_FOUND,,,,,,,,6ff1e084d7e1de5bce526a9952c96fbb0f13b4f2c615b0fc30c055f88bfb5483,,EXACT_CANONICAL_NOT_FOUND,,,,,,,,ccfc7e3ca85c8b80aa96eb52d4e50e07e1811d28916b544280d8a4f1a043ba72,,EXACT_CANONICAL_NOT_FOUND,,,,,,,,e6e19630a9415359fba90888864d17313873a984ac79a3677c1d62aac943f991,
534,ASTERACEAE,Centaurea x zubiae,,UNCHANGED,False,NO_RESPONSE_ALL_THREE_REVIEW_REQUIRED,,2026-08-19T20:12:35.254901+00:00,EXACT_CANONICAL_NOT_FOUND,,,,,,,,6ff1e084d7e1de5bce526a9952c96fbb0f13b4f2c615b0fc30c055f88bfb5483,,EXACT_CANONICAL_NOT_FOUND,,,,,,,,ccfc7e3ca85c8b80aa96eb52d4e50e07e1811d28916b544280d8a4f1a043ba72,,EXACT_CANONICAL_NOT_FOUND,,,,,,,,e6e19630a9415359fba90888864d17313873a984ac79a3677c1d62aac943f991,
541,CAPRIFOLIACEAE,Centranthus calcitrape,,UNCHANGED,False,NO_RESPONSE_ALL_THREE_REVIEW_REQUIRED,,2026-08-19T20:12:35.255024+00:00,EXACT_CANONICAL_NOT_FOUND,,,,,,,,6ff1e084d7e1de5bce526a9952c96fbb0f13b4f2c615b0fc30c055f88bfb5483,,EXACT_CANONICAL_NOT_FOUND,,,,,,,,ccfc7e3ca85c8b80aa96eb52d4e50e07e1811d28916b544280d8a4f1a043ba72,,EXACT_CANONICAL_NOT_FOUND,,,,,,,,e6e19630a9415359fba90888864d17313873a984ac79a3677c1d62aac943f991,
579,ASTERACEAE,Chamaemelaum nobile,,UNCHANGED,False,NO_RESPONSE_ALL_THREE_REVIEW_REQUIRED,,2026-08-19T20:12:35.255689+00:00,EXACT_CANONICAL_NOT_FOUND,,,,,,,,6ff1e084d7e1de5bce526a9952c96fbb0f13b4f2c615b0fc30c055f88bfb5483,,EXACT_CANONICAL_NOT_FOUND,,,,,,,,ccfc7e3ca85c8b80aa96eb52d4e50e07e1811d28916b544280d8a4f1a043ba72,,EXACT_CANONICAL_NOT_FOUND,,,,,,,,e6e19630a9415359fba90888864d17313873a984ac79a3677c1d62aac943f991,
630,CISTACEAE,Cistus salvifolius,,UNCHANGED,False,NO_RESPONSE_ALL_THREE_REVIEW_REQUIRED,,2026-08-19T20:12:35.256538+00:00,EXACT_CANONICAL_NOT_FOUND,,,,,,,,6ff1e084d7e1de5bce526a9952c96fbb0f13b4f2c615b0fc30c055f88bfb5483,,EXACT_CANONICAL_NOT_FOUND,,,,,,,,ccfc7e3ca85c8b80aa96eb52d4e50e07e1811d28916b544280d8a4f1a043ba72,,EXACT_CANONICAL_NOT_FOUND,,,,,,,,e6e19630a9415359fba90888864d17313873a984ac79a3677c1d62aac943f991,
809,DRYOPTERIDACEAE,Dryopteris affinis var. borreri,,UNCHANGED,False,NO_RESPONSE_ALL_THREE_REVIEW_REQUIRED,,2026-08-19T20:12:35.260442+00:00,EXACT_CANONICAL_NOT_FOUND,,,,,,,,6ff1e084d7e1de5bce526a9952c96fbb0f13b4f2c615b0fc30c055f88bfb5483,,EXACT_CANONICAL_NOT_FOUND,,,,,,,,ccfc7e3ca85c8b80aa96eb52d4e50e07e1811d28916b544280d8a4f1a043ba72,,EXACT_CANONICAL_NOT_FOUND,,,,,,,,e6e19630a9415359fba90888864d17313873a984ac79a3677c1d62aac943f991,
820,DRYOPTERIDACEAE,Dryopteris x ambroseae,,UNCHANGED,False,NO_RESPONSE_ALL_THREE_REVIEW_REQUIRED,,2026-08-19T20:12:35.260628+00:00,EXACT_CANONICAL_NOT_FOUND,,,,,,,,6ff1e084d7e1de5bce526a9952c96fbb0f13b4f2c615b0fc30c055f88bfb5483,,EXACT_CANONICAL_NOT_FOUND,,,,,,,,ccfc7e3ca85c8b80aa96eb52d4e50e07e1811d28916b544280d8a4f1a043ba72,,EXACT_CANONICAL_NOT_FOUND,,,,,,,,e6e19630a9415359fba90888864d17313873a984ac79a3677c1d62aac943f991,
821,DRYOPTERIDACEAE,Dryopteris x mantoniae,,UNCHANGED,False,NO_RESPONSE_ALL_THREE_REVIEW_REQUIRED,,2026-08-19T20:12:35.260681+00:00,EXACT_CANONICAL_NOT_FOUND,,,,,,,,6ff1e084d7e1de5bce526a9952c96fbb0f13b4f2c615b0fc30c055f88bfb5483,,EXACT_CANONICAL_NOT_FOUND,,,,,,,,ccfc7e3ca85c8b80aa96eb52d4e50e07e1811d28916b544280d8a4f1a043ba72,,EXACT_CANONICAL_NOT_FOUND,,,,,,,,e6e19630a9415359fba90888864d17313873a984ac79a3677c1d62aac943f991,
834,CYPERACEAE,Eleocharis palustris subsp. walterssii,,UNCHANGED,False,NO_RESPONSE_ALL_THREE_REVIEW_REQUIRED,,2026-08-19T20:12:35.260909+00:00,EXACT_CANONICAL_NOT_FOUND,,,,,,,,6ff1e084d7e1de5bce526a9952c96fbb0f13b4f2c615b0fc30c055f88bfb5483,,EXACT_CANONICAL_NOT_FOUND,,,,,,,,ccfc7e3ca85c8b80aa96eb52d4e50e07e1811d28916b544280d8a4f1a043ba72,,EXACT_CANONICAL_NOT_FOUND,,,,,,,,e6e19630a9415359fba90888864d17313873a984ac79a3677c1d62aac943f991,
871,ORCHIDACEAE,Epipactis phyllantes,,UNCHANGED,False,NO_RESPONSE_ALL_THREE_REVIEW_REQUIRED,,2026-08-19T20:12:35.261520+00:00,EXACT_CANONICAL_NOT_FOUND,,,,,,,,6ff1e084d7e1de5bce526a9952c96fbb0f13b4f2c615b0fc30c055f88bfb5483,,EXACT_CANONICAL_NOT_FOUND,,,,,,,,ccfc7e3ca85c8b80aa96eb52d4e50e07e1811d28916b544280d8a4f1a043ba72,,EXACT_CANONICAL_NOT_FOUND,,,,,,,,e6e19630a9415359fba90888864d17313873a984ac79a3677c1d62aac943f991,
881,EQUISETACEAE,Equisetum x litorale,,UNCHANGED,False,NO_RESPONSE_ALL_THREE_REVIEW_REQUIRED,,2026-08-19T20:12:35.261707+00:00,EXACT_CANONICAL_NOT_FOUND,,,,,,,,6ff1e084d7e1de5bce526a9952c96fbb0f13b4f2c615b0fc30c055f88bfb5483,,EXACT_CANONICAL_NOT_FOUND,,,,,,,,ccfc7e3ca85c8b80aa96eb52d4e50e07e1811d28916b544280d8a4f1a043ba72,,EXACT_CANONICAL_NOT_FOUND,,,,,,,,e6e19630a9415359fba90888864d17313873a984ac79a3677c1d62aac943f991,
882,EQUISETACEAE,Equisetum x moorei,,UNCHANGED,False,NO_RESPONSE_ALL_THREE_REVIEW_REQUIRED,,2026-08-19T20:12:35.261723+00:00,EXACT_CANONICAL_NOT_FOUND,,,,,,,,6ff1e084d7e1de5bce526a9952c96fbb0f13b4f2c615b0fc30c055f88bfb5483,,EXACT_CANONICAL_NOT_FOUND,,,,,,,,ccfc7e3ca85c8b80aa96eb52d4e50e07e1811d28916b544280d8a4f1a043ba72,,EXACT_CANONICAL_NOT_FOUND,,,,,,,,e6e19630a9415359fba90888864d17313873a984ac79a3677c1d62aac943f991,
934,EUPHORBIACEAE,Euphorbia helioscopin subsp. helioscopioides,,UNCHANGED,False,NO_RESPONSE_ALL_THREE_REVIEW_REQUIRED,,2026-08-19T20:12:35.262590+00:00,EXACT_CANONICAL_NOT_FOUND,,,,,,,,6ff1e084d7e1de5bce526a9952c96fbb0f13b4f2c615b0fc30c055f88bfb5483,,EXACT_CANONICAL_NOT_FOUND,,,,,,,,ccfc7e3ca85c8b80aa96eb52d4e50e07e1811d28916b544280d8a4f1a043ba72,,EXACT_CANONICAL_NOT_FOUND,,,,,,,,e6e19630a9415359fba90888864d17313873a984ac79a3677c1d62aac943f991,
948,OROBANCHACEAE,Euphrasia officinalis subsp. rostkovina,,UNCHANGED,False,NO_RESPONSE_ALL_THREE_REVIEW_REQUIRED,,2026-08-19T20:12:35.262847+00:00,EXACT_CANONICAL_NOT_FOUND,,,,,,,,6ff1e084d7e1de5bce526a9952c96fbb0f13b4f2c615b0fc30c055f88bfb5483,,EXACT_CANONICAL_NOT_FOUND,,,,,,,,ccfc7e3ca85c8b80aa96eb52d4e50e07e1811d28916b544280d8a4f1a043ba72,,EXACT_CANONICAL_NOT_FOUND,,,,,,,,e6e19630a9415359fba90888864d17313873a984ac79a3677c1d62aac943f991,
963,POACEAE,Festuca carpetana,,UNCHANGED,False,NO_RESPONSE_ALL_THREE_REVIEW_REQUIRED,,2026-08-19T20:12:35.263095+00:00,EXACT_CANONICAL_NOT_FOUND,,,,,,,,6ff1e084d7e1de5bce526a9952c96fbb0f13b4f2c615b0fc30c055f88bfb5483,,EXACT_CANONICAL_NOT_FOUND,,,,,,,,ccfc7e3ca85c8b80aa96eb52d4e50e07e1811d28916b544280d8a4f1a043ba72,,EXACT_CANONICAL_NOT_FOUND,,,,,,,,e6e19630a9415359fba90888864d17313873a984ac79a3677c1d62aac943f991,
999,LILIACEAE,Fritillaria nervosa subsp. nervosa,,UNCHANGED,False,NO_RESPONSE_ALL_THREE_REVIEW_REQUIRED,,2026-08-19T20:12:35.263706+00:00,EXACT_CANONICAL_NOT_FOUND,,,,,,,,6ff1e084d7e1de5bce526a9952c96fbb0f13b4f2c615b0fc30c055f88bfb5483,,EXACT_CANONICAL_NOT_FOUND,,,,,,,,ccfc7e3ca85c8b80aa96eb52d4e50e07e1811d28916b544280d8a4f1a043ba72,,EXACT_CANONICAL_NOT_FOUND,,,,,,,,e6e19630a9415359fba90888864d17313873a984ac79a3677c1d62aac943f991,
1121,ASTERACEAE,Gnaphalium luteo-album,,UNCHANGED,False,NO_RESPONSE_ALL_THREE_REVIEW_REQUIRED,,2026-08-19T20:12:35.268038+00:00,EXACT_CANONICAL_NOT_FOUND,,,,,,,,6ff1e084d7e1de5bce526a9952c96fbb0f13b4f2c615b0fc30c055f88bfb5483,,EXACT_CANONICAL_NOT_FOUND,,,,,,,,ccfc7e3ca85c8b80aa96eb52d4e50e07e1811d28916b544280d8a4f1a043ba72,,EXACT_CANONICAL_NOT_FOUND,,,,,,,,e6e19630a9415359fba90888864d17313873a984ac79a3677c1d62aac943f991,
1166,CARYOPHYLLACEAE,Herniaria fruticosa var. fruticosa,,UNCHANGED,False,NO_RESPONSE_ALL_THREE_REVIEW_REQUIRED,,2026-08-19T20:12:35.269150+00:00,EXACT_CANONICAL_NOT_FOUND,,,,,,,,6ff1e084d7e1de5bce526a9952c96fbb0f13b4f2c615b0fc30c055f88bfb5483,,EXACT_CANONICAL_NOT_FOUND,,,,,,,,ccfc7e3ca85c8b80aa96eb52d4e50e07e1811d28916b544280d8a4f1a043ba72,,EXACT_CANONICAL_NOT_FOUND,,,,,,,,e6e19630a9415359fba90888864d17313873a984ac79a3677c1d62aac943f991,
1168,CARYOPHYLLACEAE,Herniaria glabra var. glabra,,UNCHANGED,False,NO_RESPONSE_ALL_THREE_REVIEW_REQUIRED,,2026-08-19T20:12:35.269183+00:00,EXACT_CANONICAL_NOT_FOUND,,,,,,,,6ff1e084d7e1de5bce526a9952c96fbb0f13b4f2c615b0fc30c055f88bfb5483,,EXACT_CANONICAL_NOT_FOUND,,,,,,,,ccfc7e3ca85c8b80aa96eb52d4e50e07e1811d28916b544280d8a4f1a043ba72,,EXACT_CANONICAL_NOT_FOUND,,,,,,,,e6e19630a9415359fba90888864d17313873a984ac79a3677c1d62aac943f991,
1173,CARYOPHYLLACEAE,Herniaria scabrida var. scabrida,,UNCHANGED,False,NO_RESPONSE_ALL_THREE_REVIEW_REQUIRED,,2026-08-19T20:12:35.269271+00:00,EXACT_CANONICAL_NOT_FOUND,,,,,,,,6ff1e084d7e1de5bce526a9952c96fbb0f13b4f2c615b0fc30c055f88bfb5483,,EXACT_CANONICAL_NOT_FOUND,,,,,,,,ccfc7e3ca85c8b80aa96eb52d4e50e07e1811d28916b544280d8a4f1a043ba72,,EXACT_CANONICAL_NOT_FOUND,,,,,,,,e6e19630a9415359fba90888864d17313873a984ac79a3677c1d62aac943f991,
1203,ASTERACEAE,Hieracium pulmorioides,,UNCHANGED,False,NO_RESPONSE_ALL_THREE_REVIEW_REQUIRED,,2026-08-19T20:12:35.269796+00:00,EXACT_CANONICAL_NOT_FOUND,,,,,,,,6ff1e084d7e1de5bce526a9952c96fbb0f13b4f2c615b0fc30c055f88bfb5483,,EXACT_CANONICAL_NOT_FOUND,,,,,,,,ccfc7e3ca85c8b80aa96eb52d4e50e07e1811d28916b544280d8a4f1a043ba72,,EXACT_CANONICAL_NOT_FOUND,,,,,,,,e6e19630a9415359fba90888864d17313873a984ac79a3677c1d62aac943f991,
1248,SOLANACEAE,Hyosciamus albus,,UNCHANGED,False,NO_RESPONSE_ALL_THREE_REVIEW_REQUIRED,,2026-08-19T20:12:35.270532+00:00,EXACT_CANONICAL_NOT_FOUND,,,,,,,,6ff1e084d7e1de5bce526a9952c96fbb0f13b4f2c615b0fc30c055f88bfb5483,,EXACT_CANONICAL_NOT_FOUND,,,,,,,,ccfc7e3ca85c8b80aa96eb52d4e50e07e1811d28916b544280d8a4f1a043ba72,,EXACT_CANONICAL_NOT_FOUND,,,,,,,,e6e19630a9415359fba90888864d17313873a984ac79a3677c1d62aac943f991,
1271,ASTERACEAE,Hypochoeris glabra,,UNCHANGED,False,NO_RESPONSE_ALL_THREE_REVIEW_REQUIRED,,2026-08-19T20:12:35.271558+00:00,EXACT_CANONICAL_NOT_FOUND,,,,,,,,6ff1e084d7e1de5bce526a9952c96fbb0f13b4f2c615b0fc30c055f88bfb5483,,EXACT_CANONICAL_NOT_FOUND,,,,,,,,ccfc7e3ca85c8b80aa96eb52d4e50e07e1811d28916b544280d8a4f1a043ba72,,EXACT_CANONICAL_NOT_FOUND,,,,,,,,e6e19630a9415359fba90888864d17313873a984ac79a3677c1d62aac943f991,
1272,ASTERACEAE,Hypochoeris radicata,,UNCHANGED,False,NO_RESPONSE_ALL_THREE_REVIEW_REQUIRED,,2026-08-19T20:12:35.271587+00:00,EXACT_CANONICAL_NOT_FOUND,,,,,,,,6ff1e084d7e1de5bce526a9952c96fbb0f13b4f2c615b0fc30c055f88bfb5483,,EXACT_CANONICAL_NOT_FOUND,,,,,,,,ccfc7e3ca85c8b80aa96eb52d4e50e07e1811d28916b544280d8a4f1a043ba72,,EXACT_CANONICAL_NOT_FOUND,,,,,,,,e6e19630a9415359fba90888864d17313873a984ac79a3677c1d62aac943f991,
1305,CAMPANULACEAE,Jasione sessilifolia,,UNCHANGED,False,NO_RESPONSE_ALL_THREE_REVIEW_REQUIRED,,2026-08-19T20:12:35.272731+00:00,EXACT_CANONICAL_NOT_FOUND,,,,,,,,6ff1e084d7e1de5bce526a9952c96fbb0f13b4f2c615b0fc30c055f88bfb5483,,EXACT_CANONICAL_NOT_FOUND,,,,,,,,ccfc7e3ca85c8b80aa96eb52d4e50e07e1811d28916b544280d8a4f1a043ba72,,EXACT_CANONICAL_NOT_FOUND,,,,,,,,e6e19630a9415359fba90888864d17313873a984ac79a3677c1d62aac943f991,
1325,JUNCACEAE,Juncus gerardii,,UNCHANGED,False,NO_RESPONSE_ALL_THREE_REVIEW_REQUIRED,,2026-08-19T20:12:35.273207+00:00,EXACT_CANONICAL_NOT_FOUND,,,,,,,,6ff1e084d7e1de5bce526a9952c96fbb0f13b4f2c615b0fc30c055f88bfb5483,,EXACT_CANONICAL_NOT_FOUND,,,,,,,,ccfc7e3ca85c8b80aa96eb52d4e50e07e1811d28916b544280d8a4f1a043ba72,,EXACT_CANONICAL_NOT_FOUND,,,,,,,,e6e19630a9415359fba90888864d17313873a984ac79a3677c1d62aac943f991,
1328,JUNCACEAE,Juncus inflexus var. inflexus,,UNCHANGED,False,NO_RESPONSE_ALL_THREE_REVIEW_REQUIRED,,2026-08-19T20:12:35.273262+00:00,EXACT_CANONICAL_NOT_FOUND,,,,,,,,6ff1e084d7e1de5bce526a9952c96fbb0f13b4f2c615b0fc30c055f88bfb5483,,EXACT_CANONICAL_NOT_FOUND,,,,,,,,ccfc7e3ca85c8b80aa96eb52d4e50e07e1811d28916b544280d8a4f1a043ba72,,EXACT_CANONICAL_NOT_FOUND,,,,,,,,e6e19630a9415359fba90888864d17313873a984ac79a3677c1d62aac943f991,
1345,PLANTAGINACEAE,Kicksia elatine,,UNCHANGED,False,NO_RESPONSE_ALL_THREE_REVIEW_REQUIRED,,2026-08-19T20:12:35.273549+00:00,EXACT_CANONICAL_NOT_FOUND,,,,,,,,6ff1e084d7e1de5bce526a9952c96fbb0f13b4f2c615b0fc30c055f88bfb5483,,EXACT_CANONICAL_NOT_FOUND,,,,,,,,ccfc7e3ca85c8b80aa96eb52d4e50e07e1811d28916b544280d8a4f1a043ba72,,EXACT_CANONICAL_NOT_FOUND,,,,,,,,e6e19630a9415359fba90888864d17313873a984ac79a3677c1d62aac943f991,
1382,PINACEAE,Larix x eurolepis,,UNCHANGED,False,NO_RESPONSE_ALL_THREE_REVIEW_REQUIRED,,2026-08-19T20:12:35.274212+00:00,EXACT_CANONICAL_NOT_FOUND,,,,,,,,6ff1e084d7e1de5bce526a9952c96fbb0f13b4f2c615b0fc30c055f88bfb5483,,EXACT_CANONICAL_NOT_FOUND,,,,,,,,ccfc7e3ca85c8b80aa96eb52d4e50e07e1811d28916b544280d8a4f1a043ba72,,EXACT_CANONICAL_NOT_FOUND,,,,,,,,e6e19630a9415359fba90888864d17313873a984ac79a3677c1d62aac943f991,
1438,ASTERACEAE,Leucanthemum vulgare subsp. pujulae,,UNCHANGED,False,NO_RESPONSE_ALL_THREE_REVIEW_REQUIRED,,2026-08-19T20:12:35.275159+00:00,EXACT_CANONICAL_NOT_FOUND,,,,,,,,6ff1e084d7e1de5bce526a9952c96fbb0f13b4f2c615b0fc30c055f88bfb5483,,EXACT_CANONICAL_NOT_FOUND,,,,,,,,ccfc7e3ca85c8b80aa96eb52d4e50e07e1811d28916b544280d8a4f1a043ba72,,EXACT_CANONICAL_NOT_FOUND,,,,,,,,e6e19630a9415359fba90888864d17313873a984ac79a3677c1d62aac943f991,
1465,PLUMBAGINACEAE,Linomium paui,,UNCHANGED,False,NO_RESPONSE_ALL_THREE_REVIEW_REQUIRED,,2026-08-19T20:12:35.275593+00:00,EXACT_CANONICAL_NOT_FOUND,,,,,,,,6ff1e084d7e1de5bce526a9952c96fbb0f13b4f2c615b0fc30c055f88bfb5483,,EXACT_CANONICAL_NOT_FOUND,,,,,,,,ccfc7e3ca85c8b80aa96eb52d4e50e07e1811d28916b544280d8a4f1a043ba72,,EXACT_CANONICAL_NOT_FOUND,,,,,,,,e6e19630a9415359fba90888864d17313873a984ac79a3677c1d62aac943f991,
1474,LINACEAE,Linum suffruticosum subsp. diferens,,UNCHANGED,False,NO_RESPONSE_ALL_THREE_REVIEW_REQUIRED,,2026-08-19T20:12:35.275760+00:00,EXACT_CANONICAL_NOT_FOUND,,,,,,,,6ff1e084d7e1de5bce526a9952c96fbb0f13b4f2c615b0fc30c055f88bfb5483,,EXACT_CANONICAL_NOT_FOUND,,,,,,,,ccfc7e3ca85c8b80aa96eb52d4e50e07e1811d28916b544280d8a4f1a043ba72,,EXACT_CANONICAL_NOT_FOUND,,,,,,,,e6e19630a9415359fba90888864d17313873a984ac79a3677c1d62aac943f991,
1533,PRIMULACEAE,Lysimachia nemorun,,UNCHANGED,False,NO_RESPONSE_ALL_THREE_REVIEW_REQUIRED,,2026-08-19T20:12:35.277660+00:00,EXACT_CANONICAL_NOT_FOUND,,,,,,,,6ff1e084d7e1de5bce526a9952c96fbb0f13b4f2c615b0fc30c055f88bfb5483,,EXACT_CANONICAL_NOT_FOUND,,,,,,,,ccfc7e3ca85c8b80aa96eb52d4e50e07e1811d28916b544280d8a4f1a043ba72,,EXACT_CANONICAL_NOT_FOUND,,,,,,,,e6e19630a9415359fba90888864d17313873a984ac79a3677c1d62aac943f991,
1540,SCROPHULARIACEAE,Macrosyrhingion longiflorum,,UNCHANGED,False,NO_RESPONSE_ALL_THREE_REVIEW_REQUIRED,,2026-08-19T20:12:35.277864+00:00,EXACT_CANONICAL_NOT_FOUND,,,,,,,,6ff1e084d7e1de5bce526a9952c96fbb0f13b4f2c615b0fc30c055f88bfb5483,,EXACT_CANONICAL_NOT_FOUND,,,,,,,,ccfc7e3ca85c8b80aa96eb52d4e50e07e1811d28916b544280d8a4f1a043ba72,,EXACT_CANONICAL_NOT_FOUND,,,,,,,,e6e19630a9415359fba90888864d17313873a984ac79a3677c1d62aac943f991,
1598,LAMIACEAE,Mentha x dumetorum,,UNCHANGED,False,NO_RESPONSE_ALL_THREE_REVIEW_REQUIRED,,2026-08-19T20:12:35.279516+00:00,EXACT_CANONICAL_NOT_FOUND,,,,,,,,6ff1e084d7e1de5bce526a9952c96fbb0f13b4f2c615b0fc30c055f88bfb5483,,EXACT_CANONICAL_NOT_FOUND,,,,,,,,ccfc7e3ca85c8b80aa96eb52d4e50e07e1811d28916b544280d8a4f1a043ba72,,EXACT_CANONICAL_NOT_FOUND,,,,,,,,e6e19630a9415359fba90888864d17313873a984ac79a3677c1d62aac943f991,
1647,BORAGINACEAE,Myosotis laxa subsp. caespitosa,,UNCHANGED,False,NO_RESPONSE_ALL_THREE_REVIEW_REQUIRED,,2026-08-19T20:12:35.280373+00:00,EXACT_CANONICAL_NOT_FOUND,,,,,,,,6ff1e084d7e1de5bce526a9952c96fbb0f13b4f2c615b0fc30c055f88bfb5483,,EXACT_CANONICAL_NOT_FOUND,,,,,,,,ccfc7e3ca85c8b80aa96eb52d4e50e07e1811d28916b544280d8a4f1a043ba72,,EXACT_CANONICAL_NOT_FOUND,,,,,,,,e6e19630a9415359fba90888864d17313873a984ac79a3677c1d62aac943f991,
1674,POACEAE,Neoschischkinia truncatula subsp. duriaei,,UNCHANGED,False,NO_RESPONSE_ALL_THREE_REVIEW_REQUIRED,,2026-08-19T20:12:35.280853+00:00,EXACT_CANONICAL_NOT_FOUND,,,,,,,,6ff1e084d7e1de5bce526a9952c96fbb0f13b4f2c615b0fc30c055f88bfb5483,,EXACT_CANONICAL_NOT_FOUND,,,,,,,,ccfc7e3ca85c8b80aa96eb52d4e50e07e1811d28916b544280d8a4f1a043ba72,,EXACT_CANONICAL_NOT_FOUND,,,,,,,,e6e19630a9415359fba90888864d17313873a984ac79a3677c1d62aac943f991,
1693,OROBANCHACEAE,Odontites longiflora,,UNCHANGED,False,NO_RESPONSE_ALL_THREE_REVIEW_REQUIRED,,2026-08-19T20:12:35.281162+00:00,EXACT_CANONICAL_NOT_FOUND,,,,,,,,6ff1e084d7e1de5bce526a9952c96fbb0f13b4f2c615b0fc30c055f88bfb5483,,EXACT_CANONICAL_NOT_FOUND,,,,,,,,ccfc7e3ca85c8b80aa96eb52d4e50e07e1811d28916b544280d8a4f1a043ba72,,EXACT_CANONICAL_NOT_FOUND,,,,,,,,e6e19630a9415359fba90888864d17313873a984ac79a3677c1d62aac943f991,
1696,OROBANCHACEAE,Odontites verna,,UNCHANGED,False,NO_RESPONSE_ALL_THREE_REVIEW_REQUIRED,,2026-08-19T20:12:35.281211+00:00,EXACT_CANONICAL_NOT_FOUND,,,,,,,,6ff1e084d7e1de5bce526a9952c96fbb0f13b4f2c615b0fc30c055f88bfb5483,,EXACT_CANONICAL_NOT_FOUND,,,,,,,,ccfc7e3ca85c8b80aa96eb52d4e50e07e1811d28916b544280d8a4f1a043ba72,,EXACT_CANONICAL_NOT_FOUND,,,,,,,,e6e19630a9415359fba90888864d17313873a984ac79a3677c1d62aac943f991,
1697,OROBANCHACEAE,Odontites verna subsp. serotina,,UNCHANGED,False,NO_RESPONSE_ALL_THREE_REVIEW_REQUIRED,,2026-08-19T20:12:35.281227+00:00,EXACT_CANONICAL_NOT_FOUND,,,,,,,,6ff1e084d7e1de5bce526a9952c96fbb0f13b4f2c615b0fc30c055f88bfb5483,,EXACT_CANONICAL_NOT_FOUND,,,,,,,,ccfc7e3ca85c8b80aa96eb52d4e50e07e1811d28916b544280d8a4f1a043ba72,,EXACT_CANONICAL_NOT_FOUND,,,,,,,,e6e19630a9415359fba90888864d17313873a984ac79a3677c1d62aac943f991,
1698,OROBANCHACEAE,Odontites verna subsp. verna,,UNCHANGED,False,NO_RESPONSE_ALL_THREE_REVIEW_REQUIRED,,2026-08-19T20:12:35.281244+00:00,EXACT_CANONICAL_NOT_FOUND,,,,,,,,6ff1e084d7e1de5bce526a9952c96fbb0f13b4f2c615b0fc30c055f88bfb5483,,EXACT_CANONICAL_NOT_FOUND,,,,,,,,ccfc7e3ca85c8b80aa96eb52d4e50e07e1811d28916b544280d8a4f1a043ba72,,EXACT_CANONICAL_NOT_FOUND,,,,,,,,e6e19630a9415359fba90888864d17313873a984ac79a3677c1d62aac943f991,
1700,OROBANCHACEAE,Odontites viscosa,,UNCHANGED,False,NO_RESPONSE_ALL_THREE_REVIEW_REQUIRED,,2026-08-19T20:12:35.281274+00:00,EXACT_CANONICAL_NOT_FOUND,,,,,,,,6ff1e084d7e1de5bce526a9952c96fbb0f13b4f2c615b0fc30c055f88bfb5483,,EXACT_CANONICAL_NOT_FOUND,,,,,,,,ccfc7e3ca85c8b80aa96eb52d4e50e07e1811d28916b544280d8a4f1a043ba72,,EXACT_CANONICAL_NOT_FOUND,,,,,,,,e6e19630a9415359fba90888864d17313873a984ac79a3677c1d62aac943f991,
1703,APIACEAE,Oenanthe hispanica,,UNCHANGED,True,NO_RESPONSE_ALL_THREE_REVIEW_REQUIRED,,2026-08-19T20:12:35.281322+00:00,EXACT_CANONICAL_NOT_FOUND,,,,,,,,6ff1e084d7e1de5bce526a9952c96fbb0f13b4f2c615b0fc30c055f88bfb5483,,EXACT_CANONICAL_NOT_FOUND,,,,,,,,ccfc7e3ca85c8b80aa96eb52d4e50e07e1811d28916b544280d8a4f1a043ba72,,EXACT_CANONICAL_NOT_FOUND,,,,,,,,e6e19630a9415359fba90888864d17313873a984ac79a3677c1d62aac943f991,
1705,APIACEAE,Oenanthe leucura,,UNCHANGED,True,NO_RESPONSE_ALL_THREE_REVIEW_REQUIRED,,2026-08-19T20:12:35.281354+00:00,EXACT_CANONICAL_NOT_FOUND,,,,,,,,6ff1e084d7e1de5bce526a9952c96fbb0f13b4f2c615b0fc30c055f88bfb5483,,EXACT_CANONICAL_NOT_FOUND,,,,,,,,ccfc7e3ca85c8b80aa96eb52d4e50e07e1811d28916b544280d8a4f1a043ba72,,EXACT_CANONICAL_NOT_FOUND,,,,,,,,e6e19630a9415359fba90888864d17313873a984ac79a3677c1d62aac943f991,
1706,APIACEAE,Oenanthe oenanthe,,UNCHANGED,True,NO_RESPONSE_ALL_THREE_REVIEW_REQUIRED,,2026-08-19T20:12:35.281368+00:00,EXACT_CANONICAL_NOT_FOUND,,,,,,,,6ff1e084d7e1de5bce526a9952c96fbb0f13b4f2c615b0fc30c055f88bfb5483,,EXACT_CANONICAL_NOT_FOUND,,,,,,,,ccfc7e3ca85c8b80aa96eb52d4e50e07e1811d28916b544280d8a4f1a043ba72,,EXACT_CANONICAL_NOT_FOUND,,,,,,,,e6e19630a9415359fba90888864d17313873a984ac79a3677c1d62aac943f991,
1732,ASTERACEAE,Onopordon acanthium,,UNCHANGED,False,NO_RESPONSE_ALL_THREE_REVIEW_REQUIRED,,2026-08-19T20:12:35.281819+00:00,EXACT_CANONICAL_NOT_FOUND,,,,,,,,6ff1e084d7e1de5bce526a9952c96fbb0f13b4f2c615b0fc30c055f88bfb5483,,EXACT_CANONICAL_NOT_FOUND,,,,,,,,ccfc7e3ca85c8b80aa96eb52d4e50e07e1811d28916b544280d8a4f1a043ba72,,EXACT_CANONICAL_NOT_FOUND,,,,,,,,e6e19630a9415359fba90888864d17313873a984ac79a3677c1d62aac943f991,
1733,ASTERACEAE,Onopordon corymbosum,,UNCHANGED,False,NO_RESPONSE_ALL_THREE_REVIEW_REQUIRED,,2026-08-19T20:12:35.281834+00:00,EXACT_CANONICAL_NOT_FOUND,,,,,,,,6ff1e084d7e1de5bce526a9952c96fbb0f13b4f2c615b0fc30c055f88bfb5483,,EXACT_CANONICAL_NOT_FOUND,,,,,,,,ccfc7e3ca85c8b80aa96eb52d4e50e07e1811d28916b544280d8a4f1a043ba72,,EXACT_CANONICAL_NOT_FOUND,,,,,,,,e6e19630a9415359fba90888864d17313873a984ac79a3677c1d62aac943f991,
1734,ASTERACEAE,Onopordon nervosum,,UNCHANGED,False,NO_RESPONSE_ALL_THREE_REVIEW_REQUIRED,,2026-08-19T20:12:35.281850+00:00,EXACT_CANONICAL_NOT_FOUND,,,,,,,,6ff1e084d7e1de5bce526a9952c96fbb0f13b4f2c615b0fc30c055f88bfb5483,,EXACT_CANONICAL_NOT_FOUND,,,,,,,,ccfc7e3ca85c8b80aa96eb52d4e50e07e1811d28916b544280d8a4f1a043ba72,,EXACT_CANONICAL_NOT_FOUND,,,,,,,,e6e19630a9415359fba90888864d17313873a984ac79a3677c1d62aac943f991,
1762,ORCHIDACEAE,Ophrys x manfredoniae,,UNCHANGED,False,NO_RESPONSE_ALL_THREE_REVIEW_REQUIRED,,2026-08-19T20:12:35.282890+00:00,EXACT_CANONICAL_NOT_FOUND,,,,,,,,6ff1e084d7e1de5bce526a9952c96fbb0f13b4f2c615b0fc30c055f88bfb5483,,EXACT_CANONICAL_NOT_FOUND,,,,,,,,ccfc7e3ca85c8b80aa96eb52d4e50e07e1811d28916b544280d8a4f1a043ba72,,EXACT_CANONICAL_NOT_FOUND,,,,,,,,e6e19630a9415359fba90888864d17313873a984ac79a3677c1d62aac943f991,
1819,CARYOPHYLLACEAE,Paronychia capitata var. capitata,,UNCHANGED,False,NO_RESPONSE_ALL_THREE_REVIEW_REQUIRED,,2026-08-19T20:12:35.283979+00:00,EXACT_CANONICAL_NOT_FOUND,,,,,,,,6ff1e084d7e1de5bce526a9952c96fbb0f13b4f2c615b0fc30c055f88bfb5483,,EXACT_CANONICAL_NOT_FOUND,,,,,,,,ccfc7e3ca85c8b80aa96eb52d4e50e07e1811d28916b544280d8a4f1a043ba72,,EXACT_CANONICAL_NOT_FOUND,,,,,,,,e6e19630a9415359fba90888864d17313873a984ac79a3677c1d62aac943f991,
1833,POLYGONACEAE,Persicaria minus,,UNCHANGED,False,NO_RESPONSE_ALL_THREE_REVIEW_REQUIRED,,2026-08-19T20:12:35.284207+00:00,EXACT_CANONICAL_NOT_FOUND,,,,,,,,6ff1e084d7e1de5bce526a9952c96fbb0f13b4f2c615b0fc30c055f88bfb5483,,EXACT_CANONICAL_NOT_FOUND,,,,,,,,ccfc7e3ca85c8b80aa96eb52d4e50e07e1811d28916b544280d8a4f1a043ba72,,EXACT_CANONICAL_NOT_FOUND,,,,,,,,e6e19630a9415359fba90888864d17313873a984ac79a3677c1d62aac943f991,
1843,ASTERACEAE,Phagnalon saxatilis,,UNCHANGED,False,NO_RESPONSE_ALL_THREE_REVIEW_REQUIRED,,2026-08-19T20:12:35.284380+00:00,EXACT_CANONICAL_NOT_FOUND,,,,,,,,6ff1e084d7e1de5bce526a9952c96fbb0f13b4f2c615b0fc30c055f88bfb5483,,EXACT_CANONICAL_NOT_FOUND,,,,,,,,ccfc7e3ca85c8b80aa96eb52d4e50e07e1811d28916b544280d8a4f1a043ba72,,EXACT_CANONICAL_NOT_FOUND,,,,,,,,e6e19630a9415359fba90888864d17313873a984ac79a3677c1d62aac943f991,
1869,PINACEAE,Picea abies subsp. abies,,UNCHANGED,False,NO_RESPONSE_ALL_THREE_REVIEW_REQUIRED,,2026-08-19T20:12:35.284821+00:00,EXACT_CANONICAL_NOT_FOUND,,,,,,,,6ff1e084d7e1de5bce526a9952c96fbb0f13b4f2c615b0fc30c055f88bfb5483,,EXACT_CANONICAL_NOT_FOUND,,,,,,,,ccfc7e3ca85c8b80aa96eb52d4e50e07e1811d28916b544280d8a4f1a043ba72,,EXACT_CANONICAL_NOT_FOUND,,,,,,,,e6e19630a9415359fba90888864d17313873a984ac79a3677c1d62aac943f991,
1924,ORCHIDACEAE,Platanthera clorantha,,UNCHANGED,False,NO_RESPONSE_ALL_THREE_REVIEW_REQUIRED,,2026-08-19T20:12:35.285717+00:00,EXACT_CANONICAL_NOT_FOUND,,,,,,,,6ff1e084d7e1de5bce526a9952c96fbb0f13b4f2c615b0fc30c055f88bfb5483,,EXACT_CANONICAL_NOT_FOUND,,,,,,,,ccfc7e3ca85c8b80aa96eb52d4e50e07e1811d28916b544280d8a4f1a043ba72,,EXACT_CANONICAL_NOT_FOUND,,,,,,,,e6e19630a9415359fba90888864d17313873a984ac79a3677c1d62aac943f991,
1969,POLYPODIACEAE,Polypodium x mantoniae,,UNCHANGED,False,NO_RESPONSE_ALL_THREE_REVIEW_REQUIRED,,2026-08-19T20:12:35.286443+00:00,EXACT_CANONICAL_NOT_FOUND,,,,,,,,6ff1e084d7e1de5bce526a9952c96fbb0f13b4f2c615b0fc30c055f88bfb5483,,EXACT_CANONICAL_NOT_FOUND,,,,,,,,ccfc7e3ca85c8b80aa96eb52d4e50e07e1811d28916b544280d8a4f1a043ba72,,EXACT_CANONICAL_NOT_FOUND,,,,,,,,e6e19630a9415359fba90888864d17313873a984ac79a3677c1d62aac943f991,
1970,POLYPODIACEAE,Polypodium x shivasiae,,UNCHANGED,False,NO_RESPONSE_ALL_THREE_REVIEW_REQUIRED,,2026-08-19T20:12:35.286459+00:00,EXACT_CANONICAL_NOT_FOUND,,,,,,,,6ff1e084d7e1de5bce526a9952c96fbb0f13b4f2c615b0fc30c055f88bfb5483,,EXACT_CANONICAL_NOT_FOUND,,,,,,,,ccfc7e3ca85c8b80aa96eb52d4e50e07e1811d28916b544280d8a4f1a043ba72,,EXACT_CANONICAL_NOT_FOUND,,,,,,,,e6e19630a9415359fba90888864d17313873a984ac79a3677c1d62aac943f991,
1977,DRYOPTERIDACEAE,Polystichum x bicknellii,,UNCHANGED,False,NO_RESPONSE_ALL_THREE_REVIEW_REQUIRED,,2026-08-19T20:12:35.286573+00:00,EXACT_CANONICAL_NOT_FOUND,,,,,,,,6ff1e084d7e1de5bce526a9952c96fbb0f13b4f2c615b0fc30c055f88bfb5483,,EXACT_CANONICAL_NOT_FOUND,,,,,,,,ccfc7e3ca85c8b80aa96eb52d4e50e07e1811d28916b544280d8a4f1a043ba72,,EXACT_CANONICAL_NOT_FOUND,,,,,,,,e6e19630a9415359fba90888864d17313873a984ac79a3677c1d62aac943f991,
1978,DRYOPTERIDACEAE,Polystichum x illyricum,,UNCHANGED,False,NO_RESPONSE_ALL_THREE_REVIEW_REQUIRED,,2026-08-19T20:12:35.286590+00:00,EXACT_CANONICAL_NOT_FOUND,,,,,,,,6ff1e084d7e1de5bce526a9952c96fbb0f13b4f2c615b0fc30c055f88bfb5483,,EXACT_CANONICAL_NOT_FOUND,,,,,,,,ccfc7e3ca85c8b80aa96eb52d4e50e07e1811d28916b544280d8a4f1a043ba72,,EXACT_CANONICAL_NOT_FOUND,,,,,,,,e6e19630a9415359fba90888864d17313873a984ac79a3677c1d62aac943f991,
1983,SALICACEAE,Populus x canadensis,,UNCHANGED,False,NO_RESPONSE_ALL_THREE_REVIEW_REQUIRED,,2026-08-19T20:12:35.286690+00:00,EXACT_CANONICAL_NOT_FOUND,,,,,,,,6ff1e084d7e1de5bce526a9952c96fbb0f13b4f2c615b0fc30c055f88bfb5483,,EXACT_CANONICAL_NOT_FOUND,,,,,,,,ccfc7e3ca85c8b80aa96eb52d4e50e07e1811d28916b544280d8a4f1a043ba72,,EXACT_CANONICAL_NOT_FOUND,,,,,,,,e6e19630a9415359fba90888864d17313873a984ac79a3677c1d62aac943f991,
2041,ASTERACEAE,Pulicaria dysenterica subsp. hispanica,,UNCHANGED,False,NO_RESPONSE_ALL_THREE_REVIEW_REQUIRED,,2026-08-19T20:12:35.288452+00:00,EXACT_CANONICAL_NOT_FOUND,,,,,,,,6ff1e084d7e1de5bce526a9952c96fbb0f13b4f2c615b0fc30c055f88bfb5483,,EXACT_CANONICAL_NOT_FOUND,,,,,,,,ccfc7e3ca85c8b80aa96eb52d4e50e07e1811d28916b544280d8a4f1a043ba72,,EXACT_CANONICAL_NOT_FOUND,,,,,,,,e6e19630a9415359fba90888864d17313873a984ac79a3677c1d62aac943f991,
2061,RANUNCULACEAE,Ranunculus aconitifoius,,UNCHANGED,False,NO_RESPONSE_ALL_THREE_REVIEW_REQUIRED,,2026-08-19T20:12:35.288840+00:00,EXACT_CANONICAL_NOT_FOUND,,,,,,,,6ff1e084d7e1de5bce526a9952c96fbb0f13b4f2c615b0fc30c055f88bfb5483,,EXACT_CANONICAL_NOT_FOUND,,,,,,,,ccfc7e3ca85c8b80aa96eb52d4e50e07e1811d28916b544280d8a4f1a043ba72,,EXACT_CANONICAL_NOT_FOUND,,,,,,,,e6e19630a9415359fba90888864d17313873a984ac79a3677c1d62aac943f991,
2088,RANUNCULACEAE,Ranunculus peltatus var. peltatus,,UNCHANGED,False,NO_RESPONSE_ALL_THREE_REVIEW_REQUIRED,,2026-08-19T20:12:35.289296+00:00,EXACT_CANONICAL_NOT_FOUND,,,,,,,,6ff1e084d7e1de5bce526a9952c96fbb0f13b4f2c615b0fc30c055f88bfb5483,,EXACT_CANONICAL_NOT_FOUND,,,,,,,,ccfc7e3ca85c8b80aa96eb52d4e50e07e1811d28916b544280d8a4f1a043ba72,,EXACT_CANONICAL_NOT_FOUND,,,,,,,,e6e19630a9415359fba90888864d17313873a984ac79a3677c1d62aac943f991,
2115,RHAMNACEAE,Rhamnus alaternus subsp. munyozgarmediae,,UNCHANGED,False,NO_RESPONSE_ALL_THREE_REVIEW_REQUIRED,,2026-08-19T20:12:35.289774+00:00,EXACT_CANONICAL_NOT_FOUND,,,,,,,,6ff1e084d7e1de5bce526a9952c96fbb0f13b4f2c615b0fc30c055f88bfb5483,,EXACT_CANONICAL_NOT_FOUND,,,,,,,,ccfc7e3ca85c8b80aa96eb52d4e50e07e1811d28916b544280d8a4f1a043ba72,,EXACT_CANONICAL_NOT_FOUND,,,,,,,,e6e19630a9415359fba90888864d17313873a984ac79a3677c1d62aac943f991,
2144,ROSACEAE,Rosa blondeana,,UNCHANGED,False,NO_RESPONSE_ALL_THREE_REVIEW_REQUIRED,,2026-08-19T20:12:35.290250+00:00,EXACT_CANONICAL_NOT_FOUND,,,,,,,,6ff1e084d7e1de5bce526a9952c96fbb0f13b4f2c615b0fc30c055f88bfb5483,,EXACT_CANONICAL_NOT_FOUND,,,,,,,,ccfc7e3ca85c8b80aa96eb52d4e50e07e1811d28916b544280d8a4f1a043ba72,,EXACT_CANONICAL_NOT_FOUND,,,,,,,,e6e19630a9415359fba90888864d17313873a984ac79a3677c1d62aac943f991,
2166,ROSACEAE,Rubus caesius x R. ulmifolius,,UNCHANGED,False,NO_RESPONSE_ALL_THREE_REVIEW_REQUIRED,,2026-08-19T20:12:35.290608+00:00,EXACT_CANONICAL_NOT_FOUND,,,,,,,,6ff1e084d7e1de5bce526a9952c96fbb0f13b4f2c615b0fc30c055f88bfb5483,,EXACT_CANONICAL_NOT_FOUND,,,,,,,,ccfc7e3ca85c8b80aa96eb52d4e50e07e1811d28916b544280d8a4f1a043ba72,,EXACT_CANONICAL_NOT_FOUND,,,,,,,,e6e19630a9415359fba90888864d17313873a984ac79a3677c1d62aac943f991,
2210,SALICACEAE,Salix atrocinerea x S. caprea,,UNCHANGED,False,NO_RESPONSE_ALL_THREE_REVIEW_REQUIRED,,2026-08-19T20:12:35.291346+00:00,EXACT_CANONICAL_NOT_FOUND,,,,,,,,6ff1e084d7e1de5bce526a9952c96fbb0f13b4f2c615b0fc30c055f88bfb5483,,EXACT_CANONICAL_NOT_FOUND,,,,,,,,ccfc7e3ca85c8b80aa96eb52d4e50e07e1811d28916b544280d8a4f1a043ba72,,EXACT_CANONICAL_NOT_FOUND,,,,,,,,e6e19630a9415359fba90888864d17313873a984ac79a3677c1d62aac943f991,
2218,SALICACEAE,Salix salvifolia,,UNCHANGED,False,NO_RESPONSE_ALL_THREE_REVIEW_REQUIRED,,2026-08-19T20:12:35.291474+00:00,EXACT_CANONICAL_NOT_FOUND,,,,,,,,6ff1e084d7e1de5bce526a9952c96fbb0f13b4f2c615b0fc30c055f88bfb5483,,EXACT_CANONICAL_NOT_FOUND,,,,,,,,ccfc7e3ca85c8b80aa96eb52d4e50e07e1811d28916b544280d8a4f1a043ba72,,EXACT_CANONICAL_NOT_FOUND,,,,,,,,e6e19630a9415359fba90888864d17313873a984ac79a3677c1d62aac943f991,
2221,SALICACEAE,Salix x neotricha,,UNCHANGED,False,NO_RESPONSE_ALL_THREE_REVIEW_REQUIRED,,2026-08-19T20:12:35.291524+00:00,EXACT_CANONICAL_NOT_FOUND,,,,,,,,6ff1e084d7e1de5bce526a9952c96fbb0f13b4f2c615b0fc30c055f88bfb5483,,EXACT_CANONICAL_NOT_FOUND,,,,,,,,ccfc7e3ca85c8b80aa96eb52d4e50e07e1811d28916b544280d8a4f1a043ba72,,EXACT_CANONICAL_NOT_FOUND,,,,,,,,e6e19630a9415359fba90888864d17313873a984ac79a3677c1d62aac943f991,
2222,SALICACEAE,Salix x rubens,,UNCHANGED,False,NO_RESPONSE_ALL_THREE_REVIEW_REQUIRED,,2026-08-19T20:12:35.291542+00:00,EXACT_CANONICAL_NOT_FOUND,,,,,,,,6ff1e084d7e1de5bce526a9952c96fbb0f13b4f2c615b0fc30c055f88bfb5483,,EXACT_CANONICAL_NOT_FOUND,,,,,,,,ccfc7e3ca85c8b80aa96eb52d4e50e07e1811d28916b544280d8a4f1a043ba72,,EXACT_CANONICAL_NOT_FOUND,,,,,,,,e6e19630a9415359fba90888864d17313873a984ac79a3677c1d62aac943f991,
2251,SAXIFRAGACEAE,Saxifraga cuneata x S. losae,,UNCHANGED,False,NO_RESPONSE_ALL_THREE_REVIEW_REQUIRED,,2026-08-19T20:12:35.292038+00:00,EXACT_CANONICAL_NOT_FOUND,,,,,,,,6ff1e084d7e1de5bce526a9952c96fbb0f13b4f2c615b0fc30c055f88bfb5483,,EXACT_CANONICAL_NOT_FOUND,,,,,,,,ccfc7e3ca85c8b80aa96eb52d4e50e07e1811d28916b544280d8a4f1a043ba72,,EXACT_CANONICAL_NOT_FOUND,,,,,,,,e6e19630a9415359fba90888864d17313873a984ac79a3677c1d62aac943f991,
2263,SAXIFRAGACEAE,Saxifraga x arizagae,,UNCHANGED,False,NO_RESPONSE_ALL_THREE_REVIEW_REQUIRED,,2026-08-19T20:12:35.292944+00:00,EXACT_CANONICAL_NOT_FOUND,,,,,,,,6ff1e084d7e1de5bce526a9952c96fbb0f13b4f2c615b0fc30c055f88bfb5483,,EXACT_CANONICAL_NOT_FOUND,,,,,,,,ccfc7e3ca85c8b80aa96eb52d4e50e07e1811d28916b544280d8a4f1a043ba72,,EXACT_CANONICAL_NOT_FOUND,,,,,,,,e6e19630a9415359fba90888864d17313873a984ac79a3677c1d62aac943f991,
2264,SAXIFRAGACEAE,Saxifraga x celtiberica,,UNCHANGED,False,NO_RESPONSE_ALL_THREE_REVIEW_REQUIRED,,2026-08-19T20:12:35.292979+00:00,EXACT_CANONICAL_NOT_FOUND,,,,,,,,6ff1e084d7e1de5bce526a9952c96fbb0f13b4f2c615b0fc30c055f88bfb5483,,EXACT_CANONICAL_NOT_FOUND,,,,,,,,ccfc7e3ca85c8b80aa96eb52d4e50e07e1811d28916b544280d8a4f1a043ba72,,EXACT_CANONICAL_NOT_FOUND,,,,,,,,e6e19630a9415359fba90888864d17313873a984ac79a3677c1d62aac943f991,
2298,ASTERACEAE,Scorzoneriodes pyrenaica,,UNCHANGED,False,NO_RESPONSE_ALL_THREE_REVIEW_REQUIRED,,2026-08-19T20:12:35.293630+00:00,EXACT_CANONICAL_NOT_FOUND,,,,,,,,6ff1e084d7e1de5bce526a9952c96fbb0f13b4f2c615b0fc30c055f88bfb5483,,EXACT_CANONICAL_NOT_FOUND,,,,,,,,ccfc7e3ca85c8b80aa96eb52d4e50e07e1811d28916b544280d8a4f1a043ba72,,EXACT_CANONICAL_NOT_FOUND,,,,,,,,e6e19630a9415359fba90888864d17313873a984ac79a3677c1d62aac943f991,
2339,ORCHIDACEAE,Serapias lingua x parviflora,,UNCHANGED,False,NO_RESPONSE_ALL_THREE_REVIEW_REQUIRED,,2026-08-19T20:12:35.294336+00:00,EXACT_CANONICAL_NOT_FOUND,,,,,,,,6ff1e084d7e1de5bce526a9952c96fbb0f13b4f2c615b0fc30c055f88bfb5483,,EXACT_CANONICAL_NOT_FOUND,,,,,,,,ccfc7e3ca85c8b80aa96eb52d4e50e07e1811d28916b544280d8a4f1a043ba72,,EXACT_CANONICAL_NOT_FOUND,,,,,,,,e6e19630a9415359fba90888864d17313873a984ac79a3677c1d62aac943f991,
2348,APIACEAE,Seseli libanotis subsp. libanotis,,UNCHANGED,False,NO_RESPONSE_ALL_THREE_REVIEW_REQUIRED,,2026-08-19T20:12:35.294481+00:00,EXACT_CANONICAL_NOT_FOUND,,,,,,,,6ff1e084d7e1de5bce526a9952c96fbb0f13b4f2c615b0fc30c055f88bfb5483,,EXACT_CANONICAL_NOT_FOUND,,,,,,,,ccfc7e3ca85c8b80aa96eb52d4e50e07e1811d28916b544280d8a4f1a043ba72,,EXACT_CANONICAL_NOT_FOUND,,,,,,,,e6e19630a9415359fba90888864d17313873a984ac79a3677c1d62aac943f991,
2352,POACEAE,Sesleria argentea subsp. hispanica,,UNCHANGED,False,NO_RESPONSE_ALL_THREE_REVIEW_REQUIRED,,2026-08-19T20:12:35.294547+00:00,EXACT_CANONICAL_NOT_FOUND,,,,,,,,6ff1e084d7e1de5bce526a9952c96fbb0f13b4f2c615b0fc30c055f88bfb5483,,EXACT_CANONICAL_NOT_FOUND,,,,,,,,ccfc7e3ca85c8b80aa96eb52d4e50e07e1811d28916b544280d8a4f1a043ba72,,EXACT_CANONICAL_NOT_FOUND,,,,,,,,e6e19630a9415359fba90888864d17313873a984ac79a3677c1d62aac943f991,
2465,POACEAE,Stipa gigantea subsp. gigantea,,UNCHANGED,False,NO_RESPONSE_ALL_THREE_REVIEW_REQUIRED,,2026-08-19T20:12:35.296469+00:00,EXACT_CANONICAL_NOT_FOUND,,,,,,,,6ff1e084d7e1de5bce526a9952c96fbb0f13b4f2c615b0fc30c055f88bfb5483,,EXACT_CANONICAL_NOT_FOUND,,,,,,,,ccfc7e3ca85c8b80aa96eb52d4e50e07e1811d28916b544280d8a4f1a043ba72,,EXACT_CANONICAL_NOT_FOUND,,,,,,,,e6e19630a9415359fba90888864d17313873a984ac79a3677c1d62aac943f991,
2472,AMARANTHACEAE,Suaeda vera subsp. braun-blanquetii,,UNCHANGED,False,NO_RESPONSE_ALL_THREE_REVIEW_REQUIRED,,2026-08-19T20:12:35.296584+00:00,EXACT_CANONICAL_NOT_FOUND,,,,,,,,6ff1e084d7e1de5bce526a9952c96fbb0f13b4f2c615b0fc30c055f88bfb5483,,EXACT_CANONICAL_NOT_FOUND,,,,,,,,ccfc7e3ca85c8b80aa96eb52d4e50e07e1811d28916b544280d8a4f1a043ba72,,EXACT_CANONICAL_NOT_FOUND,,,,,,,,e6e19630a9415359fba90888864d17313873a984ac79a3677c1d62aac943f991,
2533,MALVACEAE,Tilia x vulgaris,,UNCHANGED,False,NO_RESPONSE_ALL_THREE_REVIEW_REQUIRED,,2026-08-19T20:12:35.298390+00:00,EXACT_CANONICAL_NOT_FOUND,,,,,,,,6ff1e084d7e1de5bce526a9952c96fbb0f13b4f2c615b0fc30c055f88bfb5483,,EXACT_CANONICAL_NOT_FOUND,,,,,,,,ccfc7e3ca85c8b80aa96eb52d4e50e07e1811d28916b544280d8a4f1a043ba72,,EXACT_CANONICAL_NOT_FOUND,,,,,,,,e6e19630a9415359fba90888864d17313873a984ac79a3677c1d62aac943f991,
2612,ULMACEAE,Ulmus x hollandica,,UNCHANGED,False,NO_RESPONSE_ALL_THREE_REVIEW_REQUIRED,,2026-08-19T20:12:35.299733+00:00,EXACT_CANONICAL_NOT_FOUND,,,,,,,,6ff1e084d7e1de5bce526a9952c96fbb0f13b4f2c615b0fc30c055f88bfb5483,,EXACT_CANONICAL_NOT_FOUND,,,,,,,,ccfc7e3ca85c8b80aa96eb52d4e50e07e1811d28916b544280d8a4f1a043ba72,,EXACT_CANONICAL_NOT_FOUND,,,,,,,,e6e19630a9415359fba90888864d17313873a984ac79a3677c1d62aac943f991,
2658,PLANTAGINACEAE,Veronica becabunga,,UNCHANGED,False,NO_RESPONSE_ALL_THREE_REVIEW_REQUIRED,,2026-08-19T20:12:35.300490+00:00,EXACT_CANONICAL_NOT_FOUND,,,,,,,,6ff1e084d7e1de5bce526a9952c96fbb0f13b4f2c615b0fc30c055f88bfb5483,,EXACT_CANONICAL_NOT_FOUND,,,,,,,,ccfc7e3ca85c8b80aa96eb52d4e50e07e1811d28916b544280d8a4f1a043ba72,,EXACT_CANONICAL_NOT_FOUND,,,,,,,,e6e19630a9415359fba90888864d17313873a984ac79a3677c1d62aac943f991,
2678,FABACEAE,Vicia amphycarpa,,UNCHANGED,False,NO_RESPONSE_ALL_THREE_REVIEW_REQUIRED,,2026-08-19T20:12:35.300825+00:00,EXACT_CANONICAL_NOT_FOUND,,,,,,,,6ff1e084d7e1de5bce526a9952c96fbb0f13b4f2c615b0fc30c055f88bfb5483,,EXACT_CANONICAL_NOT_FOUND,,,,,,,,ccfc7e3ca85c8b80aa96eb52d4e50e07e1811d28916b544280d8a4f1a043ba72,,EXACT_CANONICAL_NOT_FOUND,,,,,,,,e6e19630a9415359fba90888864d17313873a984ac79a3677c1d62aac943f991,
