position309,B_SOURCE_RECORD_ID,nameVerbatim,sourceRank,isHybrid,finalCategory,ID_TAXON_EXACT,state
1,1891,Acer monspessulanum x A. campestre,species,True,CONFLICT,,CONFLICT_HYBRID_FORMULA_REQUIRES_EXPLICIT_IDENTITY_EVIDENCE
2,3600,Adenocarpus hispanicus subsp. neilense,subspecies,False,UNRESOLVED,,UNRESOLVED_AFTER_SPANISH_NETWORK_AND_EIDOS
3,5517,Agave americana,species,False,RESOLVED,1941,RESOLVED_UNIQUE_EXACT_EIDOS_ID_VIA_DOCUMENTED_NETWORK
4,4981,Alchemilla basaltica,species,False,CONFLICT,,CONFLICT_MULTIPLE_EXACT_EIDOS_IDS_VIA_DOCUMENTED_NETWORK
5,3143,Alchemilla filicaulis var. vestita,variety,False,UNRESOLVED,,UNRESOLVED_AFTER_SPANISH_NETWORK_AND_EIDOS
6,1326,Alchemilla plicatula,species,False,UNRESOLVED,,UNRESOLVED_AFTER_SPANISH_NETWORK_AND_EIDOS
7,2250,Allium oleraceum var. oleraceum,variety,False,UNRESOLVED,,UNRESOLVED_AFTER_SPANISH_NETWORK_AND_EIDOS
8,156,Allium schoenoprassum,species,False,UNRESOLVED,,UNRESOLVED_AFTER_SPANISH_NETWORK_AND_EIDOS
9,300,Allium senescens subsp. montanum,subspecies,False,UNRESOLVED,,UNRESOLVED_AFTER_SPANISH_NETWORK_AND_EIDOS
10,2545,Anchusa italica,species,False,RESOLVED,2124,RESOLVED_UNIQUE_EXACT_EIDOS_ID_VIA_DOCUMENTED_NETWORK
11,895,Andryala ragusina var. ragusina,variety,False,UNRESOLVED,,UNRESOLVED_AFTER_SPANISH_NETWORK_AND_EIDOS
12,4287,Anteriorchis coriophora,species,False,CONFLICT,,CONFLICT_MULTIPLE_EXACT_EIDOS_IDS_VIA_DOCUMENTED_NETWORK
13,4286,Anteriorchis coriophora var. carpetana,variety,False,UNRESOLVED,,UNRESOLVED_AFTER_SPANISH_NETWORK_AND_EIDOS
14,3261,Anteriorchis fragrans,species,False,UNRESOLVED,,UNRESOLVED_AFTER_SPANISH_NETWORK_AND_EIDOS
15,3682,Anthemis triumfettii,species,False,RESOLVED,31641,RESOLVED_UNIQUE_EXACT_EIDOS_ID_VIA_DOCUMENTED_NETWORK
16,1897,Anthyllis montana subsp. hispanica,subspecies,False,UNRESOLVED,,UNRESOLVED_AFTER_SPANISH_NETWORK_AND_EIDOS
17,4979,Antirrhinum barrelieri,species,False,RESOLVED,2204,RESOLVED_UNIQUE_EXACT_EIDOS_ID_VIA_DOCUMENTED_NETWORK
18,2285,Arum orientale subsp. orientale,subspecies,False,UNRESOLVED,,UNRESOLVED_AFTER_SPANISH_NETWORK_AND_EIDOS
19,836,Asperula pyrenaica,species,False,UNRESOLVED,,UNRESOLVED_AFTER_SPANISH_NETWORK_AND_EIDOS
20,4440,Asplenium adiantum-nigrum var. adiantum-nigrum,variety,False,UNRESOLVED,,UNRESOLVED_AFTER_SPANISH_NETWORK_AND_EIDOS
21,3980,Asplenium x alternifolium,species,True,CONFLICT,,CONFLICT_HYBRID_FORMULA_REQUIRES_EXPLICIT_IDENTITY_EVIDENCE
22,3997,Asplenium x sarniense,species,True,CONFLICT,,CONFLICT_HYBRID_FORMULA_REQUIRES_EXPLICIT_IDENTITY_EVIDENCE
23,3999,Asplenium x souchei,species,True,CONFLICT,,CONFLICT_HYBRID_FORMULA_REQUIRES_EXPLICIT_IDENTITY_EVIDENCE
24,4000,Asplenium x staufferi,species,True,CONFLICT,,CONFLICT_HYBRID_FORMULA_REQUIRES_EXPLICIT_IDENTITY_EVIDENCE
25,4001,Asplenium x ticinense,species,True,CONFLICT,,CONFLICT_HYBRID_FORMULA_REQUIRES_EXPLICIT_IDENTITY_EVIDENCE
26,1894,Astragalus monspessulanus subsp. teresianus,subspecies,False,UNRESOLVED,,UNRESOLVED_AFTER_SPANISH_NETWORK_AND_EIDOS
27,294,Astragalus sempervirens subsp. muticus,subspecies,False,UNRESOLVED,,UNRESOLVED_AFTER_SPANISH_NETWORK_AND_EIDOS
28,3862,Astragalus vesicarius subsp. vesicarius,subspecies,False,UNRESOLVED,,UNRESOLVED_AFTER_SPANISH_NETWORK_AND_EIDOS
29,4989,Atropa bella-donna,species,False,UNRESOLVED,,UNRESOLVED_AFTER_SPANISH_NETWORK_AND_EIDOS
30,5099,Avenula bromoides subsp. pauneroi,subspecies,False,UNRESOLVED,,UNRESOLVED_AFTER_SPANISH_NETWORK_AND_EIDOS
31,1522,Avenula lodunensis subsp. romero-zarcoi,subspecies,False,UNRESOLVED,,UNRESOLVED_AFTER_SPANISH_NETWORK_AND_EIDOS
32,1395,Avenula pratensis subsp. iberica,subspecies,False,UNRESOLVED,,UNRESOLVED_AFTER_SPANISH_NETWORK_AND_EIDOS
33,1398,Avenula pratensis var. paniculata,variety,False,UNRESOLVED,,UNRESOLVED_AFTER_SPANISH_NETWORK_AND_EIDOS
34,1399,Avenula pratensis var. vasconica,variety,False,UNRESOLVED,,UNRESOLVED_AFTER_SPANISH_NETWORK_AND_EIDOS
35,615,Avenula sulcata subsp. sulcata,subspecies,False,UNRESOLVED,,UNRESOLVED_AFTER_SPANISH_NETWORK_AND_EIDOS
36,5324,Azolla spp.,species,False,UNRESOLVED,,UNRESOLVED_AFTER_SPANISH_NETWORK_AND_EIDOS
37,2070,Ballota nigra subsp. foetida,subspecies,False,UNRESOLVED,,UNRESOLVED_AFTER_SPANISH_NETWORK_AND_EIDOS
38,4509,Betula alba var. alba,variety,False,UNRESOLVED,,UNRESOLVED_AFTER_SPANISH_NETWORK_AND_EIDOS
39,4510,Betula alba var. glabrata,variety,False,UNRESOLVED,,UNRESOLVED_AFTER_SPANISH_NETWORK_AND_EIDOS
40,4065,Betula celtiberica,species,False,RESOLVED,2767,RESOLVED_UNIQUE_EXACT_EIDOS_ID_VIA_DOCUMENTED_NETWORK
41,1192,Betula pendula var. meridionalis,variety,False,UNRESOLVED,,UNRESOLVED_AFTER_SPANISH_NETWORK_AND_EIDOS
42,3787,Biscutella valentina var. laevigata,variety,False,UNRESOLVED,,UNRESOLVED_AFTER_SPANISH_NETWORK_AND_EIDOS
43,3788,Biscutella valentina var. valentina,variety,False,UNRESOLVED,,UNRESOLVED_AFTER_SPANISH_NETWORK_AND_EIDOS
44,3789,Biscutella valentina var. variegata,variety,False,UNRESOLVED,,UNRESOLVED_AFTER_SPANISH_NETWORK_AND_EIDOS
45,415,Blechnum spicant var. spicant,variety,False,UNRESOLVED,,UNRESOLVED_AFTER_SPANISH_NETWORK_AND_EIDOS
46,1298,Brachypodium pinnatum x B. phoenicoides,species,True,CONFLICT,,CONFLICT_HYBRID_FORMULA_REQUIRES_EXPLICIT_IDENTITY_EVIDENCE
47,4058,Bromus catharticus,species,False,RESOLVED,1079,RESOLVED_UNIQUE_EXACT_EIDOS_ID_VIA_DOCUMENTED_NETWORK
48,4958,Bupleurum baldense subsp. baldense,subspecies,False,UNRESOLVED,,UNRESOLVED_AFTER_SPANISH_NETWORK_AND_EIDOS
49,910,Bupleurum ranunculoides subsp. gramineus,subspecies,False,UNRESOLVED,,UNRESOLVED_AFTER_SPANISH_NETWORK_AND_EIDOS
50,911,Bupleurum ranunculoides subsp. ranunculoides,subspecies,False,UNRESOLVED,,UNRESOLVED_AFTER_SPANISH_NETWORK_AND_EIDOS
51,305,Calystegia sepium subsp. sepium,subspecies,False,UNRESOLVED,,UNRESOLVED_AFTER_SPANISH_NETWORK_AND_EIDOS
52,3378,Campanula glomerata subsp. glomerata,subspecies,False,UNRESOLVED,,UNRESOLVED_AFTER_SPANISH_NETWORK_AND_EIDOS
53,3587,Campanula hispanica,species,False,UNRESOLVED,,UNRESOLVED_AFTER_SPANISH_NETWORK_AND_EIDOS
54,1172,Campanula paui,species,False,UNRESOLVED,,UNRESOLVED_AFTER_SPANISH_NETWORK_AND_EIDOS
55,3629,Campanula trachelium subsp. trachelium,subspecies,False,UNRESOLVED,,UNRESOLVED_AFTER_SPANISH_NETWORK_AND_EIDOS
56,3767,Campanula urbionensis,species,False,RESOLVED,3011,RESOLVED_UNIQUE_EXACT_EIDOS_ID_VIA_DOCUMENTED_NETWORK
57,4858,Carduus assoi,species,False,UNRESOLVED,,UNRESOLVED_AFTER_SPANISH_NETWORK_AND_EIDOS
58,2152,Carduus nutans subsp. nutans,subspecies,False,UNRESOLVED,,UNRESOLVED_AFTER_SPANISH_NETWORK_AND_EIDOS
59,3164,Carex flacca subsp. flacca,subspecies,False,UNRESOLVED,,UNRESOLVED_AFTER_SPANISH_NETWORK_AND_EIDOS
60,3165,Carex flacca subsp. serrulata,subspecies,False,UNRESOLVED,,UNRESOLVED_AFTER_SPANISH_NETWORK_AND_EIDOS
61,1968,Carex muricata subsp. lamprocarpa,subspecies,False,UNRESOLVED,,UNRESOLVED_AFTER_SPANISH_NETWORK_AND_EIDOS
62,2308,Carex ovalis,species,False,CONFLICT,,CONFLICT_MULTIPLE_EXACT_EIDOS_IDS_VIA_DOCUMENTED_NETWORK
63,4021,Carlina vulgaris subsp. vulgaris,subspecies,False,UNRESOLVED,,UNRESOLVED_AFTER_SPANISH_NETWORK_AND_EIDOS
64,2629,Carthamus lanatus subsp. lanatus,subspecies,False,UNRESOLVED,,UNRESOLVED_AFTER_SPANISH_NETWORK_AND_EIDOS
65,2758,Centaurea debeauxii subsp. nemoralis,subspecies,False,UNRESOLVED,,UNRESOLVED_AFTER_SPANISH_NETWORK_AND_EIDOS
66,2296,Centaurea ornata x C. scabiosa,species,True,CONFLICT,,CONFLICT_HYBRID_FORMULA_REQUIRES_EXPLICIT_IDENTITY_EVIDENCE
67,2367,Centaurea paniculata subsp. castellana,subspecies,False,UNRESOLVED,,UNRESOLVED_AFTER_SPANISH_NETWORK_AND_EIDOS
68,3681,Centaurea triumfetti subsp. lingulata,subspecies,False,UNRESOLVED,,UNRESOLVED_AFTER_SPANISH_NETWORK_AND_EIDOS
69,3903,Centaurea vinyalsii,species,False,UNRESOLVED,,UNRESOLVED_AFTER_SPANISH_NETWORK_AND_EIDOS
70,4002,Centaurea x zubiae,species,True,CONFLICT,,CONFLICT_HYBRID_FORMULA_REQUIRES_EXPLICIT_IDENTITY_EVIDENCE
71,3006,Centaurium erythraea subsp. grandiflorum,subspecies,False,UNRESOLVED,,UNRESOLVED_AFTER_SPANISH_NETWORK_AND_EIDOS
72,3007,Centaurium erythraea subsp. majus,subspecies,False,UNRESOLVED,,UNRESOLVED_AFTER_SPANISH_NETWORK_AND_EIDOS
73,5177,Centranthus calcitrapae subsp. calcitrapae,subspecies,False,UNRESOLVED,,UNRESOLVED_AFTER_SPANISH_NETWORK_AND_EIDOS
74,5080,Cerastium brachypetalum var. brachypetalum,variety,False,UNRESOLVED,,UNRESOLVED_AFTER_SPANISH_NETWORK_AND_EIDOS
75,2289,Chaenorhinum origanifolium subsp. crassifolium,subspecies,False,UNRESOLVED,,UNRESOLVED_AFTER_SPANISH_NETWORK_AND_EIDOS
76,1117,Chaenorhinum rupestre,species,False,RESOLVED,3444,RESOLVED_UNIQUE_EXACT_EIDOS_ID_VIA_DOCUMENTED_NETWORK
77,686,Chaerophyllum temulentum,species,False,CONFLICT,,CONFLICT_MULTIPLE_EXACT_EIDOS_IDS_VIA_DOCUMENTED_NETWORK
78,4419,Cheilanthes acrostica,species,False,UNRESOLVED,,UNRESOLVED_AFTER_SPANISH_NETWORK_AND_EIDOS
79,4781,Cicer arietinum,species,False,UNRESOLVED,,UNRESOLVED_AFTER_SPANISH_NETWORK_AND_EIDOS
80,839,Cirsium pyrenaicum var. longespinosum,variety,False,UNRESOLVED,,UNRESOLVED_AFTER_SPANISH_NETWORK_AND_EIDOS
81,840,Cirsium pyrenaicum var. pyrenaicum,variety,False,UNRESOLVED,,UNRESOLVED_AFTER_SPANISH_NETWORK_AND_EIDOS
82,974,Cirsium richterianum,species,False,RESOLVED,3593,RESOLVED_UNIQUE_EXACT_EIDOS_ID_VIA_DOCUMENTED_NETWORK
83,1367,Cistus populifolius x C. Salvifolius,species,True,CONFLICT,,CONFLICT_HYBRID_FORMULA_REQUIRES_EXPLICIT_IDENTITY_EVIDENCE
84,79,Cistus salvifolius,species,False,UNRESOLVED,,UNRESOLVED_AFTER_SPANISH_NETWORK_AND_EIDOS
85,4871,Colutea atlantica,species,False,UNRESOLVED,,UNRESOLVED_AFTER_SPANISH_NETWORK_AND_EIDOS
86,5071,Conopodium bourgaei,species,False,RESOLVED,3678,RESOLVED_BY_SPANISH_SOURCE_PRECEDENCE
87,5244,Conopodium capillifolium,species,False,RESOLVED,3679,RESOLVED_UNIQUE_EXACT_EIDOS_ID_VIA_DOCUMENTED_NETWORK
88,907,Conopodium ramosum,species,False,RESOLVED,3672,RESOLVED_BY_SPANISH_SOURCE_PRECEDENCE
89,3784,Coronilla valentina subsp. glauca,subspecies,False,UNRESOLVED,,UNRESOLVED_AFTER_SPANISH_NETWORK_AND_EIDOS
90,5325,Cortaderia spp.,species,False,UNRESOLVED,,UNRESOLVED_AFTER_SPANISH_NETWORK_AND_EIDOS
91,2015,Cotoneaster nebrodensis,species,False,UNRESOLVED,,UNRESOLVED_AFTER_SPANISH_NETWORK_AND_EIDOS
92,1878,Crataegus monogyna subsp. brevispina,subspecies,False,UNRESOLVED,,UNRESOLVED_AFTER_SPANISH_NETWORK_AND_EIDOS
93,1879,Crataegus monogyna subsp. monogyna,subspecies,False,UNRESOLVED,,UNRESOLVED_AFTER_SPANISH_NETWORK_AND_EIDOS
94,5528,Cylindropuntia spp.,species,False,UNRESOLVED,,UNRESOLVED_AFTER_SPANISH_NETWORK_AND_EIDOS
95,4957,Cytisus balansae subsp. europaeus,subspecies,False,UNRESOLVED,,UNRESOLVED_AFTER_SPANISH_NETWORK_AND_EIDOS
96,173,Cytisus scoparius subsp. cantabricus,subspecies,False,UNRESOLVED,,UNRESOLVED_AFTER_SPANISH_NETWORK_AND_EIDOS
97,3594,Dactylis hispanica,species,False,UNRESOLVED,,UNRESOLVED_AFTER_SPANISH_NETWORK_AND_EIDOS
98,2934,Dactylorhiza elata subsp. sesquipedalis,subspecies,False,UNRESOLVED,,UNRESOLVED_AFTER_SPANISH_NETWORK_AND_EIDOS
99,2994,Dactylorhiza ericetorum,species,False,UNRESOLVED,,UNRESOLVED_AFTER_SPANISH_NETWORK_AND_EIDOS
100,2483,Dactylorhiza incarnata subsp. incarnata,subspecies,False,UNRESOLVED,,UNRESOLVED_AFTER_SPANISH_NETWORK_AND_EIDOS
101,1624,Dactylorhiza maculata subsp. elodes,subspecies,False,UNRESOLVED,,UNRESOLVED_AFTER_SPANISH_NETWORK_AND_EIDOS
102,1625,Dactylorhiza maculata subsp. maculata,subspecies,False,UNRESOLVED,,UNRESOLVED_AFTER_SPANISH_NETWORK_AND_EIDOS
103,1647,Dactylorhiza majalis subsp. majalis,subspecies,False,UNRESOLVED,,UNRESOLVED_AFTER_SPANISH_NETWORK_AND_EIDOS
104,3595,Deschampsia hispanica,species,False,UNRESOLVED,,UNRESOLVED_AFTER_SPANISH_NETWORK_AND_EIDOS
105,2816,Doronicum diazii,species,False,UNRESOLVED,,UNRESOLVED_AFTER_SPANISH_NETWORK_AND_EIDOS
106,1204,Dorycnium pentaphyllum subsp. pentaphyllum,subspecies,False,UNRESOLVED,,UNRESOLVED_AFTER_SPANISH_NETWORK_AND_EIDOS
107,4480,Dryopteris affinis subsp. cambrensis,subspecies,False,UNRESOLVED,,UNRESOLVED_AFTER_SPANISH_NETWORK_AND_EIDOS
108,4481,Dryopteris affinis var. borreri,variety,False,UNRESOLVED,,UNRESOLVED_AFTER_SPANISH_NETWORK_AND_EIDOS
109,4482,Dryopteris affinis var. robusta,variety,False,UNRESOLVED,,UNRESOLVED_AFTER_SPANISH_NETWORK_AND_EIDOS
110,3981,Dryopteris x ambroseae,species,True,CONFLICT,,CONFLICT_HYBRID_FORMULA_REQUIRES_EXPLICIT_IDENTITY_EVIDENCE
111,3992,Dryopteris x mantoniae,species,True,CONFLICT,,CONFLICT_HYBRID_FORMULA_REQUIRES_EXPLICIT_IDENTITY_EVIDENCE
112,4850,Echium asperrinum,species,False,UNRESOLVED,,UNRESOLVED_AFTER_SPANISH_NETWORK_AND_EIDOS
113,3592,Epipactis hispanica,species,False,RESOLVED,32231,RESOLVED_BY_SPANISH_SOURCE_PRECEDENCE
114,1156,Epipactis parviflora,species,False,RESOLVED,4341,RESOLVED_UNIQUE_EXACT_EIDOS_ID_VIA_DOCUMENTED_NETWORK
115,1250,Epipactis phyllanthes var. fageticola,variety,False,UNRESOLVED,,UNRESOLVED_AFTER_SPANISH_NETWORK_AND_EIDOS
116,3990,Equisetum x litorale,species,True,CONFLICT,,CONFLICT_HYBRID_FORMULA_REQUIRES_EXPLICIT_IDENTITY_EVIDENCE
117,4802,Festuca arundinacea subsp. fenas,subspecies,False,UNRESOLVED,,UNRESOLVED_AFTER_SPANISH_NETWORK_AND_EIDOS
118,2316,Festuca ovina var. glauca,variety,False,UNRESOLVED,,UNRESOLVED_AFTER_SPANISH_NETWORK_AND_EIDOS
119,394,Festuca sp.,species,False,UNRESOLVED,,UNRESOLVED_AFTER_SPANISH_NETWORK_AND_EIDOS
120,3720,Filipendula ulmaria subsp. ulmaria,subspecies,False,UNRESOLVED,,UNRESOLVED_AFTER_SPANISH_NETWORK_AND_EIDOS
121,2043,Fritillaria nervosa subsp. nervosa,subspecies,False,UNRESOLVED,,UNRESOLVED_AFTER_SPANISH_NETWORK_AND_EIDOS
122,2054,Gagea nevadensis gr.,species,False,UNRESOLVED,,UNRESOLVED_AFTER_SPANISH_NETWORK_AND_EIDOS
123,4676,Galeopsis angustifolia subsp. carpetana,subspecies,False,RESOLVED,4724,RESOLVED_UNIQUE_EXACT_EIDOS_ID_VIA_DOCUMENTED_NETWORK
124,4547,Galium album subsp. album,subspecies,False,UNRESOLVED,,UNRESOLVED_AFTER_SPANISH_NETWORK_AND_EIDOS
125,4300,Galium corrudifolium,species,False,CONFLICT,,CONFLICT_MULTIPLE_EXACT_EIDOS_IDS_VIA_DOCUMENTED_NETWORK
126,2865,Galium divaricatum,species,False,UNRESOLVED,,UNRESOLVED_AFTER_SPANISH_NETWORK_AND_EIDOS
127,3271,Galium fruticescens,species,False,UNRESOLVED,,UNRESOLVED_AFTER_SPANISH_NETWORK_AND_EIDOS
128,1285,Galium pinetorum,species,False,RESOLVED,4747,RESOLVED_UNIQUE_EXACT_EIDOS_ID_VIA_DOCUMENTED_NETWORK
129,489,Galium spurium,species,False,CONFLICT,,CONFLICT_MULTIPLE_EXACT_EIDOS_IDS_VIA_DOCUMENTED_NETWORK
130,4133,Genista cinerea subsp. ausetana,subspecies,False,UNRESOLVED,,UNRESOLVED_AFTER_SPANISH_NETWORK_AND_EIDOS
131,4134,Genista cinerea subsp. cinerea,subspecies,False,UNRESOLVED,,UNRESOLVED_AFTER_SPANISH_NETWORK_AND_EIDOS
132,3203,Genista florida subsp. polygaliphylla,subspecies,False,UNRESOLVED,,UNRESOLVED_AFTER_SPANISH_NETWORK_AND_EIDOS
133,4677,Gentiana angustifolia subsp. occidentalis,subspecies,False,UNRESOLVED,,UNRESOLVED_AFTER_SPANISH_NETWORK_AND_EIDOS
134,4240,Hedysarum confertum,species,False,RESOLVED,6669,RESOLVED_UNIQUE_EXACT_EIDOS_ID_VIA_DOCUMENTED_NETWORK
135,2149,Helianthemum nummularium subsp. nummularium,subspecies,False,UNRESOLVED,,UNRESOLVED_AFTER_SPANISH_NETWORK_AND_EIDOS
136,412,Heracleum sphondylium subsp. montanum,subspecies,False,UNRESOLVED,,UNRESOLVED_AFTER_SPANISH_NETWORK_AND_EIDOS
137,413,Heracleum sphondylium subsp. pyrenaicum,subspecies,False,UNRESOLVED,,UNRESOLVED_AFTER_SPANISH_NETWORK_AND_EIDOS
138,3272,Herniaria fruticosa var. fruticosa,variety,False,UNRESOLVED,,UNRESOLVED_AFTER_SPANISH_NETWORK_AND_EIDOS
139,3428,Herniaria glabra var. glabra,variety,False,UNRESOLVED,,UNRESOLVED_AFTER_SPANISH_NETWORK_AND_EIDOS
140,136,Herniaria scabrida var. glabrescens,variety,False,UNRESOLVED,,UNRESOLVED_AFTER_SPANISH_NETWORK_AND_EIDOS
141,137,Herniaria scabrida var. scabrida,variety,False,UNRESOLVED,,UNRESOLVED_AFTER_SPANISH_NETWORK_AND_EIDOS
142,4776,Hieracium argillaceum,species,False,UNRESOLVED,,UNRESOLVED_AFTER_SPANISH_NETWORK_AND_EIDOS
143,2602,Hieracium lactucella subsp. lactucella,subspecies,False,UNRESOLVED,,UNRESOLVED_AFTER_SPANISH_NETWORK_AND_EIDOS
144,2120,Hieracium niveum,species,False,UNRESOLVED,,UNRESOLVED_AFTER_SPANISH_NETWORK_AND_EIDOS
145,1270,Hieracium pilosella subsp. micradenium,subspecies,False,UNRESOLVED,,UNRESOLVED_AFTER_SPANISH_NETWORK_AND_EIDOS
146,1271,Hieracium pilosella subsp. pilosella,subspecies,False,UNRESOLVED,,UNRESOLVED_AFTER_SPANISH_NETWORK_AND_EIDOS
147,1272,Hieracium pilosella subsp. tricholepium,subspecies,False,UNRESOLVED,,UNRESOLVED_AFTER_SPANISH_NETWORK_AND_EIDOS
148,3555,Himantoglossum hircinum subsp. hircinum,subspecies,False,UNRESOLVED,,UNRESOLVED_AFTER_SPANISH_NETWORK_AND_EIDOS
149,4217,Hippocrepis comosa subsp. squamata,subspecies,False,UNRESOLVED,,UNRESOLVED_AFTER_SPANISH_NETWORK_AND_EIDOS
150,3429,Hypochoeris glabra,species,False,UNRESOLVED,,UNRESOLVED_AFTER_SPANISH_NETWORK_AND_EIDOS
151,892,Hypochoeris radicata,species,False,UNRESOLVED,,UNRESOLVED_AFTER_SPANISH_NETWORK_AND_EIDOS
152,4342,Jasione crispa subsp. centralis,subspecies,False,UNRESOLVED,,UNRESOLVED_AFTER_SPANISH_NETWORK_AND_EIDOS
153,4343,Jasione crispa subsp. sessiliflora,subspecies,False,UNRESOLVED,,UNRESOLVED_AFTER_SPANISH_NETWORK_AND_EIDOS
154,2617,Jasione laevis subsp. carpetana,subspecies,False,UNRESOLVED,,UNRESOLVED_AFTER_SPANISH_NETWORK_AND_EIDOS
155,2618,Jasione laevis subsp. laevis,subspecies,False,UNRESOLVED,,UNRESOLVED_AFTER_SPANISH_NETWORK_AND_EIDOS
156,4244,Juncus conglomeratus var. conglomeratus,variety,False,UNRESOLVED,,UNRESOLVED_AFTER_SPANISH_NETWORK_AND_EIDOS
157,4245,Juncus conglomeratus var. laxus,variety,False,UNRESOLVED,,UNRESOLVED_AFTER_SPANISH_NETWORK_AND_EIDOS
158,2929,Juncus effusus var. effusus,variety,False,UNRESOLVED,,UNRESOLVED_AFTER_SPANISH_NETWORK_AND_EIDOS
159,2930,Juncus effusus var. subglomeratus,variety,False,UNRESOLVED,,UNRESOLVED_AFTER_SPANISH_NETWORK_AND_EIDOS
160,2500,Juncus inflexus var. inflexus,variety,False,UNRESOLVED,,UNRESOLVED_AFTER_SPANISH_NETWORK_AND_EIDOS
161,687,Juncus tenageia subsp. tenageia,subspecies,False,UNRESOLVED,,UNRESOLVED_AFTER_SPANISH_NETWORK_AND_EIDOS
162,4837,Knautia arvernensis,species,False,RESOLVED,5574,RESOLVED_UNIQUE_EXACT_EIDOS_ID_VIA_DOCUMENTED_NETWORK
163,781,Knautia purpurea,species,False,CONFLICT,,CONFLICT_MULTIPLE_EXACT_EIDOS_IDS_VIA_DOCUMENTED_NETWORK
164,591,Knautia subscaposa subsp. subscaposa,subspecies,False,UNRESOLVED,,UNRESOLVED_AFTER_SPANISH_NETWORK_AND_EIDOS
165,2063,Lathyrus niger subsp. niger,subspecies,False,UNRESOLVED,,UNRESOLVED_AFTER_SPANISH_NETWORK_AND_EIDOS
166,531,Lavandula stoechas subsp. pedunculata,subspecies,False,UNRESOLVED,,UNRESOLVED_AFTER_SPANISH_NETWORK_AND_EIDOS
167,5298,Legousia castellana,species,False,CONFLICT,,CONFLICT_MULTIPLE_EXACT_EIDOS_IDS_VIA_DOCUMENTED_NETWORK
168,670,Leontodon taraxacoides subsp. hispidus,subspecies,False,UNRESOLVED,,UNRESOLVED_AFTER_SPANISH_NETWORK_AND_EIDOS
169,2538,Leucanthemum ircutianum,species,False,UNRESOLVED,,UNRESOLVED_AFTER_SPANISH_NETWORK_AND_EIDOS
170,4589,Linaria alpina var. aciculifolia,variety,False,UNRESOLVED,,UNRESOLVED_AFTER_SPANISH_NETWORK_AND_EIDOS
171,4809,Lithospermum arvense,species,False,RESOLVED,2812,RESOLVED_UNIQUE_EXACT_EIDOS_ID_VIA_DOCUMENTED_NETWORK
172,2487,Lithospermum incrassatum,species,False,RESOLVED,2815,RESOLVED_UNIQUE_EXACT_EIDOS_ID_VIA_DOCUMENTED_NETWORK
173,789,Lithospermum purpurocaeruleum,species,False,RESOLVED,1895,RESOLVED_UNIQUE_EXACT_EIDOS_ID_VIA_DOCUMENTED_NETWORK
174,3758,Littorela uniflora,species,False,UNRESOLVED,,UNRESOLVED_AFTER_SPANISH_NETWORK_AND_EIDOS
175,5255,Lonicera caprifolium,species,False,CONFLICT,,CONFLICT_MULTIPLE_EXACT_EIDOS_IDS_VIA_DOCUMENTED_NETWORK
176,1412,Lotus preslii,species,False,RESOLVED,6067,RESOLVED_UNIQUE_EXACT_EIDOS_ID_VIA_DOCUMENTED_NETWORK
177,5516,Ludwigia spp.,species,False,UNRESOLVED,,UNRESOLVED_AFTER_SPANISH_NETWORK_AND_EIDOS
178,5195,Luzula campestris subsp. carpetana,subspecies,False,UNRESOLVED,,UNRESOLVED_AFTER_SPANISH_NETWORK_AND_EIDOS
179,1949,Luzula multiflora subsp. congesta,subspecies,False,UNRESOLVED,,UNRESOLVED_AFTER_SPANISH_NETWORK_AND_EIDOS
180,636,Luzula sylvatica subsp. henriquesii,subspecies,False,UNRESOLVED,,UNRESOLVED_AFTER_SPANISH_NETWORK_AND_EIDOS
181,2037,Lysimachia nemorun,species,False,UNRESOLVED,,UNRESOLVED_AFTER_SPANISH_NETWORK_AND_EIDOS
182,106,Medicago sativa subsp. sativa,subspecies,False,UNRESOLVED,,UNRESOLVED_AFTER_SPANISH_NETWORK_AND_EIDOS
183,4615,Melilotus altissima,species,False,RESOLVED,6142,RESOLVED_UNIQUE_EXACT_EIDOS_ID_VIA_DOCUMENTED_NETWORK
184,1755,Melittis melissophyllum subsp. melissophyllum,subspecies,False,UNRESOLVED,,UNRESOLVED_AFTER_SPANISH_NETWORK_AND_EIDOS
185,3986,Mentha x dumetorum,species,True,CONFLICT,,CONFLICT_HYBRID_FORMULA_REQUIRES_EXPLICIT_IDENTITY_EVIDENCE
186,2034,Myosotis nemorosa,species,False,UNRESOLVED,,UNRESOLVED_AFTER_SPANISH_NETWORK_AND_EIDOS
187,900,Myosotis ramosissima subsp. globularis,subspecies,False,RESOLVED,6467,RESOLVED_UNIQUE_EXACT_EIDOS_ID_VIA_DOCUMENTED_NETWORK
188,5122,Narcissus bulbocodium subsp. bulbocodium,subspecies,False,UNRESOLVED,,UNRESOLVED_AFTER_SPANISH_NETWORK_AND_EIDOS
189,2041,Nepeta nepetella subsp. cordifolia,subspecies,False,RESOLVED,6556,RESOLVED_UNIQUE_EXACT_EIDOS_ID_VIA_DOCUMENTED_NETWORK
190,2953,Odontites eliassennenii,species,False,RESOLVED,6446,RESOLVED_UNIQUE_EXACT_EIDOS_ID_VIA_DOCUMENTED_NETWORK
191,1529,Odontites longiflora,species,False,UNRESOLVED,,UNRESOLVED_AFTER_SPANISH_NETWORK_AND_EIDOS
192,3843,Odontites verna,species,False,UNRESOLVED,,UNRESOLVED_AFTER_SPANISH_NETWORK_AND_EIDOS
193,3837,Odontites verna subsp. serotina,subspecies,False,UNRESOLVED,,UNRESOLVED_AFTER_SPANISH_NETWORK_AND_EIDOS
194,3839,Odontites verna subsp. verna,subspecies,False,UNRESOLVED,,UNRESOLVED_AFTER_SPANISH_NETWORK_AND_EIDOS
195,3942,Odontites viscosa,species,False,UNRESOLVED,,UNRESOLVED_AFTER_SPANISH_NETWORK_AND_EIDOS
196,624,Omalotheca supina subsp. pusilla,subspecies,False,UNRESOLVED,,UNRESOLVED_AFTER_SPANISH_NETWORK_AND_EIDOS
197,635,Omalotheca sylvatica subsp. carpetana,subspecies,False,UNRESOLVED,,UNRESOLVED_AFTER_SPANISH_NETWORK_AND_EIDOS
198,2008,Ononis natrix subsp. natrix,subspecies,False,UNRESOLVED,,UNRESOLVED_AFTER_SPANISH_NETWORK_AND_EIDOS
199,4403,Onopordon acanthium,species,False,UNRESOLVED,,UNRESOLVED_AFTER_SPANISH_NETWORK_AND_EIDOS
200,4309,Onopordon corymbosum,species,False,UNRESOLVED,,UNRESOLVED_AFTER_SPANISH_NETWORK_AND_EIDOS
201,2045,Onopordon nervosum,species,False,UNRESOLVED,,UNRESOLVED_AFTER_SPANISH_NETWORK_AND_EIDOS
202,4407,Onopordum acaulon subsp. acaulon,subspecies,False,UNRESOLVED,,UNRESOLVED_AFTER_SPANISH_NETWORK_AND_EIDOS
203,4791,Ophrys arnoldii,species,False,UNRESOLVED,,UNRESOLVED_AFTER_SPANISH_NETWORK_AND_EIDOS
204,3310,Ophrys fusca gr.,species,False,CONFLICT,,CONFLICT_MULTIPLE_EXACT_EIDOS_IDS_VIA_DOCUMENTED_NETWORK
205,1568,Ophrys lupercalis x O. bilunulata,species,True,CONFLICT,,CONFLICT_HYBRID_FORMULA_REQUIRES_EXPLICIT_IDENTITY_EVIDENCE
206,5320,Ophrys scolopax subsp. scolopax,subspecies,False,UNRESOLVED,,UNRESOLVED_AFTER_SPANISH_NETWORK_AND_EIDOS
207,167,Ophrys scolopax x O. tenthredinifera,species,True,CONFLICT,,CONFLICT_HYBRID_FORMULA_REQUIRES_EXPLICIT_IDENTITY_EVIDENCE
208,3991,Ophrys x manfredoniae,species,True,CONFLICT,,CONFLICT_HYBRID_FORMULA_REQUIRES_EXPLICIT_IDENTITY_EVIDENCE
209,1262,Orchis picta,species,False,UNRESOLVED,,UNRESOLVED_AFTER_SPANISH_NETWORK_AND_EIDOS
210,784,Orchis purpurea x Aceras anthropophorum,species,True,CONFLICT,,CONFLICT_HYBRID_FORMULA_REQUIRES_EXPLICIT_IDENTITY_EVIDENCE
211,2620,Orobanche laevis,species,False,CONFLICT,,CONFLICT_MULTIPLE_EXACT_EIDOS_IDS_VIA_DOCUMENTED_NETWORK
212,4770,Paronychia argentea var. argentea,variety,False,UNRESOLVED,,UNRESOLVED_AFTER_SPANISH_NETWORK_AND_EIDOS
213,5247,Paronychia capitata var. capitata,variety,False,UNRESOLVED,,UNRESOLVED_AFTER_SPANISH_NETWORK_AND_EIDOS
214,2582,Paronychia kapela var. pseudoaretioides,variety,False,UNRESOLVED,,UNRESOLVED_AFTER_SPANISH_NETWORK_AND_EIDOS
215,1348,Paronychia polygonifolia var. polygonifolia,variety,False,UNRESOLVED,,UNRESOLVED_AFTER_SPANISH_NETWORK_AND_EIDOS
216,2228,Peucedanum officinales subsp. officinale,subspecies,False,UNRESOLVED,,UNRESOLVED_AFTER_SPANISH_NETWORK_AND_EIDOS
217,843,Phyteuma pyrenaicum,species,False,RESOLVED,6992,RESOLVED_UNIQUE_EXACT_EIDOS_ID_VIA_DOCUMENTED_NETWORK
218,391,Pilosella sp.,species,False,UNRESOLVED,,UNRESOLVED_AFTER_SPANISH_NETWORK_AND_EIDOS
219,3402,Pimpinella gracilis,species,False,RESOLVED,7110,RESOLVED_UNIQUE_EXACT_EIDOS_ID_VIA_DOCUMENTED_NETWORK
220,3401,Pimpinella gracilis subsp. puberula,subspecies,False,UNRESOLVED,,UNRESOLVED_AFTER_SPANISH_NETWORK_AND_EIDOS
221,4588,Plantago alpina subsp. penyalarensis,subspecies,False,UNRESOLVED,,UNRESOLVED_AFTER_SPANISH_NETWORK_AND_EIDOS
222,4876,Plantago atrata subsp. discolor,subspecies,False,UNRESOLVED,,UNRESOLVED_AFTER_SPANISH_NETWORK_AND_EIDOS
223,4172,Platanthera clorantha,species,False,UNRESOLVED,,UNRESOLVED_AFTER_SPANISH_NETWORK_AND_EIDOS
224,5125,Poa bulbosa var. vivipara,variety,False,UNRESOLVED,,UNRESOLVED_AFTER_SPANISH_NETWORK_AND_EIDOS
225,3993,Polypodium x mantoniae,species,True,CONFLICT,,CONFLICT_HYBRID_FORMULA_REQUIRES_EXPLICIT_IDENTITY_EVIDENCE
226,3998,Polypodium x shivasiae,species,True,CONFLICT,,CONFLICT_HYBRID_FORMULA_REQUIRES_EXPLICIT_IDENTITY_EVIDENCE
227,3983,Polystichum x bicknellii,species,True,CONFLICT,,CONFLICT_HYBRID_FORMULA_REQUIRES_EXPLICIT_IDENTITY_EVIDENCE
228,3989,Polystichum x illyricum,species,True,CONFLICT,,CONFLICT_HYBRID_FORMULA_REQUIRES_EXPLICIT_IDENTITY_EVIDENCE
229,2071,Populus nigra var. italica,variety,False,UNRESOLVED,,UNRESOLVED_AFTER_SPANISH_NETWORK_AND_EIDOS
230,662,Potentilla tabernaemontani,species,False,RESOLVED,7344,RESOLVED_UNIQUE_EXACT_EIDOS_ID_VIA_DOCUMENTED_NETWORK
231,3817,Potentilla velutina,species,False,UNRESOLVED,,UNRESOLVED_AFTER_SPANISH_NETWORK_AND_EIDOS
232,3833,Primula veris subsp. suaveolens,subspecies,False,UNRESOLVED,,UNRESOLVED_AFTER_SPANISH_NETWORK_AND_EIDOS
233,3507,Prunella hastifolia,species,False,RESOLVED,7231,RESOLVED_UNIQUE_EXACT_EIDOS_ID_VIA_DOCUMENTED_NETWORK
234,4077,Quercus cerrioides,species,False,UNRESOLVED,,UNRESOLVED_AFTER_SPANISH_NETWORK_AND_EIDOS
235,3082,Quercus faginea x Q. pusbescens,species,True,CONFLICT,,CONFLICT_HYBRID_FORMULA_REQUIRES_EXPLICIT_IDENTITY_EVIDENCE
236,3083,Quercus faginea x Q. pyrenaica,species,True,CONFLICT,,CONFLICT_HYBRID_FORMULA_REQUIRES_EXPLICIT_IDENTITY_EVIDENCE
237,3626,Quercus pubescens,species,False,CONFLICT,,CONFLICT_MULTIPLE_EXACT_EIDOS_IDS_VIA_DOCUMENTED_NETWORK
238,791,Quercus pusbescens x Q. pyrenaica,species,True,CONFLICT,,CONFLICT_HYBRID_FORMULA_REQUIRES_EXPLICIT_IDENTITY_EVIDENCE
239,5127,Ranunculus bulbosus var. aleae,variety,False,UNRESOLVED,,UNRESOLVED_AFTER_SPANISH_NETWORK_AND_EIDOS
240,5128,Ranunculus bulbosus var. hispanicus,variety,False,UNRESOLVED,,UNRESOLVED_AFTER_SPANISH_NETWORK_AND_EIDOS
241,1189,Ranunculus peltatus var. peltatus,variety,False,UNRESOLVED,,UNRESOLVED_AFTER_SPANISH_NETWORK_AND_EIDOS
242,1614,Rhamnus lycioides subsp. velutina,subspecies,False,UNRESOLVED,,UNRESOLVED_AFTER_SPANISH_NETWORK_AND_EIDOS
243,1733,Rhinanthus mediterraneus,species,False,UNRESOLVED,,UNRESOLVED_AFTER_SPANISH_NETWORK_AND_EIDOS
244,1442,Robinia pseudacacia,species,False,UNRESOLVED,,UNRESOLVED_AFTER_SPANISH_NETWORK_AND_EIDOS
245,5338,Rorippa sylvestris sylvestris,species,False,RESOLVED,7814,RESOLVED_UNIQUE_EXACT_EIDOS_ID_VIA_DOCUMENTED_NETWORK
246,2111,Rosa nitidula,species,False,RESOLVED,7616,RESOLVED_UNIQUE_EXACT_EIDOS_ID_VIA_DOCUMENTED_NETWORK
247,5157,Rubus caesius x R. ulmifolius,species,True,CONFLICT,,CONFLICT_HYBRID_FORMULA_REQUIRES_EXPLICIT_IDENTITY_EVIDENCE
248,4884,Salix atrocinerea x S. caprea,species,True,CONFLICT,,CONFLICT_HYBRID_FORMULA_REQUIRES_EXPLICIT_IDENTITY_EVIDENCE
249,2944,Salix eleagnos subsp. angustifolia,subspecies,False,UNRESOLVED,,UNRESOLVED_AFTER_SPANISH_NETWORK_AND_EIDOS
250,779,Salix purpurea var. lambertiana,variety,False,UNRESOLVED,,UNRESOLVED_AFTER_SPANISH_NETWORK_AND_EIDOS
251,78,Salix salvifolia,species,False,UNRESOLVED,,UNRESOLVED_AFTER_SPANISH_NETWORK_AND_EIDOS
252,3995,Salix x neotricha,species,True,CONFLICT,,CONFLICT_HYBRID_FORMULA_REQUIRES_EXPLICIT_IDENTITY_EVIDENCE
253,3996,Salix x rubens,species,True,CONFLICT,,CONFLICT_HYBRID_FORMULA_REQUIRES_EXPLICIT_IDENTITY_EVIDENCE
254,1821,Sanguisorba minor subsp. muricata,subspecies,False,UNRESOLVED,,UNRESOLVED_AFTER_SPANISH_NETWORK_AND_EIDOS
255,4415,Satureja acinos,species,False,RESOLVED,1795,RESOLVED_UNIQUE_EXACT_EIDOS_ID_VIA_DOCUMENTED_NETWORK
256,4593,Satureja alpina,species,False,RESOLVED,1794,RESOLVED_UNIQUE_EXACT_EIDOS_ID_VIA_DOCUMENTED_NETWORK
257,4839,Satureja ascendens,species,False,UNRESOLVED,,UNRESOLVED_AFTER_SPANISH_NETWORK_AND_EIDOS
258,4023,Satureja vulgaris subsp. vulgaris,subspecies,False,UNRESOLVED,,UNRESOLVED_AFTER_SPANISH_NETWORK_AND_EIDOS
259,4377,Saxifraga cuneata x S. fragosoi,species,True,CONFLICT,,CONFLICT_HYBRID_FORMULA_REQUIRES_EXPLICIT_IDENTITY_EVIDENCE
260,4378,Saxifraga cuneata x S. losae,species,True,CONFLICT,,CONFLICT_HYBRID_FORMULA_REQUIRES_EXPLICIT_IDENTITY_EVIDENCE
261,3982,Saxifraga x arizagae,species,True,CONFLICT,,CONFLICT_HYBRID_FORMULA_REQUIRES_EXPLICIT_IDENTITY_EVIDENCE
262,3985,Saxifraga x celtiberica,species,True,CONFLICT,,CONFLICT_HYBRID_FORMULA_REQUIRES_EXPLICIT_IDENTITY_EVIDENCE
263,4075,Scirpus cernuus,species,False,RESOLVED,5383,RESOLVED_UNIQUE_EXACT_EIDOS_ID_VIA_DOCUMENTED_NETWORK
264,4082,Scirpus cespitosus subsp. germanicum,subspecies,False,UNRESOLVED,,UNRESOLVED_AFTER_SPANISH_NETWORK_AND_EIDOS
265,3617,Scirpus holoschoenus,species,False,RESOLVED,8128,RESOLVED_BY_SPANISH_SOURCE_PRECEDENCE
266,2603,Scirpus lacustris,species,False,RESOLVED,8106,RESOLVED_UNIQUE_EXACT_EIDOS_ID_VIA_DOCUMENTED_NETWORK
267,1692,Scirpus maritimus,species,False,RESOLVED,2673,RESOLVED_UNIQUE_EXACT_EIDOS_ID_VIA_DOCUMENTED_NETWORK
268,335,Scirpus setaceus,species,False,RESOLVED,5387,RESOLVED_UNIQUE_EXACT_EIDOS_ID_VIA_DOCUMENTED_NETWORK
269,627,Scirpus supinus,species,False,RESOLVED,8112,RESOLVED_UNIQUE_EXACT_EIDOS_ID_VIA_DOCUMENTED_NETWORK
270,4679,Scorzonera angustifolia var. angustifolia,variety,False,UNRESOLVED,,UNRESOLVED_AFTER_SPANISH_NETWORK_AND_EIDOS
271,2604,Senecio laderoi subsp. laderoi,subspecies,False,UNRESOLVED,,UNRESOLVED_AFTER_SPANISH_NETWORK_AND_EIDOS
272,1495,Serapias lingua x parviflora,species,True,CONFLICT,,CONFLICT_HYBRID_FORMULA_REQUIRES_EXPLICIT_IDENTITY_EVIDENCE
273,2699,Serratula leucantha,species,False,UNRESOLVED,,UNRESOLVED_AFTER_SPANISH_NETWORK_AND_EIDOS
274,3625,Seseli libanotis subsp. libanotis,subspecies,False,UNRESOLVED,,UNRESOLVED_AFTER_SPANISH_NETWORK_AND_EIDOS
275,5145,Sesleria caerulea,species,False,UNRESOLVED,,UNRESOLVED_AFTER_SPANISH_NETWORK_AND_EIDOS
276,5184,Sideritis camarae,species,False,RESOLVED,8280,RESOLVED_UNIQUE_EXACT_EIDOS_ID_VIA_DOCUMENTED_NETWORK
277,2431,Sideritis hyssopifolia subsp. hyssopifolia,subspecies,False,UNRESOLVED,,UNRESOLVED_AFTER_SPANISH_NETWORK_AND_EIDOS
278,1896,Sideritis montana subsp. ebracteata,subspecies,False,UNRESOLVED,,UNRESOLVED_AFTER_SPANISH_NETWORK_AND_EIDOS
279,1709,Simethis mattiazzi,species,False,RESOLVED,32028,RESOLVED_UNIQUE_EXACT_EIDOS_ID_VIA_DOCUMENTED_NETWORK
280,4887,Sixalix atropurpurea,species,False,RESOLVED,8066,RESOLVED_UNIQUE_EXACT_EIDOS_ID_VIA_DOCUMENTED_NETWORK
281,3916,Solidago virgaurea subsp. fallit-tirones,subspecies,False,UNRESOLVED,,UNRESOLVED_AFTER_SPANISH_NETWORK_AND_EIDOS
282,4780,Sorbus aria subsp. aria,subspecies,False,UNRESOLVED,,UNRESOLVED_AFTER_SPANISH_NETWORK_AND_EIDOS
283,4898,Sorbus aucuparia subsp. aucuparia,subspecies,False,UNRESOLVED,,UNRESOLVED_AFTER_SPANISH_NETWORK_AND_EIDOS
284,1941,Sorbus mougeotii,species,False,RESOLVED,8562,RESOLVED_UNIQUE_EXACT_EIDOS_ID_VIA_DOCUMENTED_NETWORK
285,2231,Stachys officinalis subsp. officinalis,subspecies,False,UNRESOLVED,,UNRESOLVED_AFTER_SPANISH_NETWORK_AND_EIDOS
286,923,Stachys recta subsp. recta,subspecies,False,UNRESOLVED,,UNRESOLVED_AFTER_SPANISH_NETWORK_AND_EIDOS
287,3394,Taraxacum gr. erythrospermum,species,False,UNRESOLVED,,UNRESOLVED_AFTER_SPANISH_NETWORK_AND_EIDOS
288,3397,Taraxacum gr. officinale,species,False,UNRESOLVED,,UNRESOLVED_AFTER_SPANISH_NETWORK_AND_EIDOS
289,392,Taraxacum sp.,species,False,UNRESOLVED,,UNRESOLVED_AFTER_SPANISH_NETWORK_AND_EIDOS
290,1690,Tetragonolobus maritimus var. hirsutus,variety,False,UNRESOLVED,,UNRESOLVED_AFTER_SPANISH_NETWORK_AND_EIDOS
291,5313,Tilia x vulgaris,species,True,CONFLICT,,CONFLICT_HYBRID_FORMULA_REQUIRES_EXPLICIT_IDENTITY_EVIDENCE
292,4813,Torilis arvensis subsp. arvensis,subspecies,False,UNRESOLVED,,UNRESOLVED_AFTER_SPANISH_NETWORK_AND_EIDOS
293,2626,Tragopogon lamottei,species,False,UNRESOLVED,,UNRESOLVED_AFTER_SPANISH_NETWORK_AND_EIDOS
294,1910,Trifolium montanum subsp. montanum,subspecies,False,UNRESOLVED,,UNRESOLVED_AFTER_SPANISH_NETWORK_AND_EIDOS
295,945,Trifolium repens subsp. nevadense,subspecies,False,UNRESOLVED,,UNRESOLVED_AFTER_SPANISH_NETWORK_AND_EIDOS
296,946,Trifolium repens subsp. repens,subspecies,False,UNRESOLVED,,UNRESOLVED_AFTER_SPANISH_NETWORK_AND_EIDOS
297,3445,Trinia glauca subsp. glauca,subspecies,False,UNRESOLVED,,UNRESOLVED_AFTER_SPANISH_NETWORK_AND_EIDOS
298,3988,Ulmus x hollandica,species,True,CONFLICT,,CONFLICT_HYBRID_FORMULA_REQUIRES_EXPLICIT_IDENTITY_EVIDENCE
299,5271,Valerianella carinata,species,False,UNRESOLVED,,UNRESOLVED_AFTER_SPANISH_NETWORK_AND_EIDOS
300,1582,Valerianella lusitanica,species,False,RESOLVED,9247,RESOLVED_UNIQUE_EXACT_EIDOS_ID_VIA_DOCUMENTED_NETWORK
301,1969,Valerianella muricata,species,False,RESOLVED,9245,RESOLVED_UNIQUE_EXACT_EIDOS_ID_VIA_DOCUMENTED_NETWORK
302,5343,Verbascum rotundifolium ripacurcicum,species,False,RESOLVED,9297,RESOLVED_UNIQUE_EXACT_EIDOS_ID_VIA_DOCUMENTED_NETWORK
303,240,Verbascum thapsus subsp. crassifolium,subspecies,False,UNRESOLVED,,UNRESOLVED_AFTER_SPANISH_NETWORK_AND_EIDOS
304,241,Verbascum thapsus subsp. montanum,subspecies,False,UNRESOLVED,,UNRESOLVED_AFTER_SPANISH_NETWORK_AND_EIDOS
305,242,Verbascum thapsus subsp. thapsus,subspecies,False,UNRESOLVED,,UNRESOLVED_AFTER_SPANISH_NETWORK_AND_EIDOS
306,4923,Veronica austriaca subsp. vahlii,subspecies,False,UNRESOLVED,,UNRESOLVED_AFTER_SPANISH_NETWORK_AND_EIDOS
307,3512,Veronica hederifolia subsp. hederifolia,subspecies,False,UNRESOLVED,,UNRESOLVED_AFTER_SPANISH_NETWORK_AND_EIDOS
308,2372,Vicia pannonica var. purpurascens,variety,False,UNRESOLVED,,UNRESOLVED_AFTER_SPANISH_NETWORK_AND_EIDOS
309,105,Vicia sativa subsp. nigra,subspecies,False,UNRESOLVED,,UNRESOLVED_AFTER_SPANISH_NETWORK_AND_EIDOS
