universe_index,family,taxon,issue,detail
5,SAPINDACEAE,Acer monspessulanum x A. campestre,NO_EXACT_TAXON_MATCH,
8,ASTERACEAE,Achillea ageratum,NO_API_TAXON,
11,ASTERACEAE,Achillea millefolium subsp. millefolium,NO_EXACT_TAXON_MATCH,
12,ASTERACEAE,Achillea odorata,NO_API_TAXON,
14,ASTERACEAE,Achillea ptarmica subsp. pyrenaica,NO_EXACT_TAXON_MATCH,
15,ASTERACEAE,Achillea tomentosa,NO_API_TAXON,
16,LAMIACEAE,Acinos alpinus,NO_API_TAXON,
17,LAMIACEAE,Acinos arvensis,NO_API_TAXON,
18,RANUNCULACEAE,Aconitum anthora,NO_API_TAXON,
20,RANUNCULACEAE,Aconitum vulgaria subsp. neapolitanum,NO_API_TAXON,
26,RANUNCULACEAE,Adonis aestivalis subsp. squarrosa,NO_EXACT_TAXON_MATCH,
38,BRASSICACEAE,Aethionema marginatum,NO_API_TAXON,
39,BRASSICACEAE,Aethionema monospermum,NO_API_TAXON,
41,BRASSICACEAE,Aethionema saxatile subsp. ovalifolium,NO_EXACT_TAXON_MATCH,
42,BRASSICACEAE,Aethionema thomasianum,NO_API_TAXON,
44,POACEAE,Agropyron cristatum subsp. pectinatum,NO_EXACT_TAXON_MATCH,
46,POACEAE,Agrostis alpina,NO_API_TAXON,
50,POACEAE,Agrostis curtisii,NO_API_TAXON,
51,POACEAE,Agrostis delicatula,NO_API_TAXON,
56,POACEAE,Aira praecox,NO_API_TAXON,
58,AIZOACEAE,Aizoon hispanicum,NO_API_TAXON,
62,MALVACEAE,Alcea rosea,NO_API_TAXON,
63,ROSACEAE,Alchemilla alpigena,NO_API_TAXON,
64,ROSACEAE,Alchemilla alpina,NO_API_TAXON,
65,ROSACEAE,Alchemilla basaltica,NO_API_TAXON,
66,ROSACEAE,Alchemilla colorata,NO_API_TAXON,
67,ROSACEAE,Alchemilla coriacea,NO_API_TAXON,
68,ROSACEAE,Alchemilla filicaulis,NO_API_TAXON,
69,ROSACEAE,Alchemilla filicaulis var. vestita,NO_API_TAXON,
71,ROSACEAE,Alchemilla plicatula,NO_API_TAXON,
72,ROSACEAE,Alchemilla polatschekiana,NO_API_TAXON,
73,ROSACEAE,Alchemilla santanderiensis,NO_API_TAXON,
74,ROSACEAE,Alchemilla saxatilis,NO_API_TAXON,
75,ROSACEAE,Alchemilla saxetana,NO_API_TAXON,
76,ROSACEAE,Alchemilla spectabilior,NO_API_TAXON,
78,ROSACEAE,Alchemilla tenuis,NO_API_TAXON,
79,ROSACEAE,Alchemilla transiens,NO_API_TAXON,
80,ROSACEAE,Alchemilla vetteri,NO_API_TAXON,
86,AMARYLLIDACEAE,Allium guttatum subsp. sardoum,NO_EXACT_TAXON_MATCH,
87,AMARYLLIDACEAE,Allium lusitanicum,NO_API_TAXON,
89,AMARYLLIDACEAE,Allium oleraceum var. oleraceum,NO_EXACT_TAXON_MATCH,
92,AMARYLLIDACEAE,Allium schoenoprassum,NO_API_TAXON,
94,AMARYLLIDACEAE,Allium scorodoprasum subsp. rotundum,NO_EXACT_TAXON_MATCH,
100,PTERIDACEAE,Allosurus acrosticus,NO_API_TAXON,
101,PTERIDACEAE,Allosurus pteridioides,NO_API_TAXON,
108,MALVACEAE,Althaea cannabina,NO_API_TAXON,
113,BRASSICACEAE,Alyssum granatense,NO_API_TAXON,
114,BRASSICACEAE,Alyssum linifolium,NO_API_TAXON,
117,BRASSICACEAE,Alyssum serpyllifolium,NO_API_TAXON,
123,AMARANTHACEAE,Amaranthus graecizans subsp. silvestris,NO_EXACT_TAXON_MATCH,
126,AMARANTHACEAE,Amaranthus powelli,NO_API_TAXON,
135,ASTERACEAE,Anacyclus valentinus,NO_API_TAXON,
136,PLANTAGINACEAE,Anarrhinum bellidifolium,NO_API_TAXON,
137,BORAGINACEAE,Anchusa arvensis,NO_API_TAXON,
139,BORAGINACEAE,Anchusa italica,NO_API_TAXON,
144,ASTERACEAE,Andryala ragusina,NO_API_TAXON,
145,ASTERACEAE,Andryala ragusina var. ragusina,NO_API_TAXON,
146,RANUNCULACEAE,Anemone nemorosa,NO_API_TAXON,
147,RANUNCULACEAE,Anemone ranunculoides,NO_API_TAXON,
149,APIACEAE,Angelica major,NO_API_TAXON,
153,ORCHIDACEAE,Anteriorchis fragrans,NO_API_TAXON,
154,ASTERACEAE,Anthemis alpestris,NO_API_TAXON,
156,ASTERACEAE,Anthemis carpatica,NO_API_TAXON,
158,ASTERACEAE,Anthemis triumfetti,NO_API_TAXON,
161,POACEAE,Anthoxanthum ovatum subsp. aristatum,NO_EXACT_TAXON_MATCH,
164,FABACEAE,Anthyllis montana subsp. hispanica,NO_EXACT_TAXON_MATCH,
165,FABACEAE,Anthyllis vulneraria subsp. alpestris,NO_EXACT_TAXON_MATCH,
166,FABACEAE,Anthyllis vulneraria subsp. gandogeri,NO_EXACT_TAXON_MATCH,
167,FABACEAE,Anthyllis vulneraria subsp. iberica,NO_EXACT_TAXON_MATCH,
168,FABACEAE,Anthyllis vulneraria subsp. sampaioana,NO_EXACT_TAXON_MATCH,
169,FABACEAE,Anthyllis vulneraria subsp. vulnerarioides,NO_EXACT_TAXON_MATCH,
170,PLANTAGINACEAE,Antirrhinum barrelieri,NO_API_TAXON,
171,PLANTAGINACEAE,Antirrhinum braun-blanquetii,NO_API_TAXON,
172,PLANTAGINACEAE,Antirrhinum litigiosum,NO_API_TAXON,
174,ROSACEAE,Aphanes arvensis,NO_API_TAXON,
175,ROSACEAE,Aphanes australis,NO_API_TAXON,
176,ROSACEAE,Aphanes cornucopioides,NO_API_TAXON,
177,ROSACEAE,Aphanes microcarpa,NO_API_TAXON,
180,APIACEAE,Apium nodiflorum,NO_API_TAXON,
186,BRASSICACEAE,Arabis parvula,NO_API_TAXON,
187,BRASSICACEAE,Arabis planisiliqua,NO_API_TAXON,
188,BRASSICACEAE,Arabis scabra,NO_API_TAXON,
189,BRASSICACEAE,Arabis serpillifolia,NO_API_TAXON,
190,BRASSICACEAE,Arabis turrita,NO_API_TAXON,
195,CARYOPHYLLACEAE,Arenaria erinacea,NO_API_TAXON,
196,CARYOPHYLLACEAE,Arenaria grandiflora,NO_API_TAXON,
199,CARYOPHYLLACEAE,Arenaria modesta,NO_API_TAXON,
200,CARYOPHYLLACEAE,Arenaria montana,NO_API_TAXON,
201,CARYOPHYLLACEAE,Arenaria pomelii subsp. ciliaris,NO_API_TAXON,
206,PLUMBAGINACEAE,Armeria alliacea subsp. matritensis,NO_API_TAXON,
208,PLUMBAGINACEAE,Armeria arenaria subsp. arenaria,NO_EXACT_TAXON_MATCH,
209,PLUMBAGINACEAE,Armeria arenaria subsp. bilbilitana,NO_EXACT_TAXON_MATCH,
210,PLUMBAGINACEAE,Armeria bigerrensis subsp. losae,NO_EXACT_TAXON_MATCH,
211,PLUMBAGINACEAE,Armeria cantabrica,NO_API_TAXON,
212,ASTERACEAE,Arnoseris minima,NO_API_TAXON,
215,POACEAE,Arrhenatherum elatius subsp. bulbosum,NO_EXACT_TAXON_MATCH,
216,POACEAE,Arrhenatherum elatius subsp. sardoum,NO_EXACT_TAXON_MATCH,
220,ASTERACEAE,Artemisia herba-alba,NO_API_TAXON,
225,ARACEAE,Arum orientale subsp. orientale,NO_EXACT_TAXON_MATCH,
229,RUBIACEAE,Asperula aristata subsp. scabra,NO_API_TAXON,
231,RUBIACEAE,Asperula cynanchica,NO_API_TAXON,
232,RUBIACEAE,Asperula pyrenaica,NO_API_TAXON,
235,ASPHODELACEAE,Asphodelus albus subsp. albus,NO_EXACT_TAXON_MATCH,
236,ASPHODELACEAE,Asphodelus ayardii,NO_API_TAXON,
240,ASPHODELACEAE,Asphodelus serotinum,NO_API_TAXON,
242,ASPLENIACEAE,Asplenium billotii,NO_API_TAXON,
244,ASPLENIACEAE,Asplenium csikii,NO_API_TAXON,
246,ASPLENIACEAE,Asplenium obovatum subsp. lanceolatum,NO_EXACT_TAXON_MATCH,
247,ASPLENIACEAE,Asplenium onopteris,NO_API_TAXON,
251,ASPLENIACEAE,Asplenium seelosii subsp. glabrum,NO_EXACT_TAXON_MATCH,
254,ASPLENIACEAE,Asplenium trichomanes subsp. hastatum,NO_EXACT_TAXON_MATCH,
255,ASPLENIACEAE,Asplenium trichomanes subsp. quadrivalens,NO_EXACT_TAXON_MATCH,
257,ASPLENIACEAE,Asplenium x alternifolium,UNPARSABLE_NAME,
258,ASPLENIACEAE,Asplenium x sarniense,UNPARSABLE_NAME,
259,ASPLENIACEAE,Asplenium x souchei,UNPARSABLE_NAME,
260,ASPLENIACEAE,Asplenium x staufferi,UNPARSABLE_NAME,
261,ASPLENIACEAE,Asplenium x ticinense,UNPARSABLE_NAME,
263,ASTERACEAE,Aster aragonensis,NO_API_TAXON,
264,ASTERACEAE,Aster linosyris,NO_API_TAXON,
265,ASTERACEAE,Aster squamatus,NO_API_TAXON,
266,ASTERACEAE,Aster willkommii,NO_API_TAXON,
268,PRIMULACEAE,Asterolinon linum-stellatum,NO_API_TAXON,
269,FABACEAE,Astragalus alopecuroides,NO_API_TAXON,
273,FABACEAE,Astragalus glaux,NO_API_TAXON,
277,FABACEAE,Astragalus incanus,NO_API_TAXON,
278,FABACEAE,Astragalus incanus subsp. nummularioides,NO_API_TAXON,
280,FABACEAE,Astragalus monspessulanus subsp. gypsophilus,NO_EXACT_TAXON_MATCH,
281,FABACEAE,Astragalus nevadensis subsp. muticus,NO_API_TAXON,
287,ATHYRIACEAE,Athyrium distentifolium,NO_API_TAXON,
296,SOLANACEAE,Atropa belladona,NO_API_TAXON,
299,POACEAE,Avena barbata subsp. barbata,NO_EXACT_TAXON_MATCH,
302,POACEAE,Avena sativa subsp. byzantina,NO_EXACT_TAXON_MATCH,
303,POACEAE,Avena sterilis subsp. ludoviciana,NO_EXACT_TAXON_MATCH,
304,POACEAE,Avena sterilis subsp. sterilis,NO_EXACT_TAXON_MATCH,
306,POACEAE,Avenula pratensis subsp. iberica,NO_API_TAXON,
307,POACEAE,Avenula pratensis var. paniculata,NO_API_TAXON,
308,POACEAE,Avenula pratensis var. vasconica,NO_API_TAXON,
309,POACEAE,Avenula sulcata subsp. sulcata,NO_API_TAXON,
313,LAMIACEAE,Ballota nigra subsp. foetida,NO_EXACT_TAXON_MATCH,
316,OROBANCHACEAE,Bartsia trixago,NO_API_TAXON,
319,AMARANTHACEAE,Bassia scoparia subsp. densiflora,NO_EXACT_TAXON_MATCH,
324,AMARANTHACEAE,Beta vulgaris subsp. vulgaris,NO_EXACT_TAXON_MATCH,
325,BETULACEAE,Betula alba,NO_API_TAXON,
326,BETULACEAE,Betula alba var. alba,NO_API_TAXON,
327,BETULACEAE,Betula alba var. glabrata,NO_API_TAXON,
329,BETULACEAE,Betula pendula var. meridionalis,NO_EXACT_TAXON_MATCH,
332,ASTERACEAE,Bidens aureus,NO_API_TAXON,
333,ASTERACEAE,Bidens cernuus,NO_API_TAXON,
335,ASTERACEAE,Bidens tripartitus,NO_API_TAXON,
337,BRASSICACEAE,Biscutella intermedia,NO_API_TAXON,
338,BRASSICACEAE,Biscutella valentina,NO_API_TAXON,
339,BRASSICACEAE,Biscutella valentina var. laevigata,NO_API_TAXON,
340,BRASSICACEAE,Biscutella valentina var. valentina,NO_API_TAXON,
346,BLECHNACEAE,Blechnum spicant var. spicant,NO_EXACT_TAXON_MATCH,
353,OROBANCHACEAE,Bouardia latisquama,NO_API_TAXON,
356,POACEAE,Brachypodium pinnatum subsp. rupestre,NO_EXACT_TAXON_MATCH,
360,BRASSICACEAE,Brassica nigra,NO_API_TAXON,
361,BRASSICACEAE,Brassica repanda subsp. cantabrica,NO_EXACT_TAXON_MATCH,
362,BRASSICACEAE,Brassica repanda subsp. nudicaulis,NO_EXACT_TAXON_MATCH,
372,POACEAE,Bromus erectus subsp. erectus,NO_EXACT_TAXON_MATCH,
376,POACEAE,Bromus racemosus,NO_API_TAXON,
377,POACEAE,Bromus ramosus,NO_API_TAXON,
384,CARYOPHYLLACEAE,Bufonia tenuifolia,NO_API_TAXON,
386,BORAGINACEAE,Buglossoides arvensis subsp. permixta,NO_EXACT_TAXON_MATCH,
388,APIACEAE,Bupleurum baldense,NO_API_TAXON,
390,APIACEAE,Bupleurum fruticescens,NO_API_TAXON,
393,APIACEAE,Bupleurum praealtum,NO_API_TAXON,
394,APIACEAE,Bupleurum ranunculoides,NO_API_TAXON,
395,APIACEAE,Bupleurum rigidum,NO_API_TAXON,
398,APIACEAE,Bupleurum tenuissimum,NO_API_TAXON,
401,POACEAE,Calamagrostis epigeros,NO_API_TAXON,
403,LAMIACEAE,Calamintha nepeta,NO_API_TAXON,
404,LAMIACEAE,Calamintha nepeta subsp. sylvatica,NO_API_TAXON,
413,CONVOLVULACEAE,Calystegia sepium subsp. sepium,NO_EXACT_TAXON_MATCH,
415,CAMPANULACEAE,Campanula dieckii,NO_API_TAXON,
417,CAMPANULACEAE,Campanula fastigiata,NO_API_TAXON,
419,CAMPANULACEAE,Campanula hispanica,NO_API_TAXON,
420,CAMPANULACEAE,Campanula matritensis,NO_API_TAXON,
422,CAMPANULACEAE,Campanula paui,NO_API_TAXON,
426,CAMPANULACEAE,Campanula rotundifolia subsp. hispanica,NO_EXACT_TAXON_MATCH,
427,CAMPANULACEAE,Campanula scheuchzeri,NO_API_TAXON,
429,CAMPANULACEAE,Campanula urbionensis,NO_API_TAXON,
430,AMARANTHACEAE,Camphorosma monspeliaca,NO_API_TAXON,
436,ASTERACEAE,Carduncellus mitissimus,NO_API_TAXON,
437,ASTERACEAE,Carduncellus monspelliensium,NO_API_TAXON,
438,ASTERACEAE,Carduus assoi,NO_API_TAXON,
439,ASTERACEAE,Carduus bourgeanus,NO_API_TAXON,
440,ASTERACEAE,Carduus carlinoides,NO_API_TAXON,
441,ASTERACEAE,Carduus carpetanus,NO_API_TAXON,
442,ASTERACEAE,Carduus defloratus subsp. medius,NO_API_TAXON,
445,ASTERACEAE,Carduus nutans subsp. nutans,NO_EXACT_TAXON_MATCH,
447,ASTERACEAE,Carduus tenuiflorus,NO_API_TAXON,
450,CYPERACEAE,Carex asturica,NO_API_TAXON,
451,CYPERACEAE,Carex binervis,NO_API_TAXON,
452,CYPERACEAE,Carex brevicollis,NO_API_TAXON,
455,CYPERACEAE,Carex caryophyllea,NO_API_TAXON,
462,CYPERACEAE,Carex divulsa subsp. divulsa,NO_EXACT_TAXON_MATCH,
463,CYPERACEAE,Carex divulsa subsp. leersii,NO_EXACT_TAXON_MATCH,
466,CYPERACEAE,Carex elata subsp. elata,NO_EXACT_TAXON_MATCH,
468,CYPERACEAE,Carex flacca subsp. flacca,NO_EXACT_TAXON_MATCH,
469,CYPERACEAE,Carex flacca subsp. serrulata,NO_EXACT_TAXON_MATCH,
470,CYPERACEAE,Carex hallerana,NO_API_TAXON,
473,CYPERACEAE,Carex humilis,NO_API_TAXON,
477,CYPERACEAE,Carex liparocarpos,NO_API_TAXON,
479,CYPERACEAE,Carex mairii,NO_API_TAXON,
481,CYPERACEAE,Carex ornithopoda,NO_API_TAXON,
483,CYPERACEAE,Carex ovalis,NO_API_TAXON,
484,CYPERACEAE,Carex pairae,NO_API_TAXON,
485,CYPERACEAE,Carex pallescens,NO_API_TAXON,
491,CYPERACEAE,Carex pulicaris,NO_API_TAXON,
495,CYPERACEAE,Carex spicata,NO_API_TAXON,
496,CYPERACEAE,Carex sylvatica,NO_API_TAXON,
497,CYPERACEAE,Carex sylvatica subsp. sylvatica,NO_API_TAXON,
498,ASTERACEAE,Carlina acanthifolia subsp. cynara,NO_EXACT_TAXON_MATCH,
500,ASTERACEAE,Carlina corymbosa subsp. hispanica,NO_EXACT_TAXON_MATCH,
502,ASTERACEAE,Carlina vulgaris subsp. spinosa,NO_EXACT_TAXON_MATCH,
503,ASTERACEAE,Carlina vulgaris subsp. vulgaris,NO_EXACT_TAXON_MATCH,
508,ASTERACEAE,Catananche caerulea,NO_API_TAXON,
512,ASTERACEAE,Centaurea aspera,NO_API_TAXON,
513,ASTERACEAE,Centaurea aspera subsp. aspera,NO_API_TAXON,
514,ASTERACEAE,Centaurea bofiliana,NO_API_TAXON,
516,ASTERACEAE,Centaurea cephalariifolia,NO_API_TAXON,
518,ASTERACEAE,Centaurea debeauxii,NO_API_TAXON,
519,ASTERACEAE,Centaurea graminifolia,NO_API_TAXON,
520,ASTERACEAE,Centaurea jacea subsp. angustifolia,NO_EXACT_TAXON_MATCH,
522,ASTERACEAE,Centaurea lagascana,NO_API_TAXON,
524,ASTERACEAE,Centaurea linifolia,NO_API_TAXON,
526,ASTERACEAE,Centaurea montana,NO_API_TAXON,
527,ASTERACEAE,Centaurea nigra,NO_API_TAXON,
528,ASTERACEAE,Centaurea ornata,NO_API_TAXON,
529,ASTERACEAE,Centaurea paniculata,NO_API_TAXON,
532,ASTERACEAE,Centaurea triumfetti subsp. semidecurrens,NO_API_TAXON,
533,ASTERACEAE,Centaurea vinyalsii,NO_API_TAXON,
534,ASTERACEAE,Centaurea x zubiae,UNPARSABLE_NAME,
536,GENTIANACEAE,Centaurium grandiflorum,NO_API_TAXON,
537,GENTIANACEAE,Centaurium grandiflorum subsp. majus,NO_API_TAXON,
539,GENTIANACEAE,Centaurium quadrifolium subsp. parviflorum,NO_API_TAXON,
541,CAPRIFOLIACEAE,Centranthus calcitrape,NO_API_TAXON,
542,CAPRIFOLIACEAE,Centranthus lecoqii,NO_API_TAXON,
543,CAPRIFOLIACEAE,Centranthus ruber,NO_API_TAXON,
544,CAPRIFOLIACEAE,Centranthus ruber subsp. ruber,NO_API_TAXON,
551,CARYOPHYLLACEAE,Cerastium cerastoides,NO_API_TAXON,
552,CARYOPHYLLACEAE,Cerastium diffusum,NO_API_TAXON,
553,CARYOPHYLLACEAE,Cerastium fontanum subsp. vulgare,NO_EXACT_TAXON_MATCH,
559,PAPAVERACEAE,Ceratocapnos claviculata,NO_API_TAXON,
560,RANUNCULACEAE,Ceratocephala falcata,NO_API_TAXON,
563,PLANTAGINACEAE,Chaenorhinum crassifolium,NO_API_TAXON,
564,PLANTAGINACEAE,Chaenorhinum exile,NO_API_TAXON,
568,PLANTAGINACEAE,Chaenorhinum rupestre,NO_API_TAXON,
569,PLANTAGINACEAE,Chaenorhinum segoviense,NO_API_TAXON,
570,PLANTAGINACEAE,Chaenorhinum semiglabrum,NO_API_TAXON,
573,APIACEAE,Chaerophyllum hirsutum,NO_API_TAXON,
575,APIACEAE,Chaerophyllum temulentum,NO_API_TAXON,
577,IRIDACEAE,Chamaeiris foetidissima,NO_API_TAXON,
578,IRIDACEAE,Chamaeiris reichenbachiana,NO_API_TAXON,
579,ASTERACEAE,Chamaemelaum nobile,NO_API_TAXON,
581,FABACEAE,Chamaespartium delphinense,NO_API_TAXON,
582,FABACEAE,Chamaespartium sagittale,NO_API_TAXON,
583,EUPHORBIACEAE,Chamaesyce canescens,NO_API_TAXON,
584,EUPHORBIACEAE,Chamaesyce prostrata,NO_API_TAXON,
585,EUPHORBIACEAE,Chamaesyce serpens,NO_API_TAXON,
586,PTERIDACEAE,Cheilanthes acrostica,NO_API_TAXON,
587,PTERIDACEAE,Cheilanthes maderensis,NO_API_TAXON,
588,ASTERACEAE,Cheirolophus intybaceus,NO_API_TAXON,
591,AMARANTHACEAE,Chenopodium album subsp. reticulatum,NO_EXACT_TAXON_MATCH,
592,AMARANTHACEAE,Chenopodium ambrosioides,NO_API_TAXON,
593,AMARANTHACEAE,Chenopodium bonus-henricus,NO_API_TAXON,
594,AMARANTHACEAE,Chenopodium botrys,NO_API_TAXON,
596,AMARANTHACEAE,Chenopodium exsuccum,NO_API_TAXON,
599,AMARANTHACEAE,Chenopodium hybridum,NO_API_TAXON,
600,AMARANTHACEAE,Chenopodium murale,NO_API_TAXON,
603,AMARANTHACEAE,Chenopodium urbicum,NO_API_TAXON,
608,SAXIFRAGACEAE,Chrysosplenium oppositifolium,NO_API_TAXON,
610,FABACEAE,Cicer arietinum,NO_API_TAXON,
614,ASTERACEAE,Cirsium echinatum,NO_API_TAXON,
616,ASTERACEAE,Cirsium ferox,NO_API_TAXON,
617,ASTERACEAE,Cirsium filipendulum,NO_API_TAXON,
618,ASTERACEAE,Cirsium monspessulanum,NO_API_TAXON,
619,ASTERACEAE,Cirsium odontolepis,NO_API_TAXON,
620,ASTERACEAE,Cirsium palustre,NO_API_TAXON,
621,ASTERACEAE,Cirsium pyrenaicum,NO_API_TAXON,
622,ASTERACEAE,Cirsium richterianum subsp. giraudiasii,NO_API_TAXON,
623,ASTERACEAE,Cirsium tuberosum,NO_API_TAXON,
624,ASTERACEAE,Cirsium valdespinulosum,NO_API_TAXON,
626,CISTACEAE,Cistus albidus,NO_API_TAXON,
627,CISTACEAE,Cistus clusii,NO_API_TAXON,
629,CISTACEAE,Cistus populifolius,NO_API_TAXON,
630,CISTACEAE,Cistus salvifolius,NO_API_TAXON,
637,BRASSICACEAE,Clypeola jonthlaspi subsp. microcarpa,NO_EXACT_TAXON_MATCH,
644,FABACEAE,Colutea atlantica,NO_API_TAXON,
645,FABACEAE,Colutea brevialata,NO_API_TAXON,
647,APIACEAE,Conopodium arvense,NO_API_TAXON,
648,APIACEAE,Conopodium bourgaei,NO_API_TAXON,
649,APIACEAE,Conopodium capillifolium,NO_API_TAXON,
650,APIACEAE,Conopodium majus subsp. marizianum,NO_API_TAXON,
651,APIACEAE,Conopodium pyrenaeum,NO_API_TAXON,
652,APIACEAE,Conopodium ramosum,NO_API_TAXON,
653,APIACEAE,Conopodium subcarneum,NO_API_TAXON,
655,RANUNCULACEAE,Consolida pubescens,NO_API_TAXON,
659,CONVOLVULACEAE,Convolvulus lanuginosus,NO_API_TAXON,
662,PRIMULACEAE,Coris monspeliensis subsp. fontqueri,NO_EXACT_TAXON_MATCH,
664,CORNACEAE,Cornus sanguinea subsp. sanguinea,NO_EXACT_TAXON_MATCH,
665,FABACEAE,Coronilla glauca,NO_API_TAXON,
666,FABACEAE,Coronilla minima,NO_API_TAXON,
667,FABACEAE,Coronilla minima subsp. lotoides,NO_API_TAXON,
669,FABACEAE,Coronilla valentina subsp. glauca,NO_EXACT_TAXON_MATCH,
670,BRASSICACEAE,Coronopus didymus,NO_API_TAXON,
673,CARYOPHYLLACEAE,Corrigiola litoralis subsp. litoralis,NO_EXACT_TAXON_MATCH,
676,PAPAVERACEAE,Corydalis cava subsp. cava,NO_EXACT_TAXON_MATCH,
677,PAPAVERACEAE,Corydalis intermedia,NO_API_TAXON,
679,POACEAE,Corynephorus canescens,NO_API_TAXON,
682,ROSACEAE,Cotoneaster horizontalis,NO_API_TAXON,
688,ASTERACEAE,Crepis albida,NO_API_TAXON,
689,ASTERACEAE,Crepis albida subsp. albida,NO_API_TAXON,
690,ASTERACEAE,Crepis albida subsp. longicaulis,NO_API_TAXON,
693,ASTERACEAE,Crepis lampsanoides,NO_API_TAXON,
696,ASTERACEAE,Crepis taraxacifolia,NO_API_TAXON,
698,ASTERACEAE,Crepis vesicaria subsp. vesicaria,NO_EXACT_TAXON_MATCH,
700,IRIDACEAE,Crocus nudiflorus,NO_API_TAXON,
703,RUBIACEAE,Cruciata glabra subsp. hirticaulis,NO_EXACT_TAXON_MATCH,
708,POACEAE,Ctenopsis delicatula,NO_API_TAXON,
709,CARYOPHYLLACEAE,Cucubalus baccifer,NO_API_TAXON,
715,CONVOLVULACEAE,Cuscuta nivea,NO_API_TAXON,
718,ASTERACEAE,Cynara cardunculus subsp. flavescens,NO_EXACT_TAXON_MATCH,
720,BORAGINACEAE,Cynoglossum cheirifolium,NO_API_TAXON,
722,BORAGINACEAE,Cynoglossum dioscoridis,NO_API_TAXON,
723,BORAGINACEAE,Cynoglossum germanicum subsp. pellucidum,NO_API_TAXON,
733,CYSTOPTERIDACEAE,Cystopteris dickieana,NO_API_TAXON,
735,CYSTOPTERIDACEAE,Cystopteris fragilis subsp. fragilis,NO_EXACT_TAXON_MATCH,
736,CYSTOPTERIDACEAE,Cystopteris fragilis subsp. huteri,NO_EXACT_TAXON_MATCH,
738,CYTINACEAE,Cytinus hypocistis subsp. macranthus,NO_EXACT_TAXON_MATCH,
746,POACEAE,Dactylis hispanica,NO_API_TAXON,
748,ORCHIDACEAE,Dactylorhiza ericetorum,NO_API_TAXON,
751,ORCHIDACEAE,Dactylorhiza markusii,NO_API_TAXON,
760,RANUNCULACEAE,Delphinium halteratum subsp. verdunense,NO_API_TAXON,
761,POACEAE,Deschampsia cespitosa subsp. media,NO_EXACT_TAXON_MATCH,
762,POACEAE,Deschampsia cespitosa subsp. subtriflora,NO_EXACT_TAXON_MATCH,
763,POACEAE,Deschampsia flexuosa,NO_API_TAXON,
764,POACEAE,Deschampsia hispanica,NO_API_TAXON,
766,APIACEAE,Dethawia splendens subsp. cantabrica,NO_API_TAXON,
768,CARYOPHYLLACEAE,Dianthus armeria subsp. armeria,NO_EXACT_TAXON_MATCH,
769,CARYOPHYLLACEAE,Dianthus broteri,NO_API_TAXON,
770,CARYOPHYLLACEAE,Dianthus carthusianorum,NO_API_TAXON,
772,CARYOPHYLLACEAE,Dianthus hyssopifolius,NO_API_TAXON,
774,CARYOPHYLLACEAE,Dianthus lusitanus,NO_API_TAXON,
775,CARYOPHYLLACEAE,Dianthus pungens subsp. brachyanthus,NO_API_TAXON,
776,CARYOPHYLLACEAE,Dianthus pungens subsp. hispanicus,NO_API_TAXON,
777,APIACEAE,Dichoropetalum carvifolia,NO_API_TAXON,
778,PLANTAGINACEAE,Digitalis obscura,NO_API_TAXON,
779,PLANTAGINACEAE,Digitalis parviflora,NO_API_TAXON,
781,PLANTAGINACEAE,Digitalis purpurea subsp. purpurea,NO_EXACT_TAXON_MATCH,
785,BRASSICACEAE,Diplotaxis erucoides subsp. erucoides,NO_EXACT_TAXON_MATCH,
789,BRASSICACEAE,Diplotaxis virgata subsp. virgata,NO_EXACT_TAXON_MATCH,
791,CAPRIFOLIACEAE,Dipsacus sativus,NO_API_TAXON,
794,ASTERACEAE,Doronicum carpetanum subsp. diazii,NO_EXACT_TAXON_MATCH,
795,ASTERACEAE,Doronicum diazii,NO_API_TAXON,
796,ASTERACEAE,Doronicum pardalianches,NO_API_TAXON,
798,FABACEAE,Dorycnium gracile,NO_API_TAXON,
799,FABACEAE,Dorycnium hirsutum,NO_API_TAXON,
800,FABACEAE,Dorycnium pentaphyllum,NO_API_TAXON,
801,FABACEAE,Dorycnium rectum,NO_API_TAXON,
802,BRASSICACEAE,Draba aizoides,NO_API_TAXON,
803,BRASSICACEAE,Draba aizoides subsp. aizoides,NO_API_TAXON,
804,BRASSICACEAE,Draba dedeana,NO_API_TAXON,
808,DRYOPTERIDACEAE,Dryopteris affinis subsp. affinis,NO_EXACT_TAXON_MATCH,
809,DRYOPTERIDACEAE,Dryopteris affinis var. borreri,NO_EXACT_TAXON_MATCH,
810,DRYOPTERIDACEAE,Dryopteris affinis var. robusta,NO_EXACT_TAXON_MATCH,
819,DRYOPTERIDACEAE,Dryopteris submontana,NO_API_TAXON,
820,DRYOPTERIDACEAE,Dryopteris x ambroseae,UNPARSABLE_NAME,
821,DRYOPTERIDACEAE,Dryopteris x mantoniae,UNPARSABLE_NAME,
827,BORAGINACEAE,Echium asperrimum,NO_API_TAXON,
828,BORAGINACEAE,Echium asperrinum,NO_API_TAXON,
831,BORAGINACEAE,Echium vulgare subsp. pustulatum,NO_EXACT_TAXON_MATCH,
834,CYPERACEAE,Eleocharis palustris subsp. walterssii,NO_EXACT_TAXON_MATCH,
839,POACEAE,Elymus pungens,NO_API_TAXON,
840,POACEAE,Elymus repens subsp. repens,NO_API_TAXON,
842,POACEAE,Elytrigia curvifolia,NO_API_TAXON,
843,POACEAE,Elytrigia intermedia subsp. intermedia,NO_EXACT_TAXON_MATCH,
844,POACEAE,Elytrigia pungens subsp. pungens,NO_API_TAXON,
845,POACEAE,Elytrigia repens subsp. repens,NO_EXACT_TAXON_MATCH,
846,APIACEAE,Endressia castellana,NO_API_TAXON,
849,EPHEDRACEAE,Ephedra fragilis subsp. fragilis,NO_EXACT_TAXON_MATCH,
850,EPHEDRACEAE,Ephedra major,NO_API_TAXON,
854,ONAGRACEAE,Epilobium duriaei,NO_API_TAXON,
862,ONAGRACEAE,Epilobium tetragonum subsp. tournefortii,NO_EXACT_TAXON_MATCH,
864,ORCHIDACEAE,Epipactis bugacensis,NO_API_TAXON,
866,ORCHIDACEAE,Epipactis hispanica,NO_API_TAXON,
870,ORCHIDACEAE,Epipactis parviflora,NO_API_TAXON,
871,ORCHIDACEAE,Epipactis phyllantes,NO_API_TAXON,
873,ORCHIDACEAE,Epipactis tremolsii,NO_API_TAXON,
881,EQUISETACEAE,Equisetum x litorale,UNPARSABLE_NAME,
882,EQUISETACEAE,Equisetum x moorei,UNPARSABLE_NAME,
889,ERICACEAE,Erica scoparia subsp. scoparia,NO_EXACT_TAXON_MATCH,
892,ASTERACEAE,Erigeron acer subsp. acer,NO_API_TAXON,
897,FABACEAE,Erinacea anthyllis,NO_API_TAXON,
898,PLANTAGINACEAE,Erinus alpinus,NO_API_TAXON,
901,GERANIACEAE,Erodium carvifolium,NO_API_TAXON,
902,GERANIACEAE,Erodium castellanum,NO_API_TAXON,
905,GERANIACEAE,Erodium daucoides,NO_API_TAXON,
906,GERANIACEAE,Erodium glandulosum,NO_API_TAXON,
909,BRASSICACEAE,Erophila verna,NO_API_TAXON,
911,BRASSICACEAE,Erucastrum nasturtiifolium,NO_API_TAXON,
912,BRASSICACEAE,Erucastrum nasturtiifolium subsp. sudrei,NO_API_TAXON,
916,BRASSICACEAE,Erysimum gorbeanum,NO_API_TAXON,
917,BRASSICACEAE,Erysimum incanum subsp. mairei,NO_API_TAXON,
918,BRASSICACEAE,Erysimum incanum subsp. matritense,NO_API_TAXON,
919,BRASSICACEAE,Erysimum mediohispanicum,NO_API_TAXON,
925,EUPHORBIACEAE,Euphorbia angulata,NO_API_TAXON,
927,EUPHORBIACEAE,Euphorbia dulcis,NO_API_TAXON,
931,EUPHORBIACEAE,Euphorbia falcata subsp. falcata,NO_EXACT_TAXON_MATCH,
932,EUPHORBIACEAE,Euphorbia flavicoma subsp. occidentalis,NO_API_TAXON,
934,EUPHORBIACEAE,Euphorbia helioscopin subsp. helioscopioides,NO_API_TAXON,
936,EUPHORBIACEAE,Euphorbia hyberna,NO_API_TAXON,
937,EUPHORBIACEAE,Euphorbia minuta,NO_API_TAXON,
938,EUPHORBIACEAE,Euphorbia nevadensis subsp. aragonensis,NO_EXACT_TAXON_MATCH,
939,EUPHORBIACEAE,Euphorbia nevadensis subsp. bolosii,NO_EXACT_TAXON_MATCH,
940,EUPHORBIACEAE,Euphorbia nicaeensis,NO_API_TAXON,
944,EUPHORBIACEAE,Euphorbia serrata,NO_API_TAXON,
945,EUPHORBIACEAE,Euphorbia sulcata,NO_API_TAXON,
946,OROBANCHACEAE,Euphrasia hirtella,NO_API_TAXON,
948,OROBANCHACEAE,Euphrasia officinalis subsp. rostkovina,NO_EXACT_TAXON_MATCH,
949,OROBANCHACEAE,Euphrasia pectinata,NO_API_TAXON,
958,APIACEAE,Ferula communis subsp. catalaunica,NO_EXACT_TAXON_MATCH,
959,POACEAE,Festuca altissima,NO_API_TAXON,
961,POACEAE,Festuca arundinacea,NO_API_TAXON,
962,POACEAE,Festuca arundinacea subsp. fenas,NO_API_TAXON,
963,POACEAE,Festuca carpetana,NO_API_TAXON,
964,POACEAE,Festuca durandoi subsp. livida,NO_EXACT_TAXON_MATCH,
965,POACEAE,Festuca gautieri,NO_API_TAXON,
966,POACEAE,Festuca gigantea,NO_API_TAXON,
967,POACEAE,Festuca gracilior,NO_API_TAXON,
968,POACEAE,Festuca heterophylla subsp. braun-blanquetii,NO_EXACT_TAXON_MATCH,
971,POACEAE,Festuca marginata subsp. andres-molinae,NO_API_TAXON,
972,POACEAE,Festuca marginata subsp. gallica,NO_API_TAXON,
973,POACEAE,Festuca ovina var. glauca,NO_EXACT_TAXON_MATCH,
974,POACEAE,Festuca paniculata subsp. longiglumis,NO_API_TAXON,
975,POACEAE,Festuca paniculata subsp. spadicea,NO_API_TAXON,
976,POACEAE,Festuca pratensis,NO_API_TAXON,
978,POACEAE,Festuca rivas-martinezii subsp. rectifolia,NO_EXACT_TAXON_MATCH,
980,POACEAE,Festuca rubra subsp. rubra,NO_EXACT_TAXON_MATCH,
981,POACEAE,Festuca sp.,UNPARSABLE_NAME,
983,ASTERACEAE,Filaginella uliginosa,NO_API_TAXON,
984,ASTERACEAE,Filago carpetana,NO_API_TAXON,
985,ASTERACEAE,Filago congesta,NO_API_TAXON,
986,ASTERACEAE,Filago lutescens,NO_API_TAXON,
999,LILIACEAE,Fritillaria nervosa subsp. nervosa,NO_API_TAXON,
1001,CISTACEAE,Fumana ericifolia,NO_API_TAXON,
1002,CISTACEAE,Fumana ericoides,NO_API_TAXON,
1005,PAPAVERACEAE,Fumaria agraria,NO_API_TAXON,
1008,PAPAVERACEAE,Fumaria muralis,NO_API_TAXON,
1010,PAPAVERACEAE,Fumaria officinalis subsp. wirtgenii,NO_EXACT_TAXON_MATCH,
1012,PAPAVERACEAE,Fumaria petteri subsp. calcarata,NO_EXACT_TAXON_MATCH,
1013,PAPAVERACEAE,Fumaria reuteri,NO_API_TAXON,
1015,LILIACEAE,Gagea arvensis,NO_API_TAXON,
1020,LILIACEAE,Gagea liotardii,NO_API_TAXON,
1027,ASTERACEAE,Galactites tomentosa,NO_API_TAXON,
1029,ASTERACEAE,Galatella aragonensis,NO_API_TAXON,
1031,ASTERACEAE,Galatella sedifolia,NO_API_TAXON,
1033,LAMIACEAE,Galeopsis angustifolia,NO_API_TAXON,
1034,LAMIACEAE,Galeopsis angustifolia subsp. carpetana,NO_API_TAXON,
1036,LAMIACEAE,Galeopsis ladanum subsp. angustifolia,NO_EXACT_TAXON_MATCH,
1037,LAMIACEAE,Galeopsis ladanum subsp. carpetana,NO_EXACT_TAXON_MATCH,
1039,RUBIACEAE,Galium album subsp. album,NO_EXACT_TAXON_MATCH,
1041,RUBIACEAE,Galium aparine subsp. spurium,NO_EXACT_TAXON_MATCH,
1043,RUBIACEAE,Galium corrudifolium,NO_API_TAXON,
1046,RUBIACEAE,Galium estebanii,NO_API_TAXON,
1047,RUBIACEAE,Galium fruticescens,NO_API_TAXON,
1048,RUBIACEAE,Galium idubedae,NO_API_TAXON,
1049,RUBIACEAE,Galium lucidum,NO_API_TAXON,
1050,RUBIACEAE,Galium lucidum subsp. fruticescens,NO_API_TAXON,
1051,RUBIACEAE,Galium minutulum,NO_API_TAXON,
1052,RUBIACEAE,Galium mollugo,NO_API_TAXON,
1056,RUBIACEAE,Galium papillosum,NO_API_TAXON,
1058,RUBIACEAE,Galium parisiense subsp. divaricatum,NO_EXACT_TAXON_MATCH,
1059,RUBIACEAE,Galium pinetorum,NO_API_TAXON,
1061,RUBIACEAE,Galium saxatile,NO_API_TAXON,
1068,RUBIACEAE,Galium verum subsp. verum,NO_EXACT_TAXON_MATCH,
1071,FABACEAE,Genista anglica,NO_API_TAXON,
1072,FABACEAE,Genista cinerea subsp. ausetana,NO_API_TAXON,
1073,FABACEAE,Genista cinerea subsp. cinerea,NO_API_TAXON,
1074,FABACEAE,Genista florida,NO_API_TAXON,
1075,FABACEAE,Genista hispanica subsp. occidentalis,NO_EXACT_TAXON_MATCH,
1077,FABACEAE,Genista multicaulis,NO_API_TAXON,
1079,FABACEAE,Genista pilosa,NO_API_TAXON,
1081,FABACEAE,Genista scorpius,NO_API_TAXON,
1083,GENTIANACEAE,Gentiana angustifolia subsp. corbariensis,NO_API_TAXON,
1086,GENTIANACEAE,Gentiana lutea subsp. lutea,NO_EXACT_TAXON_MATCH,
1087,GENTIANACEAE,Gentiana occidentalis,NO_API_TAXON,
1089,GENTIANACEAE,Gentiana verna subsp. verna,NO_EXACT_TAXON_MATCH,
1094,GERANIACEAE,Geranium phaeum,NO_API_TAXON,
1097,GERANIACEAE,Geranium pyrenaicum subsp. lusitanicum,NO_EXACT_TAXON_MATCH,
1102,ROSACEAE,Geum hispidum,NO_API_TAXON,
1105,ROSACEAE,Geum sylvaticum,NO_API_TAXON,
1107,IRIDACEAE,Gladiolus communis,NO_API_TAXON,
1109,BORAGINACEAE,Glandora prostrata,NO_API_TAXON,
1115,PLANTAGINACEAE,Globularia nudicaulis,NO_API_TAXON,
1116,PLANTAGINACEAE,Globularia vulgaris,NO_API_TAXON,
1121,ASTERACEAE,Gnaphalium luteo-album,NO_API_TAXON,
1124,ORCHIDACEAE,Gymnadenia densiflora,NO_API_TAXON,
1126,CARYOPHYLLACEAE,Gypsophila struthium subsp. hispanica,NO_API_TAXON,
1127,POACEAE,Hainardia cylindrica,NO_API_TAXON,
1128,CISTACEAE,Halimium umbellatum,NO_API_TAXON,
1129,CISTACEAE,Halimium umbellatum subsp. viscosum,NO_API_TAXON,
1130,RUTACEAE,Haplophyllum linifolium,NO_API_TAXON,
1132,ARALIACEAE,Hedera helix subsp. helix,NO_EXACT_TAXON_MATCH,
1133,ARALIACEAE,Hedera hibernica,NO_API_TAXON,
1136,FABACEAE,Hedysarum boveanum subsp. europaeum,NO_API_TAXON,
1137,FABACEAE,Hedysarum confertum,NO_API_TAXON,
1138,FABACEAE,Hedysarum spinosissimum,NO_API_TAXON,
1141,CISTACEAE,Helianthemum apenninum subsp. stoechadifolium,NO_EXACT_TAXON_MATCH,
1142,CISTACEAE,Helianthemum cinereum subsp. rotundifolium,NO_API_TAXON,
1143,CISTACEAE,Helianthemum hirtum,NO_API_TAXON,
1146,CISTACEAE,Helianthemum oelandicum subsp. incanum,NO_EXACT_TAXON_MATCH,
1148,CISTACEAE,Helianthemum squamatum,NO_API_TAXON,
1151,ASTERACEAE,Helichrysum serotinum,NO_API_TAXON,
1153,POACEAE,Helictochloa bromoides,NO_API_TAXON,
1154,POACEAE,Helictochloa marginata,NO_API_TAXON,
1155,POACEAE,Helictochloa pratensis subsp. iberica,NO_API_TAXON,
1156,POACEAE,Helictotrichon cantabricum,NO_API_TAXON,
1159,RANUNCULACEAE,Helleborus viridis subsp. occidentalis,NO_API_TAXON,
1164,CARYOPHYLLACEAE,Herniaria cinerea,NO_API_TAXON,
1165,CARYOPHYLLACEAE,Herniaria fruticosa,NO_API_TAXON,
1166,CARYOPHYLLACEAE,Herniaria fruticosa var. fruticosa,NO_API_TAXON,
1168,CARYOPHYLLACEAE,Herniaria glabra var. glabra,NO_EXACT_TAXON_MATCH,
1170,CARYOPHYLLACEAE,Herniaria hirsuta subsp. hirsuta,NO_EXACT_TAXON_MATCH,
1172,CARYOPHYLLACEAE,Herniaria scabrida,NO_API_TAXON,
1173,CARYOPHYLLACEAE,Herniaria scabrida var. scabrida,NO_API_TAXON,
1176,ASTERACEAE,Hieracium aragonense,NO_API_TAXON,
1177,ASTERACEAE,Hieracium argillaceum,NO_API_TAXON,
1178,ASTERACEAE,Hieracium arnedianum,NO_API_TAXON,
1179,ASTERACEAE,Hieracium bifurcum,NO_API_TAXON,
1180,ASTERACEAE,Hieracium bombycinum,NO_API_TAXON,
1181,ASTERACEAE,Hieracium bourgaei,NO_API_TAXON,
1182,ASTERACEAE,Hieracium castellanum,NO_API_TAXON,
1183,ASTERACEAE,Hieracium compositum,NO_API_TAXON,
1184,ASTERACEAE,Hieracium diaphanoides,NO_API_TAXON,
1185,ASTERACEAE,Hieracium elisaeanum,NO_API_TAXON,
1186,ASTERACEAE,Hieracium flagellare,NO_API_TAXON,
1187,ASTERACEAE,Hieracium glaucinum,NO_API_TAXON,
1188,ASTERACEAE,Hieracium hirsutum,NO_API_TAXON,
1189,ASTERACEAE,Hieracium hypochoeroides,NO_API_TAXON,
1190,ASTERACEAE,Hieracium jurassicum,NO_API_TAXON,
1191,ASTERACEAE,Hieracium lachenalii,NO_API_TAXON,
1193,ASTERACEAE,Hieracium latemixtum,NO_API_TAXON,
1194,ASTERACEAE,Hieracium maculatum,NO_API_TAXON,
1195,ASTERACEAE,Hieracium mixtum,NO_API_TAXON,
1196,ASTERACEAE,Hieracium montserratii,NO_API_TAXON,
1198,ASTERACEAE,Hieracium niveum,NO_API_TAXON,
1199,ASTERACEAE,Hieracium nobile,NO_API_TAXON,
1200,ASTERACEAE,Hieracium pilosella,NO_API_TAXON,
1201,ASTERACEAE,Hieracium planchonianum,NO_API_TAXON,
1202,ASTERACEAE,Hieracium praecox,NO_API_TAXON,
1203,ASTERACEAE,Hieracium pulmorioides,NO_API_TAXON,
1204,ASTERACEAE,Hieracium ramondii,NO_API_TAXON,
1205,ASTERACEAE,Hieracium recensitum,NO_API_TAXON,
1206,ASTERACEAE,Hieracium rioxanum,NO_API_TAXON,
1207,ASTERACEAE,Hieracium sabaudum,NO_API_TAXON,
1208,ASTERACEAE,Hieracium saxifragum,NO_API_TAXON,
1210,ASTERACEAE,Hieracium spathulatum,NO_API_TAXON,
1211,ASTERACEAE,Hieracium umbrosum,NO_API_TAXON,
1212,ASTERACEAE,Hieracium urbionicum,NO_API_TAXON,
1213,ASTERACEAE,Hieracium vahlii,NO_API_TAXON,
1214,ASTERACEAE,Hieracium valentinum,NO_API_TAXON,
1215,ASTERACEAE,Hieracium viride,NO_API_TAXON,
1216,ASTERACEAE,Hieracium vogesiacum,NO_API_TAXON,
1217,ASTERACEAE,Hieracium willkommii,NO_API_TAXON,
1221,FABACEAE,Hippocrepis commutata,NO_API_TAXON,
1223,FABACEAE,Hippocrepis scabra,NO_API_TAXON,
1227,POACEAE,Holcus mollis,NO_API_TAXON,
1229,POACEAE,Hordelymus europaeus,NO_API_TAXON,
1230,POACEAE,Hordeum glaucum,NO_API_TAXON,
1231,POACEAE,Hordeum hystrix,NO_API_TAXON,
1234,POACEAE,Hordeum murinum subsp. leporinum,NO_EXACT_TAXON_MATCH,
1236,BRASSICACEAE,Hormathophylla lapeyrousiana,NO_API_TAXON,
1237,BRASSICACEAE,Hormathophylla spinosa,NO_API_TAXON,
1238,BRASSICACEAE,Hornungia alpina,NO_API_TAXON,
1243,LYCOPODIACEAE,Huperzia selago subsp. selago,NO_EXACT_TAXON_MATCH,
1245,ASPARAGACEAE,Hyacinthoides non-scripta,NO_API_TAXON,
1247,CRASSULACEAE,Hylotelephium telephium,NO_API_TAXON,
1248,SOLANACEAE,Hyosciamus albus,NO_API_TAXON,
1254,HYPERICACEAE,Hypericum androsaemum,NO_API_TAXON,
1255,HYPERICACEAE,Hypericum caprifolium,NO_API_TAXON,
1257,HYPERICACEAE,Hypericum humifusum,NO_API_TAXON,
1258,HYPERICACEAE,Hypericum hyssopifolium,NO_API_TAXON,
1259,HYPERICACEAE,Hypericum linariifolium,NO_API_TAXON,
1261,HYPERICACEAE,Hypericum nummularium,NO_API_TAXON,
1263,HYPERICACEAE,Hypericum perforatum subsp. angustifolium,NO_EXACT_TAXON_MATCH,
1264,HYPERICACEAE,Hypericum pulchrum,NO_API_TAXON,
1267,HYPERICACEAE,Hypericum undulatum,NO_API_TAXON,
1271,ASTERACEAE,Hypochoeris glabra,NO_API_TAXON,
1272,ASTERACEAE,Hypochoeris radicata,NO_API_TAXON,
1273,BRASSICACEAE,Iberis amara,NO_API_TAXON,
1275,BRASSICACEAE,Iberis carnosa subsp. carnosa,NO_EXACT_TAXON_MATCH,
1279,BALSAMINACEAE,Impatiens balfourii,NO_API_TAXON,
1280,ASTERACEAE,Inula conyza,NO_API_TAXON,
1281,ASTERACEAE,Inula crithmoides,NO_API_TAXON,
1282,ASTERACEAE,Inula helenioides,NO_API_TAXON,
1283,ASTERACEAE,Inula helvetica,NO_API_TAXON,
1284,ASTERACEAE,Inula langeana,NO_API_TAXON,
1285,ASTERACEAE,Inula montana,NO_API_TAXON,
1286,ASTERACEAE,Inula salicina,NO_API_TAXON,
1287,IRIDACEAE,Iris foetidissima,NO_API_TAXON,
1288,IRIDACEAE,Iris germanica,NO_API_TAXON,
1291,ISOETACEAE,Isoetes echinosporum,NO_API_TAXON,
1295,ASTERACEAE,Jacobaea auricula,NO_API_TAXON,
1299,CAMPANULACEAE,Jasione crispa subsp. centralis,NO_EXACT_TAXON_MATCH,
1301,CAMPANULACEAE,Jasione laevis,NO_API_TAXON,
1302,CAMPANULACEAE,Jasione laevis subsp. carpetana,NO_API_TAXON,
1303,CAMPANULACEAE,Jasione laevis subsp. laevis,NO_API_TAXON,
1305,CAMPANULACEAE,Jasione sessilifolia,NO_API_TAXON,
1306,OLEACEAE,Jasminum fruticans,NO_API_TAXON,
1307,OLEACEAE,Jasminum officinale,NO_API_TAXON,
1308,ASTERACEAE,Jasonia glutinosa,NO_API_TAXON,
1309,ASTERACEAE,Jasonia tuberosa,NO_API_TAXON,
1310,BRASSICACEAE,Jonopsidium savianum,NO_API_TAXON,
1320,JUNCACEAE,Juncus conglomeratus var. laxus,NO_EXACT_TAXON_MATCH,
1322,JUNCACEAE,Juncus effusus var. effusus,NO_EXACT_TAXON_MATCH,
1325,JUNCACEAE,Juncus gerardii,NO_API_TAXON,
1328,JUNCACEAE,Juncus inflexus var. inflexus,NO_EXACT_TAXON_MATCH,
1336,JUNCACEAE,Juncus tenageia subsp. tenageia,NO_EXACT_TAXON_MATCH,
1338,CUPRESSACEAE,Juniperus communis subsp. hemisphaerica,NO_EXACT_TAXON_MATCH,
1339,CUPRESSACEAE,Juniperus communis subsp. nana,NO_EXACT_TAXON_MATCH,
1341,CUPRESSACEAE,Juniperus oxycedrus subsp. badia,NO_EXACT_TAXON_MATCH,
1344,ASTERACEAE,Jurinea humilis,NO_API_TAXON,
1345,PLANTAGINACEAE,Kicksia elatine,NO_API_TAXON,
1347,PLANTAGINACEAE,Kickxia spuria subsp. integrifolia,NO_EXACT_TAXON_MATCH,
1348,ASTERACEAE,Klasea flavescens subsp. leucantha,NO_API_TAXON,
1349,ASTERACEAE,Klasea nudicaulis,NO_API_TAXON,
1350,ASTERACEAE,Klasea pinnatifida,NO_API_TAXON,
1352,CAPRIFOLIACEAE,Knautia arvernensis,NO_API_TAXON,
1353,CAPRIFOLIACEAE,Knautia collina,NO_API_TAXON,
1354,CAPRIFOLIACEAE,Knautia legionensis,NO_API_TAXON,
1355,CAPRIFOLIACEAE,Knautia nevadensis,NO_API_TAXON,
1356,CAPRIFOLIACEAE,Knautia numantina,NO_API_TAXON,
1357,CAPRIFOLIACEAE,Knautia purpurea,NO_API_TAXON,
1358,CAPRIFOLIACEAE,Knautia subscaposa,NO_API_TAXON,
1361,POACEAE,Koeleria vallesiana,NO_API_TAXON,
1369,ASTERACEAE,Lactuca viminea subsp. chondrilliflora,NO_EXACT_TAXON_MATCH,
1370,ASTERACEAE,Lactuca viminea subsp. ramosissima,NO_EXACT_TAXON_MATCH,
1374,LAMIACEAE,Lamium galeobdolon subsp. montanum,NO_EXACT_TAXON_MATCH,
1380,ASTERACEAE,Lapsana communis subsp. communis,NO_EXACT_TAXON_MATCH,
1382,PINACEAE,Larix x eurolepis,UNPARSABLE_NAME,
1383,APIACEAE,Laserpitium eliasii,NO_API_TAXON,
1384,APIACEAE,Laserpitium gallicum,NO_API_TAXON,
1385,APIACEAE,Laserpitium latifolium,NO_API_TAXON,
1386,APIACEAE,Laserpitium siler,NO_API_TAXON,
1387,DRYOPTERIDACEAE,Lastrea limbosperma,NO_API_TAXON,
1388,OROBANCHACEAE,Lathraea clandestina,NO_API_TAXON,
1395,FABACEAE,Lathyrus laevigatus subsp. occidentalis,NO_API_TAXON,
1399,FABACEAE,Lathyrus niger subsp. niger,NO_EXACT_TAXON_MATCH,
1400,FABACEAE,Lathyrus nudicaulis,NO_API_TAXON,
1401,FABACEAE,Lathyrus occidentalis,NO_API_TAXON,
1402,FABACEAE,Lathyrus pannonicus subsp. longestipulatus,NO_EXACT_TAXON_MATCH,
1408,ASTERACEAE,Launaea pumila,NO_API_TAXON,
1409,ASTERACEAE,Launaea resedifolia,NO_API_TAXON,
1412,CAMPANULACEAE,Legousia castellana,NO_API_TAXON,
1417,ASTERACEAE,Leontodon autumnalis,NO_API_TAXON,
1418,ASTERACEAE,Leontodon carolipaui,NO_API_TAXON,
1420,ASTERACEAE,Leontodon taraxacoides,NO_API_TAXON,
1429,ASTERACEAE,Leucanthemopsis alpina,NO_API_TAXON,
1430,ASTERACEAE,Leucanthemopsis alpina subsp. cuneata,NO_API_TAXON,
1431,ASTERACEAE,Leucanthemopsis pallida,NO_API_TAXON,
1432,ASTERACEAE,Leucanthemopsis pulverulenta,NO_API_TAXON,
1433,ASTERACEAE,Leucanthemum cantabricum,NO_API_TAXON,
1434,ASTERACEAE,Leucanthemum gaudinii,NO_API_TAXON,
1435,ASTERACEAE,Leucanthemum ircutianum,NO_API_TAXON,
1436,ASTERACEAE,Leucanthemum pallens,NO_API_TAXON,
1437,ASTERACEAE,Leucanthemum vulgare subsp. eliasii,NO_EXACT_TAXON_MATCH,
1438,ASTERACEAE,Leucanthemum vulgare subsp. pujulae,NO_EXACT_TAXON_MATCH,
1442,IRIDACEAE,Limniris pseudacorus,NO_API_TAXON,
1445,PLUMBAGINACEAE,Limonium hibericum,NO_API_TAXON,
1446,PLUMBAGINACEAE,Limonium paui,NO_API_TAXON,
1447,PLUMBAGINACEAE,Limonium ruizii,NO_API_TAXON,
1448,PLANTAGINACEAE,Linaria aeruginea,NO_API_TAXON,
1450,PLANTAGINACEAE,Linaria alpina var. aciculifolia,NO_EXACT_TAXON_MATCH,
1451,PLANTAGINACEAE,Linaria arvensis,NO_API_TAXON,
1452,PLANTAGINACEAE,Linaria badalii,NO_API_TAXON,
1453,PLANTAGINACEAE,Linaria caesia,NO_API_TAXON,
1454,PLANTAGINACEAE,Linaria elegans,NO_API_TAXON,
1455,PLANTAGINACEAE,Linaria glauca,NO_API_TAXON,
1457,PLANTAGINACEAE,Linaria oblongifolia subsp. aragonensis,NO_API_TAXON,
1458,PLANTAGINACEAE,Linaria propinqua,NO_API_TAXON,
1459,PLANTAGINACEAE,Linaria proxima,NO_API_TAXON,
1460,PLANTAGINACEAE,Linaria repens,NO_API_TAXON,
1461,PLANTAGINACEAE,Linaria saxatilis,NO_API_TAXON,
1463,PLANTAGINACEAE,Linaria spartea,NO_API_TAXON,
1464,PLANTAGINACEAE,Linaria supina,NO_API_TAXON,
1465,PLUMBAGINACEAE,Linomium paui,NO_API_TAXON,
1466,LINACEAE,Linum appressum subsp. commutatum,NO_API_TAXON,
1467,LINACEAE,Linum appressum subsp. permixtum,NO_API_TAXON,
1471,LINACEAE,Linum narbonense,NO_API_TAXON,
1472,LINACEAE,Linum narbonense subsp. barrasii,NO_API_TAXON,
1474,LINACEAE,Linum suffruticosum subsp. diferens,NO_API_TAXON,
1477,LINACEAE,Linum viscosum,NO_API_TAXON,
1478,BORAGINACEAE,Lithodora fruticosa,NO_API_TAXON,
1480,BORAGINACEAE,Lithospermum incrassatum,NO_API_TAXON,
1484,ASTERACEAE,Logfia arvensis,NO_API_TAXON,
1490,POACEAE,Lolium rigidum subsp. rigidum,NO_EXACT_TAXON_MATCH,
1491,CAPRIFOLIACEAE,Lomelosia stellata,NO_API_TAXON,
1496,CAPRIFOLIACEAE,Lonicera periclymenum subsp. hispanica,NO_EXACT_TAXON_MATCH,
1500,FABACEAE,Lotus corniculatus subsp. alpinus,NO_EXACT_TAXON_MATCH,
1501,FABACEAE,Lotus corniculatus subsp. carpetanus,NO_EXACT_TAXON_MATCH,
1502,FABACEAE,Lotus glaber,NO_API_TAXON,
1506,FABACEAE,Lotus preslii,NO_API_TAXON,
1507,BRASSICACEAE,Lunaria annua subsp. annua,NO_EXACT_TAXON_MATCH,
1511,JUNCACEAE,Luzula congesta,NO_API_TAXON,
1513,JUNCACEAE,Luzula hispanica,NO_API_TAXON,
1516,JUNCACEAE,Luzula nutans,NO_API_TAXON,
1517,JUNCACEAE,Luzula pediformis,NO_API_TAXON,
1524,BORAGINACEAE,Lycopsis arvensis,NO_API_TAXON,
1525,BORAGINACEAE,Lycopsis orientalis,NO_API_TAXON,
1531,PRIMULACEAE,Lysimachia monelli,NO_API_TAXON,
1532,PRIMULACEAE,Lysimachia nemorum,NO_API_TAXON,
1533,PRIMULACEAE,Lysimachia nemorun,NO_API_TAXON,
1540,SCROPHULARIACEAE,Macrosyrhingion longiflorum,NO_API_TAXON,
1541,BRASSICACEAE,Malcolmia africana,NO_API_TAXON,
1542,BRASSICACEAE,Malcolmia ramosissima,NO_API_TAXON,
1552,MALVACEAE,Malva tournefortiana,NO_API_TAXON,
1553,MALVACEAE,Malva trifida,NO_API_TAXON,
1554,ASTERACEAE,Mantisalca duriaei,NO_API_TAXON,
1557,LAMIACEAE,Marrubium supinum,NO_API_TAXON,
1562,PAPAVERACEAE,Meconopsis cambrica,NO_API_TAXON,
1576,OROBANCHACEAE,Melampyrum cristatum,NO_API_TAXON,
1577,OROBANCHACEAE,Melampyrum pratense subsp. latifolium,NO_EXACT_TAXON_MATCH,
1579,POACEAE,Melica ciliata subsp. ciliata,NO_EXACT_TAXON_MATCH,
1580,POACEAE,Melica ciliata subsp. magnolii,NO_EXACT_TAXON_MATCH,
1584,FABACEAE,Melilotus altissima,NO_API_TAXON,
1589,FABACEAE,Melilotus spicatus,NO_API_TAXON,
1598,LAMIACEAE,Mentha x dumetorum,UNPARSABLE_NAME,
1600,EUPHORBIACEAE,Mercurialis ambigua,NO_API_TAXON,
1602,EUPHORBIACEAE,Mercurialis huetii,NO_API_TAXON,
1604,EUPHORBIACEAE,Mercurialis tomentosa,NO_API_TAXON,
1605,COLCHICACEAE,Merendera montana,NO_API_TAXON,
1606,COLCHICACEAE,Merendera pyrenaica,NO_API_TAXON,
1607,APIACEAE,Meum athamanticum,NO_API_TAXON,
1611,CARYOPHYLLACEAE,Minuartia campestris,NO_API_TAXON,
1612,CARYOPHYLLACEAE,Minuartia cymifera,NO_API_TAXON,
1613,CARYOPHYLLACEAE,Minuartia dichotoma,NO_API_TAXON,
1614,CARYOPHYLLACEAE,Minuartia funkii,NO_API_TAXON,
1617,CARYOPHYLLACEAE,Minuartia hybrida subsp. hybrida,NO_EXACT_TAXON_MATCH,
1618,CARYOPHYLLACEAE,Minuartia hybrida subsp. vaillantiana,NO_EXACT_TAXON_MATCH,
1620,CARYOPHYLLACEAE,Minuartia rubra,NO_API_TAXON,
1621,CARYOPHYLLACEAE,Minuartia verna,NO_API_TAXON,
1626,CARYOPHYLLACEAE,Moenchia erecta subsp. erecta,NO_EXACT_TAXON_MATCH,
1630,POACEAE,Molinia caerulea subsp. arundinacea,NO_EXACT_TAXON_MATCH,
1633,PORTULACACEAE,Montia fontana subsp. chondrosperma,NO_EXACT_TAXON_MATCH,
1635,BRASSICACEAE,Moricandia moricandioides,NO_API_TAXON,
1644,BORAGINACEAE,Myosotis decumbens subsp. teresiana,NO_EXACT_TAXON_MATCH,
1646,BORAGINACEAE,Myosotis discolor subsp. discolor,NO_EXACT_TAXON_MATCH,
1647,BORAGINACEAE,Myosotis laxa subsp. caespitosa,NO_EXACT_TAXON_MATCH,
1650,BORAGINACEAE,Myosotis ramosissima subsp. globularis,NO_EXACT_TAXON_MATCH,
1651,BORAGINACEAE,Myosotis ramosissima subsp. gracillima,NO_EXACT_TAXON_MATCH,
1652,BORAGINACEAE,Myosotis ramosissima subsp. ramosissima,NO_EXACT_TAXON_MATCH,
1658,APIACEAE,Myrrhoides nodosa,NO_API_TAXON,
1662,AMARYLLIDACEAE,Narcissus bulbocodium subsp. bulbocodium,NO_EXACT_TAXON_MATCH,
1666,AMARYLLIDACEAE,Narcissus pseudonarcissus subsp. portensis,NO_EXACT_TAXON_MATCH,
1669,AMARYLLIDACEAE,Narcissus triandrus subsp. pallidulus,NO_EXACT_TAXON_MATCH,
1670,AMARYLLIDACEAE,Narcissus triandrus subsp. triandrus,NO_EXACT_TAXON_MATCH,
1673,POACEAE,Neoschischkinia nebulosa,NO_API_TAXON,
1674,POACEAE,Neoschischkinia truncatula subsp. duriaei,NO_API_TAXON,
1678,LAMIACEAE,Nepeta beltranii,NO_API_TAXON,
1680,LAMIACEAE,Nepeta hispanica,NO_API_TAXON,
1681,LAMIACEAE,Nepeta nepetella,NO_API_TAXON,
1682,LAMIACEAE,Nepeta nepetella subsp. aragonensis,NO_API_TAXON,
1683,LAMIACEAE,Nepeta nepetella subsp. cordifolia,NO_API_TAXON,
1684,LAMIACEAE,Nepeta tuberosa,NO_API_TAXON,
1685,BRASSICACEAE,Neslia paniculata subsp. thracica,NO_EXACT_TAXON_MATCH,
1687,RANUNCULACEAE,Nigella gallica,NO_API_TAXON,
1688,BRASSICACEAE,Noccaea stenoptera,NO_API_TAXON,
1690,BORAGINACEAE,Nonea micrantha,NO_API_TAXON,
1691,OROBANCHACEAE,Odontites eliassennenii,NO_API_TAXON,
1692,OROBANCHACEAE,Odontites kaliformis,NO_API_TAXON,
1693,OROBANCHACEAE,Odontites longiflora,NO_API_TAXON,
1695,OROBANCHACEAE,Odontites recordonii,NO_API_TAXON,
1696,OROBANCHACEAE,Odontites verna,NO_API_TAXON,
1697,OROBANCHACEAE,Odontites verna subsp. serotina,NO_API_TAXON,
1698,OROBANCHACEAE,Odontites verna subsp. verna,NO_API_TAXON,
1699,OROBANCHACEAE,Odontites vernus,NO_API_TAXON,
1700,OROBANCHACEAE,Odontites viscosa,NO_API_TAXON,
1708,ONAGRACEAE,Oenothera glazioviana,NO_API_TAXON,
1712,FABACEAE,Onobrychis argentea subsp. hispanica,NO_API_TAXON,
1713,FABACEAE,Onobrychis saxatilis,NO_API_TAXON,
1714,FABACEAE,Onobrychis supina,NO_API_TAXON,
1716,FABACEAE,Ononis aragonensis,NO_API_TAXON,
1717,FABACEAE,Ononis fruticosa,NO_API_TAXON,
1718,FABACEAE,Ononis minutissima,NO_API_TAXON,
1721,FABACEAE,Ononis natrix subsp. natrix,NO_EXACT_TAXON_MATCH,
1723,FABACEAE,Ononis reclinata subsp. mollis,NO_EXACT_TAXON_MATCH,
1726,FABACEAE,Ononis spinosa subsp. australis,NO_EXACT_TAXON_MATCH,
1727,FABACEAE,Ononis spinosa subsp. maritima,NO_EXACT_TAXON_MATCH,
1728,FABACEAE,Ononis spinosa subsp. spinosa,SYNONYM_PRIMARY,
1729,FABACEAE,Ononis striata,NO_API_TAXON,
1730,FABACEAE,Ononis tridentata,NO_API_TAXON,
1731,FABACEAE,Ononis viscosa subsp. breviflora,NO_EXACT_TAXON_MATCH,
1732,ASTERACEAE,Onopordon acanthium,NO_API_TAXON,
1733,ASTERACEAE,Onopordon corymbosum,NO_API_TAXON,
1734,ASTERACEAE,Onopordon nervosum,NO_API_TAXON,
1736,ASTERACEAE,Onopordum acaulon,NO_API_TAXON,
1737,ASTERACEAE,Onopordum corymbosum,NO_API_TAXON,
1738,ASTERACEAE,Onopordum nervosum,NO_API_TAXON,
1741,ORCHIDACEAE,Ophrys arnoldii,NO_API_TAXON,
1743,ORCHIDACEAE,Ophrys bilunulata,NO_API_TAXON,
1744,ORCHIDACEAE,Ophrys castellana,NO_API_TAXON,
1745,ORCHIDACEAE,Ophrys dyris,NO_API_TAXON,
1746,ORCHIDACEAE,Ophrys ficalhoana,NO_API_TAXON,
1748,ORCHIDACEAE,Ophrys incubacea,NO_API_TAXON,
1750,ORCHIDACEAE,Ophrys lupercalis,NO_API_TAXON,
1752,ORCHIDACEAE,Ophrys passionis,NO_API_TAXON,
1753,ORCHIDACEAE,Ophrys picta,NO_API_TAXON,
1754,ORCHIDACEAE,Ophrys riojana,NO_API_TAXON,
1755,ORCHIDACEAE,Ophrys santonica,NO_API_TAXON,
1757,ORCHIDACEAE,Ophrys scolopax subsp. scolopax,NO_EXACT_TAXON_MATCH,
1761,ORCHIDACEAE,Ophrys vasconica,NO_API_TAXON,
1762,ORCHIDACEAE,Ophrys x manfredoniae,UNPARSABLE_NAME,
1764,ORCHIDACEAE,Orchis champagneuxii,NO_API_TAXON,
1765,ORCHIDACEAE,Orchis fragrans,NO_API_TAXON,
1770,ORCHIDACEAE,Orchis morio,NO_API_TAXON,
1771,ORCHIDACEAE,Orchis picta,NO_API_TAXON,
1774,ORCHIDACEAE,Orchis ustulata,NO_API_TAXON,
1775,POACEAE,Oreochloa confusa,NO_API_TAXON,
1782,FABACEAE,Ornithopus perpusillus,NO_API_TAXON,
1784,OROBANCHACEAE,Orobanche amethystea,NO_API_TAXON,
1788,OROBANCHACEAE,Orobanche laevis,NO_API_TAXON,
1789,OROBANCHACEAE,Orobanche latisquama,NO_API_TAXON,
1790,OROBANCHACEAE,Orobanche leptantha,NO_API_TAXON,
1793,OROBANCHACEAE,Orobanche rapum-genistae,NO_API_TAXON,
1794,OROBANCHACEAE,Orobanche santolinae,NO_API_TAXON,
1798,OXALIDACEAE,Oxalis articulata,NO_API_TAXON,
1801,PAEONIACEAE,Paeonia officinalis subsp. microcarpa,NO_EXACT_TAXON_MATCH,
1803,ASTERACEAE,Pallenis spinosa subsp. spinosa,NO_EXACT_TAXON_MATCH,
1805,PAPAVERACEAE,Papaver argemone,NO_API_TAXON,
1807,PAPAVERACEAE,Papaver hybridum,NO_API_TAXON,
1809,PAPAVERACEAE,Papaver somniferum subsp. setigerum,NO_EXACT_TAXON_MATCH,
1811,POACEAE,Parapholis strigosa,NO_API_TAXON,
1819,CARYOPHYLLACEAE,Paronychia capitata var. capitata,NO_EXACT_TAXON_MATCH,
1820,CARYOPHYLLACEAE,Paronychia kapela,NO_API_TAXON,
1821,CARYOPHYLLACEAE,Paronychia kapela subsp. kapela,NO_API_TAXON,
1824,POACEAE,Paspalum paspalodes,NO_API_TAXON,
1825,APIACEAE,Pastinaca sativa subsp. sylvestris,NO_EXACT_TAXON_MATCH,
1826,OROBANCHACEAE,Pedicularis schizocalyx,NO_API_TAXON,
1827,OROBANCHACEAE,Pedicularis sylvatica,NO_API_TAXON,
1830,POLYGONACEAE,Persicaria bistorta,NO_API_TAXON,
1833,POLYGONACEAE,Persicaria minus,NO_API_TAXON,
1834,CARYOPHYLLACEAE,Petrorhagia nanteuilii,NO_API_TAXON,
1836,APIACEAE,Petroselinum crispum,NO_API_TAXON,
1837,APIACEAE,Petroselinum segetum,NO_API_TAXON,
1838,APIACEAE,Peucedanum carvifolia,NO_API_TAXON,
1840,APIACEAE,Peucedanum ostruthium,NO_API_TAXON,
1843,ASTERACEAE,Phagnalon saxatilis,NO_API_TAXON,
1844,ASTERACEAE,Phagnalon sordidum,NO_API_TAXON,
1845,ASTERACEAE,Phalacrocarpum oppositifolium,NO_API_TAXON,
1849,OROBANCHACEAE,Phelipanche arenaria,NO_API_TAXON,
1850,OROBANCHACEAE,Phelipanche cernua,NO_API_TAXON,
1851,OROBANCHACEAE,Phelipanche lavandulaceoides,NO_API_TAXON,
1852,OROBANCHACEAE,Phelipanche purpurea subsp. bohemica,NO_API_TAXON,
1853,OROBANCHACEAE,Phelipanche rosmarina,NO_API_TAXON,
1857,POACEAE,Phleum alpinum subsp. alpinum,NO_EXACT_TAXON_MATCH,
1860,POACEAE,Phleum pratense subsp. bertolonii,NO_EXACT_TAXON_MATCH,
1862,LAMIACEAE,Phlomis lychnitis,NO_API_TAXON,
1865,CAMPANULACEAE,Phyteuma hemisphaericum,NO_API_TAXON,
1868,CAMPANULACEAE,Phyteuma spicatum,NO_API_TAXON,
1869,PINACEAE,Picea abies subsp. abies,NO_EXACT_TAXON_MATCH,
1871,ASTERACEAE,Picris echioides,NO_API_TAXON,
1873,ASTERACEAE,Picris hispanica,NO_API_TAXON,
1874,ASTERACEAE,Pilosella capillata,NO_API_TAXON,
1875,ASTERACEAE,Pilosella castellana,NO_API_TAXON,
1876,ASTERACEAE,Pilosella galiciana,NO_API_TAXON,
1878,ASTERACEAE,Pilosella pintodasilvae,NO_API_TAXON,
1879,ASTERACEAE,Pilosella pseudopilosella,NO_API_TAXON,
1880,ASTERACEAE,Pilosella saussureoides,NO_API_TAXON,
1881,ASTERACEAE,Pilosella sp.,UNPARSABLE_NAME,
1882,ASTERACEAE,Pilosella subtardans,NO_API_TAXON,
1883,ASTERACEAE,Pilosella tricholepia,NO_API_TAXON,
1884,ASTERACEAE,Pilosella vahlii,NO_API_TAXON,
1885,APIACEAE,Pimpinella espanensis,NO_API_TAXON,
1886,APIACEAE,Pimpinella gracilis,NO_API_TAXON,
1887,APIACEAE,Pimpinella major,NO_API_TAXON,
1889,APIACEAE,Pimpinella villosa,NO_API_TAXON,
1899,POACEAE,Piptatherum miliaceum,NO_API_TAXON,
1900,POACEAE,Piptatherum paradoxum,NO_API_TAXON,
1903,CRASSULACEAE,Pistorinia hispanica,NO_API_TAXON,
1904,FABACEAE,Pisum sativum subsp. elatius,NO_EXACT_TAXON_MATCH,
1907,PLANTAGINACEAE,Plantago alpina,NO_API_TAXON,
1908,PLANTAGINACEAE,Plantago atrata subsp. discolor,NO_EXACT_TAXON_MATCH,
1911,PLANTAGINACEAE,Plantago holosteum,NO_API_TAXON,
1914,PLANTAGINACEAE,Plantago loeflingii,NO_API_TAXON,
1916,PLANTAGINACEAE,Plantago maritima subsp. serpentina,NO_EXACT_TAXON_MATCH,
1918,PLANTAGINACEAE,Plantago monosperma subsp. discolor,NO_API_TAXON,
1919,PLANTAGINACEAE,Plantago sempervirens,NO_API_TAXON,
1924,ORCHIDACEAE,Platanthera clorantha,NO_API_TAXON,
1925,PLATANACEAE,Platanus hispanica,NO_API_TAXON,
1926,PAPAVERACEAE,Platycapnos spicata,NO_API_TAXON,
1932,POACEAE,Poa bulbosa var. vivipara,NO_EXACT_TAXON_MATCH,
1934,POACEAE,Poa chaixii,NO_API_TAXON,
1936,POACEAE,Poa feratiana,NO_API_TAXON,
1939,POACEAE,Poa nemoralis,NO_API_TAXON,
1940,POACEAE,Poa pratensis subsp. angustifolia,NO_EXACT_TAXON_MATCH,
1941,POACEAE,Poa trivialis subsp. sylvicola,NO_EXACT_TAXON_MATCH,
1942,POACEAE,Poa trivialis subsp. trivialis,NO_EXACT_TAXON_MATCH,
1943,ASTERACEAE,Podospermum laciniatum,NO_API_TAXON,
1947,POLYGALACEAE,Polygala alpina,NO_API_TAXON,
1949,POLYGALACEAE,Polygala exilis,NO_API_TAXON,
1952,POLYGALACEAE,Polygala rupestris,NO_API_TAXON,
1953,POLYGALACEAE,Polygala serpyllifolia,NO_API_TAXON,
1957,POLYGONACEAE,Polygonum amphibium,NO_API_TAXON,
1962,POLYGONACEAE,Polygonum lapathifolium,NO_API_TAXON,
1963,POLYGONACEAE,Polygonum mite,NO_API_TAXON,
1964,POLYGONACEAE,Polygonum persicaria,NO_API_TAXON,
1965,POLYGONACEAE,Polygonum rurivagum,NO_API_TAXON,
1969,POLYPODIACEAE,Polypodium x mantoniae,UNPARSABLE_NAME,
1970,POLYPODIACEAE,Polypodium x shivasiae,UNPARSABLE_NAME,
1977,DRYOPTERIDACEAE,Polystichum x bicknellii,UNPARSABLE_NAME,
1978,DRYOPTERIDACEAE,Polystichum x illyricum,UNPARSABLE_NAME,
1981,SALICACEAE,Populus nigra var. italica,NO_EXACT_TAXON_MATCH,
1983,SALICACEAE,Populus x canadensis,UNPARSABLE_NAME,
1985,PORTULACACEAE,Portulaca oleracea subsp. granulatostellulata,NO_EXACT_TAXON_MATCH,
1991,POTAMOGETONACEAE,Potamogeton pectinatus,NO_API_TAXON,
1994,ROSACEAE,Potentilla anserina,NO_API_TAXON,
1996,ROSACEAE,Potentilla cinerea,NO_API_TAXON,
1997,ROSACEAE,Potentilla crantzii,NO_API_TAXON,
1999,ROSACEAE,Potentilla hirta,NO_API_TAXON,
2000,ROSACEAE,Potentilla hispanica,NO_API_TAXON,
2002,ROSACEAE,Potentilla montana,NO_API_TAXON,
2003,ROSACEAE,Potentilla neumanniana,NO_API_TAXON,
2004,ROSACEAE,Potentilla palustris,NO_API_TAXON,
2005,ROSACEAE,Potentilla pensylvanica,NO_API_TAXON,
2006,ROSACEAE,Potentilla pyrenaica,NO_API_TAXON,
2009,ROSACEAE,Potentilla rupestris,NO_API_TAXON,
2010,ROSACEAE,Potentilla sterilis,NO_API_TAXON,
2011,ROSACEAE,Potentilla tabernaemontani,NO_API_TAXON,
2012,ROSACEAE,Potentilla velutina,NO_API_TAXON,
2013,PRIMULACEAE,Primula acaulis,NO_API_TAXON,
2014,PRIMULACEAE,Primula acaulis subsp. acaulis,NO_API_TAXON,
2016,PRIMULACEAE,Primula elatior subsp. elatior,NO_EXACT_TAXON_MATCH,
2018,PRIMULACEAE,Primula veris subsp. columnae,NO_EXACT_TAXON_MATCH,
2019,PRIMULACEAE,Primula veris subsp. suaveolens,NO_EXACT_TAXON_MATCH,
2020,PRIMULACEAE,Primula veris subsp. veris,NO_EXACT_TAXON_MATCH,
2028,ROSACEAE,Prunus padus subsp. padus,NO_EXACT_TAXON_MATCH,
2033,FABACEAE,Pterospartum tridentatum subsp. cantabricum,NO_API_TAXON,
2034,FABACEAE,Pterospartum tridentatum subsp. lasianthum,NO_API_TAXON,
2035,APIACEAE,Ptychotis saxifraga,NO_API_TAXON,
2039,POACEAE,Puccinellia rupestris,NO_API_TAXON,
2041,ASTERACEAE,Pulicaria dysenterica subsp. hispanica,NO_EXACT_TAXON_MATCH,
2043,BORAGINACEAE,Pulmonaria longifolia,NO_API_TAXON,
2044,RANUNCULACEAE,Pulsatilla rubra,NO_API_TAXON,
2045,CYPERACEAE,Pycreus flavescens,NO_API_TAXON,
2048,FAGACEAE,Quercus cerrioides,NO_API_TAXON,
2051,FAGACEAE,Quercus faginea subsp. faginea,NO_EXACT_TAXON_MATCH,
2052,FAGACEAE,Quercus humilis,NO_API_TAXON,
2056,FAGACEAE,Quercus petraea subsp. petraea,NO_EXACT_TAXON_MATCH,
2061,RANUNCULACEAE,Ranunculus aconitifoius,NO_API_TAXON,
2062,RANUNCULACEAE,Ranunculus aconitifolius,NO_API_TAXON,
2063,RANUNCULACEAE,Ranunculus acris subsp. despectus,NO_EXACT_TAXON_MATCH,
2064,RANUNCULACEAE,Ranunculus amplexicaulis,NO_API_TAXON,
2068,RANUNCULACEAE,Ranunculus bulbosus,NO_API_TAXON,
2069,RANUNCULACEAE,Ranunculus bulbosus var. aleae,NO_API_TAXON,
2070,RANUNCULACEAE,Ranunculus carinthiacus,NO_API_TAXON,
2072,RANUNCULACEAE,Ranunculus ficaria,NO_API_TAXON,
2073,RANUNCULACEAE,Ranunculus ficaria subsp. ficaria,NO_API_TAXON,
2075,RANUNCULACEAE,Ranunculus gramineus,NO_API_TAXON,
2076,RANUNCULACEAE,Ranunculus gregarius,NO_API_TAXON,
2078,RANUNCULACEAE,Ranunculus nigrescens,NO_API_TAXON,
2079,RANUNCULACEAE,Ranunculus nodiflorus,NO_API_TAXON,
2080,RANUNCULACEAE,Ranunculus ollissiponensis,NO_API_TAXON,
2081,RANUNCULACEAE,Ranunculus ollissiponensis subsp. alpinus,NO_API_TAXON,
2084,RANUNCULACEAE,Ranunculus parviflorus,NO_API_TAXON,
2086,RANUNCULACEAE,Ranunculus peltatus subsp. baudotii,NO_EXACT_TAXON_MATCH,
2087,RANUNCULACEAE,Ranunculus peltatus subsp. saniculifolius,NO_EXACT_TAXON_MATCH,
2088,RANUNCULACEAE,Ranunculus peltatus var. peltatus,NO_EXACT_TAXON_MATCH,
2095,RANUNCULACEAE,Ranunculus trilobus,NO_API_TAXON,
2097,RANUNCULACEAE,Ranunculus tuberosus,NO_API_TAXON,
2098,RANUNCULACEAE,Ranunculus valdesii,NO_API_TAXON,
2102,RESEDACEAE,Reseda barrelieri,NO_API_TAXON,
2104,RESEDACEAE,Reseda lutea subsp. lutea,NO_EXACT_TAXON_MATCH,
2107,RESEDACEAE,Reseda stricta,NO_API_TAXON,
2108,RESEDACEAE,Reseda stricta subsp. stricta,NO_API_TAXON,
2109,RESEDACEAE,Reseda undata,NO_API_TAXON,
2110,RESEDACEAE,Reseda undata subsp. undata,NO_API_TAXON,
2111,FABACEAE,Retama sphaerocarpa,NO_API_TAXON,
2112,ASTERACEAE,Rhagadiolus edulis,NO_API_TAXON,
2115,RHAMNACEAE,Rhamnus alaternus subsp. munyozgarmediae,NO_EXACT_TAXON_MATCH,
2117,RHAMNACEAE,Rhamnus alpina subsp. alpina,NO_EXACT_TAXON_MATCH,
2119,RHAMNACEAE,Rhamnus infectoria,NO_API_TAXON,
2120,RHAMNACEAE,Rhamnus lycioides subsp. lycioides,NO_EXACT_TAXON_MATCH,
2121,RHAMNACEAE,Rhamnus lycioides subsp. velutina,NO_EXACT_TAXON_MATCH,
2123,RHAMNACEAE,Rhamnus saxatilis subsp. saxatilis,NO_EXACT_TAXON_MATCH,
2124,ASTERACEAE,Rhaponticum coniferum,NO_API_TAXON,
2125,OROBANCHACEAE,Rhinanthus angustifolius,NO_API_TAXON,
2126,OROBANCHACEAE,Rhinanthus burnatii,NO_API_TAXON,
2127,OROBANCHACEAE,Rhinanthus mediterraneus,NO_API_TAXON,
2128,OROBANCHACEAE,Rhinanthus minor,NO_API_TAXON,
2131,GROSSULARIACEAE,Ribes alpinum,NO_API_TAXON,
2134,FABACEAE,Robinia pseudacacia,NO_API_TAXON,
2138,BRASSICACEAE,Rorippa nasturtium-aquaticum,NO_API_TAXON,
2142,ROSACEAE,Rosa andegavensis,NO_API_TAXON,
2144,ROSACEAE,Rosa blondeana,NO_API_TAXON,
2146,ROSACEAE,Rosa corymbifera,NO_API_TAXON,
2147,ROSACEAE,Rosa deseglisei,NO_API_TAXON,
2148,ROSACEAE,Rosa elliptica,NO_API_TAXON,
2149,ROSACEAE,Rosa foetida,NO_API_TAXON,
2150,ROSACEAE,Rosa micrantha,NO_API_TAXON,
2151,ROSACEAE,Rosa moschata,NO_API_TAXON,
2152,ROSACEAE,Rosa nitidula,NO_API_TAXON,
2154,ROSACEAE,Rosa pimpinellifolia,NO_API_TAXON,
2155,ROSACEAE,Rosa pouzinii,NO_API_TAXON,
2157,ROSACEAE,Rosa sicula,NO_API_TAXON,
2158,ROSACEAE,Rosa squarrosa,NO_API_TAXON,
2166,ROSACEAE,Rubus caesius x R. ulmifolius,NO_EXACT_TAXON_MATCH,
2168,ROSACEAE,Rubus castroviejoi,NO_API_TAXON,
2169,ROSACEAE,Rubus henriquesii,NO_API_TAXON,
2171,ROSACEAE,Rubus lucensis,NO_API_TAXON,
2172,ROSACEAE,Rubus radula,NO_API_TAXON,
2174,ROSACEAE,Rubus urbionicus,NO_API_TAXON,
2175,ROSACEAE,Rubus vagabundus,NO_API_TAXON,
2176,ROSACEAE,Rubus vestitus,NO_API_TAXON,
2177,ROSACEAE,Rubus vigoi,NO_API_TAXON,
2178,POLYGONACEAE,Rumex acetosa,NO_API_TAXON,
2179,POLYGONACEAE,Rumex acetosa subsp. acetosa,NO_API_TAXON,
2180,POLYGONACEAE,Rumex acetosella subsp. angiocarpus,NO_EXACT_TAXON_MATCH,
2181,POLYGONACEAE,Rumex aquitanicus,NO_API_TAXON,
2182,POLYGONACEAE,Rumex bucephalophorus subsp. gallicus,NO_EXACT_TAXON_MATCH,
2186,POLYGONACEAE,Rumex induratus,NO_API_TAXON,
2187,POLYGONACEAE,Rumex intermedius,NO_API_TAXON,
2190,POLYGONACEAE,Rumex papillaris,NO_API_TAXON,
2192,POLYGONACEAE,Rumex pulcher subsp. woodsii,NO_EXACT_TAXON_MATCH,
2196,POLYGONACEAE,Rumex suffruticosus,NO_API_TAXON,
2199,RUTACEAE,Ruta angustifolia,NO_API_TAXON,
2204,CARYOPHYLLACEAE,Sagina sabuletorum,NO_API_TAXON,
2206,AMARANTHACEAE,Salicornia patula,NO_API_TAXON,
2207,AMARANTHACEAE,Salicornia ramosissima,NO_API_TAXON,
2210,SALICACEAE,Salix atrocinerea x S. caprea,NO_EXACT_TAXON_MATCH,
2212,SALICACEAE,Salix cantabrica,NO_API_TAXON,
2217,SALICACEAE,Salix purpurea var. lambertiana,NO_EXACT_TAXON_MATCH,
2218,SALICACEAE,Salix salvifolia,NO_API_TAXON,
2221,SALICACEAE,Salix x neotricha,UNPARSABLE_NAME,
2222,SALICACEAE,Salix x rubens,UNPARSABLE_NAME,
2223,AMARANTHACEAE,Salsola kali,NO_API_TAXON,
2224,AMARANTHACEAE,Salsola vermiculata,NO_API_TAXON,
2234,ROSACEAE,Sanguisorba minor subsp. balearica,NO_EXACT_TAXON_MATCH,
2235,ROSACEAE,Sanguisorba minor subsp. minor,NO_EXACT_TAXON_MATCH,
2240,ASTERACEAE,Santolina canescens,NO_API_TAXON,
2241,ASTERACEAE,Santolina chamaecyparissus subsp. squarrosa,NO_API_TAXON,
2242,ASTERACEAE,Santolina rosmarinifolia,NO_API_TAXON,
2243,ASTERACEAE,Santolina virens,NO_API_TAXON,
2244,CARYOPHYLLACEAE,Saponaria ocymoides,NO_API_TAXON,
2246,PAPAVERACEAE,Sarcocapnos enneaphylla,NO_API_TAXON,
2247,LAMIACEAE,Satureja ascendens,NO_API_TAXON,
2250,SAXIFRAGACEAE,Saxifraga cuneata,NO_API_TAXON,
2251,SAXIFRAGACEAE,Saxifraga cuneata x S. losae,NO_API_TAXON,
2252,SAXIFRAGACEAE,Saxifraga dichotoma,NO_API_TAXON,
2253,SAXIFRAGACEAE,Saxifraga fragosoi,NO_API_TAXON,
2254,SAXIFRAGACEAE,Saxifraga granulata,NO_API_TAXON,
2255,SAXIFRAGACEAE,Saxifraga hirsuta,NO_API_TAXON,
2256,SAXIFRAGACEAE,Saxifraga hirsuta subsp. hirsuta,NO_API_TAXON,
2257,SAXIFRAGACEAE,Saxifraga losae,NO_API_TAXON,
2258,SAXIFRAGACEAE,Saxifraga moncayensis,NO_API_TAXON,
2260,SAXIFRAGACEAE,Saxifraga pentadactylis subsp. willkommiana,NO_EXACT_TAXON_MATCH,
2261,SAXIFRAGACEAE,Saxifraga platyloba,NO_API_TAXON,
2263,SAXIFRAGACEAE,Saxifraga x arizagae,UNPARSABLE_NAME,
2264,SAXIFRAGACEAE,Saxifraga x celtiberica,UNPARSABLE_NAME,
2267,CAPRIFOLIACEAE,Scabiosa columbaria subsp. affinis,NO_EXACT_TAXON_MATCH,
2269,APIACEAE,Scandix australis subsp. microcarpa,NO_EXACT_TAXON_MATCH,
2270,APIACEAE,Scandix macrorhyncha,NO_API_TAXON,
2276,CYPERACEAE,Schoenoplectus lacustris subsp. glaucus,NO_EXACT_TAXON_MATCH,
2279,ASPARAGACEAE,Scilla autumnalis,NO_API_TAXON,
2280,ASPARAGACEAE,Scilla lilio-hyacinthus,NO_API_TAXON,
2281,ASPARAGACEAE,Scilla verna,NO_API_TAXON,
2284,CARYOPHYLLACEAE,Scleranthus delortii,NO_API_TAXON,
2286,CARYOPHYLLACEAE,Scleranthus polycarpos,NO_API_TAXON,
2287,CARYOPHYLLACEAE,Scleranthus polycnemoides,NO_API_TAXON,
2291,FABACEAE,Scorpiurus subvillosus,NO_API_TAXON,
2292,ASTERACEAE,Scorzonera angustifolia,NO_API_TAXON,
2293,ASTERACEAE,Scorzonera graminifolia,NO_API_TAXON,
2294,ASTERACEAE,Scorzonera hirsuta,NO_API_TAXON,
2295,ASTERACEAE,Scorzonera hispanica,NO_API_TAXON,
2296,ASTERACEAE,Scorzonera humilis,NO_API_TAXON,
2298,ASTERACEAE,Scorzoneriodes pyrenaica,NO_API_TAXON,
2300,ASTERACEAE,Scorzoneroides carpetana,NO_API_TAXON,
2301,SCROPHULARIACEAE,Scrophularia alpestris,NO_API_TAXON,
2304,SCROPHULARIACEAE,Scrophularia crithmifolia,NO_API_TAXON,
2305,SCROPHULARIACEAE,Scrophularia lyrata,NO_API_TAXON,
2309,CRASSULACEAE,Sedum amplexicaule,NO_API_TAXON,
2310,CRASSULACEAE,Sedum anglicum,NO_API_TAXON,
2311,CRASSULACEAE,Sedum brevifolium,NO_API_TAXON,
2312,CRASSULACEAE,Sedum caespitosum,NO_API_TAXON,
2315,CRASSULACEAE,Sedum forsterianum,NO_API_TAXON,
2316,CRASSULACEAE,Sedum gypsicola,NO_API_TAXON,
2317,CRASSULACEAE,Sedum hirsutum,NO_API_TAXON,
2318,CRASSULACEAE,Sedum nevadense,NO_API_TAXON,
2319,CRASSULACEAE,Sedum pedicellatum,NO_API_TAXON,
2320,CRASSULACEAE,Sedum rupestre,NO_API_TAXON,
2321,CRASSULACEAE,Sedum sediforme,NO_API_TAXON,
2322,CRASSULACEAE,Sedum villosum subsp. villosum,NO_API_TAXON,
2323,CRASSULACEAE,Sempervivum vicentei,NO_API_TAXON,
2324,ASTERACEAE,Senecio adonidifolius,NO_API_TAXON,
2325,ASTERACEAE,Senecio carpetanus,NO_API_TAXON,
2326,ASTERACEAE,Senecio doria subsp. laderoi,NO_API_TAXON,
2327,ASTERACEAE,Senecio gallicus,NO_API_TAXON,
2329,ASTERACEAE,Senecio laderoi subsp. laderoi,NO_API_TAXON,
2332,ASTERACEAE,Senecio minutus,NO_API_TAXON,
2339,ORCHIDACEAE,Serapias lingua x parviflora,NO_EXACT_TAXON_MATCH,
2341,ASTERACEAE,Serratula leucantha,NO_API_TAXON,
2342,ASTERACEAE,Serratula nudicaulis,NO_API_TAXON,
2343,ASTERACEAE,Serratula pinnatifida,NO_API_TAXON,
2344,ASTERACEAE,Serratula tinctoria,NO_API_TAXON,
2345,RESEDACEAE,Sesamoides purpurascens,NO_API_TAXON,
2346,APIACEAE,Seseli cantabricum,NO_API_TAXON,
2348,APIACEAE,Seseli libanotis subsp. libanotis,NO_EXACT_TAXON_MATCH,
2351,POACEAE,Sesleria albicans,NO_API_TAXON,
2352,POACEAE,Sesleria argentea subsp. hispanica,NO_EXACT_TAXON_MATCH,
2353,POACEAE,Sesleria caerulea,NO_API_TAXON,
2357,LAMIACEAE,Sideritis camarae,NO_API_TAXON,
2358,LAMIACEAE,Sideritis hirsuta,NO_API_TAXON,
2359,LAMIACEAE,Sideritis linearifolia,NO_API_TAXON,
2360,LAMIACEAE,Sideritis spinulosa,NO_API_TAXON,
2361,CARYOPHYLLACEAE,Silene boryi,NO_API_TAXON,
2365,CARYOPHYLLACEAE,Silene conica subsp. conica,NO_EXACT_TAXON_MATCH,
2367,CARYOPHYLLACEAE,Silene coutinhoi,NO_API_TAXON,
2368,CARYOPHYLLACEAE,Silene dioica,NO_API_TAXON,
2371,CARYOPHYLLACEAE,Silene inaperta,NO_API_TAXON,
2372,CARYOPHYLLACEAE,Silene inaperta subsp. inaperta,NO_API_TAXON,
2374,CARYOPHYLLACEAE,Silene italica subsp. italica,NO_EXACT_TAXON_MATCH,
2376,CARYOPHYLLACEAE,Silene legionensis,NO_API_TAXON,
2377,CARYOPHYLLACEAE,Silene mellifera,NO_API_TAXON,
2380,CARYOPHYLLACEAE,Silene nutans,NO_API_TAXON,
2381,CARYOPHYLLACEAE,Silene nutans subsp. nutans,NO_API_TAXON,
2383,CARYOPHYLLACEAE,Silene otites subsp. otites,NO_EXACT_TAXON_MATCH,
2384,CARYOPHYLLACEAE,Silene portensis subsp. portensis,NO_EXACT_TAXON_MATCH,
2385,CARYOPHYLLACEAE,Silene rupestris,NO_API_TAXON,
2388,CARYOPHYLLACEAE,Silene vulgaris subsp. glareosa,NO_EXACT_TAXON_MATCH,
2389,CARYOPHYLLACEAE,Silene vulgaris subsp. prostrata,NO_EXACT_TAXON_MATCH,
2390,CARYOPHYLLACEAE,Silene vulgaris subsp. vulgaris,NO_EXACT_TAXON_MATCH,
2392,ASPHODELACEAE,Simethis mattiazzi,NO_API_TAXON,
2393,ASPHODELACEAE,Simethis mattiazzii,NO_API_TAXON,
2394,ASPHODELACEAE,Simethis planifolia,NO_API_TAXON,
2395,BRASSICACEAE,Sinapis alba subsp. mairei,NO_EXACT_TAXON_MATCH,
2399,BRASSICACEAE,Sisymbrium austriacum subsp. chrysanthum,NO_API_TAXON,
2400,BRASSICACEAE,Sisymbrium austriacum subsp. contortum,NO_API_TAXON,
2402,BRASSICACEAE,Sisymbrium macroloma,NO_API_TAXON,
2406,CAPRIFOLIACEAE,Sixalix atropurpurea,NO_API_TAXON,
2413,ASTERACEAE,Sonchus aquatilis,NO_API_TAXON,
2416,ASTERACEAE,Sonchus asper subsp. asper,NO_EXACT_TAXON_MATCH,
2417,ASTERACEAE,Sonchus asper subsp. glaucescens,NO_EXACT_TAXON_MATCH,
2422,ROSACEAE,Sorbus aria subsp. aria,NO_EXACT_TAXON_MATCH,
2434,CARYOPHYLLACEAE,Spergula bocconei,NO_API_TAXON,
2435,CARYOPHYLLACEAE,Spergula capillacea,NO_API_TAXON,
2436,CARYOPHYLLACEAE,Spergula diandra,NO_API_TAXON,
2437,CARYOPHYLLACEAE,Spergula marina,NO_API_TAXON,
2438,CARYOPHYLLACEAE,Spergula media,NO_API_TAXON,
2439,CARYOPHYLLACEAE,Spergula morisonii,NO_API_TAXON,
2441,CARYOPHYLLACEAE,Spergula rubra,NO_API_TAXON,
2447,ROSACEAE,Spiraea hypericifolia subsp. obovata,NO_API_TAXON,
2453,LAMIACEAE,Stachys heraclea,NO_API_TAXON,
2454,LAMIACEAE,Stachys recta subsp. recta,NO_EXACT_TAXON_MATCH,
2456,ASTERACEAE,Staehelina dubia,NO_API_TAXON,
2459,CARYOPHYLLACEAE,Stellaria holostea,NO_API_TAXON,
2462,CARYOPHYLLACEAE,Stellaria nemorum subsp. montana,NO_EXACT_TAXON_MATCH,
2465,POACEAE,Stipa gigantea subsp. gigantea,NO_EXACT_TAXON_MATCH,
2470,LILIACEAE,Streptopus amplexifolius,NO_API_TAXON,
2471,AMARANTHACEAE,Suaeda spicata,NO_API_TAXON,
2472,AMARANTHACEAE,Suaeda vera subsp. braun-blanquetii,NO_EXACT_TAXON_MATCH,
2481,DIOSCOREACEAE,Tamus communis,NO_API_TAXON,
2483,ASTERACEAE,Tanacetum corymbosum subsp. corymbosum,NO_EXACT_TAXON_MATCH,
2485,ASTERACEAE,Taraxacum ciliare,NO_API_TAXON,
2486,ASTERACEAE,Taraxacum elegantius,NO_API_TAXON,
2487,ASTERACEAE,Taraxacum gasparrinii,NO_API_TAXON,
2488,ASTERACEAE,Taraxacum gr.,UNPARSABLE_NAME,
2489,ASTERACEAE,Taraxacum malato-belizii,NO_API_TAXON,
2490,ASTERACEAE,Taraxacum marginellum,NO_API_TAXON,
2491,ASTERACEAE,Taraxacum obovatum,NO_API_TAXON,
2492,ASTERACEAE,Taraxacum pinto-silvae,NO_API_TAXON,
2493,ASTERACEAE,Taraxacum pyropappum,NO_API_TAXON,
2494,ASTERACEAE,Taraxacum sp.,UNPARSABLE_NAME,
2497,BRASSICACEAE,Teesdalia nudicaulis,NO_API_TAXON,
2499,FABACEAE,Tetragonolobus maritimus,NO_API_TAXON,
2503,LAMIACEAE,Teucrium gnaphalodes,NO_API_TAXON,
2504,LAMIACEAE,Teucrium polium,NO_API_TAXON,
2505,LAMIACEAE,Teucrium pyrenaicum,NO_API_TAXON,
2508,RANUNCULACEAE,Thalictrum minus subsp. minus,NO_EXACT_TAXON_MATCH,
2509,RANUNCULACEAE,Thalictrum tuberosum,NO_API_TAXON,
2510,APIACEAE,Thapsia dissecta,NO_API_TAXON,
2511,APIACEAE,Thapsia villosa,NO_API_TAXON,
2513,SANTALACEAE,Thesium humifusum,NO_API_TAXON,
2515,BRASSICACEAE,Thlaspi perfoliatum,NO_API_TAXON,
2516,BRASSICACEAE,Thlaspi stenopterum,NO_API_TAXON,
2517,ASTERACEAE,Thrincia hispida,NO_API_TAXON,
2518,ASTERACEAE,Thrincia saxatilis,NO_API_TAXON,
2519,ASTERACEAE,Thrincia tuberosa,NO_API_TAXON,
2520,THYMELAEACEAE,Thymelaea coridifolia,NO_API_TAXON,
2522,THYMELAEACEAE,Thymelaea pubescens,NO_API_TAXON,
2523,THYMELAEACEAE,Thymelaea ruizii,NO_API_TAXON,
2524,THYMELAEACEAE,Thymelaea sanamunda,NO_API_TAXON,
2527,LAMIACEAE,Thymus mastigophorus,NO_API_TAXON,
2533,MALVACEAE,Tilia x vulgaris,UNPARSABLE_NAME,
2538,APIACEAE,Torilis arvensis subsp. arvensis,NO_EXACT_TAXON_MATCH,
2539,APIACEAE,Torilis arvensis subsp. neglecta,NO_EXACT_TAXON_MATCH,
2540,APIACEAE,Torilis arvensis subsp. purpurea,NO_EXACT_TAXON_MATCH,
2541,APIACEAE,Torilis arvensis subsp. recta,NO_EXACT_TAXON_MATCH,
2546,ASTERACEAE,Tragopogon crocifolius,NO_API_TAXON,
2548,ASTERACEAE,Tragopogon lamottei,NO_API_TAXON,
2563,FABACEAE,Trifolium montanum,NO_API_TAXON,
2565,FABACEAE,Trifolium phleoides subsp. willkommii,NO_EXACT_TAXON_MATCH,
2568,FABACEAE,Trifolium repens subsp. repens,NO_EXACT_TAXON_MATCH,
2571,FABACEAE,Trifolium rubens,NO_API_TAXON,
2583,FABACEAE,Trigonella monspeliaca,NO_API_TAXON,
2584,FABACEAE,Trigonella polyceratia,NO_API_TAXON,
2585,APIACEAE,Trinia dufourii,NO_API_TAXON,
2587,APIACEAE,Trinia glauca subsp. glauca,NO_EXACT_TAXON_MATCH,
2589,POACEAE,Trisetaria loeflingiana,NO_API_TAXON,
2591,POACEAE,Trisetaria panicea,NO_API_TAXON,
2594,POACEAE,Trisetum hispidum,NO_API_TAXON,
2595,POACEAE,Trisetum loeflingianum,NO_API_TAXON,
2596,POACEAE,Trisetum ovatum,NO_API_TAXON,
2597,POACEAE,Trisetum paniceum,NO_API_TAXON,
2600,ASTERACEAE,Trommsdorffia maculata,NO_API_TAXON,
2602,CISTACEAE,Tuberaria lignosa,NO_API_TAXON,
2603,LILIACEAE,Tulipa sylvestris subsp. australis,NO_EXACT_TAXON_MATCH,
2612,ULMACEAE,Ulmus x hollandica,UNPARSABLE_NAME,
2613,CRASSULACEAE,Umbilicus heylandianus,NO_API_TAXON,
2619,CARYOPHYLLACEAE,Vaccaria hispanica,NO_API_TAXON,
2622,CAPRIFOLIACEAE,Valeriana apula,NO_API_TAXON,
2623,CAPRIFOLIACEAE,Valeriana longiflora,NO_API_TAXON,
2624,CAPRIFOLIACEAE,Valeriana longifolia,NO_API_TAXON,
2627,CAPRIFOLIACEAE,Valeriana officinalis subsp. tenuifolia,NO_EXACT_TAXON_MATCH,
2628,CAPRIFOLIACEAE,Valeriana pyrenaica,NO_API_TAXON,
2635,CAPRIFOLIACEAE,Valerianella fusiformis,NO_API_TAXON,
2637,CAPRIFOLIACEAE,Valerianella locusta subsp. lusitanica,NO_EXACT_TAXON_MATCH,
2638,CAPRIFOLIACEAE,Valerianella lusitanica,NO_API_TAXON,
2639,CAPRIFOLIACEAE,Valerianella muricata,NO_API_TAXON,
2645,SCROPHULARIACEAE,Verbascum rotundifolium subsp. ripacurcicum,NO_API_TAXON,
2648,SCROPHULARIACEAE,Verbascum thapsus subsp. crassifolium,NO_EXACT_TAXON_MATCH,
2649,SCROPHULARIACEAE,Verbascum thapsus subsp. montanum,NO_EXACT_TAXON_MATCH,
2650,SCROPHULARIACEAE,Verbascum thapsus subsp. thapsus,NO_EXACT_TAXON_MATCH,
2651,SCROPHULARIACEAE,Verbascum virgatum,NO_API_TAXON,
2657,PLANTAGINACEAE,Veronica austriaca subsp. vahlii,NO_EXACT_TAXON_MATCH,
2658,PLANTAGINACEAE,Veronica becabunga,NO_API_TAXON,
2661,PLANTAGINACEAE,Veronica chamaedrys subsp. chamaedrys,NO_EXACT_TAXON_MATCH,
2662,PLANTAGINACEAE,Veronica fruticans subsp. cantabrica,NO_API_TAXON,
2664,PLANTAGINACEAE,Veronica hederifolia subsp. hederifolia,NO_EXACT_TAXON_MATCH,
2669,PLANTAGINACEAE,Veronica ponae,NO_API_TAXON,
2672,PLANTAGINACEAE,Veronica sennenii,NO_API_TAXON,
2678,FABACEAE,Vicia amphycarpa,NO_API_TAXON,
2679,FABACEAE,Vicia angustifolia,NO_API_TAXON,
2683,FABACEAE,Vicia faba,NO_API_TAXON,
2689,FABACEAE,Vicia monantha subsp. calcarata,NO_EXACT_TAXON_MATCH,
2698,FABACEAE,Vicia sativa subsp. sativa,NO_EXACT_TAXON_MATCH,
2703,APOCYNACEAE,Vinca difformis,NO_API_TAXON,
2704,APOCYNACEAE,Vinca major subsp. major,NO_EXACT_TAXON_MATCH,
2706,APOCYNACEAE,Vincetoxicum nigrum,NO_API_TAXON,
2707,VIOLACEAE,Viola alba,NO_API_TAXON,
2709,VIOLACEAE,Viola bubanii,NO_API_TAXON,
2713,VIOLACEAE,Viola montcaunica,NO_API_TAXON,
2719,VIOLACEAE,Viola rupestris subsp. rupestris,NO_EXACT_TAXON_MATCH,
2720,VIOLACEAE,Viola saxatilis,NO_API_TAXON,
2723,SANTALACEAE,Viscum album subsp. austriacum,NO_EXACT_TAXON_MATCH,
2725,VITACEAE,Vitis vinifera subsp. sylvestris,NO_EXACT_TAXON_MATCH,
2726,VITACEAE,Vitis vinifera subsp. vinifera,NO_EXACT_TAXON_MATCH,
2733,CAMPANULACEAE,Wahlenbergia hederacea,NO_API_TAXON,
2735,ASTERACEAE,Xanthium orientale subsp. italicum,NO_EXACT_TAXON_MATCH,
2739,CISTACEAE,Xolantha tuberaria,NO_API_TAXON,
