B_SOURCE_RECORD_ID,NOMBRE_RIOJA_VERBATIM,input_MITECO_IDTAXON,reuse_stage,explicit_historical_resolution_signal,exact_name_evidence_count,documented_relation_evidence_count
3600,Adenocarpus hispanicus subsp. neilense,,EXACT_NAME,False,6,0
4981,Alchemilla basaltica,,EXACT_NAME,True,9,0
3143,Alchemilla filicaulis var. vestita,,EXACT_NAME,True,9,0
2250,Allium oleraceum var. oleraceum,,EXACT_NAME,False,10,0
156,Allium schoenoprassum,,EXACT_NAME,False,10,0
895,Andryala ragusina var. ragusina,,EXACT_NAME,True,8,0
4286,Anteriorchis coriophora var. carpetana,,EXACT_NAME,False,6,0
3682,Anthemis triumfettii,,EXACT_NAME,False,6,0
2285,Arum orientale subsp. orientale,,EXACT_NAME,True,9,0
836,Asperula pyrenaica,,EXACT_NAME,True,9,0
4440,Asplenium adiantum-nigrum var. adiantum-nigrum,,EXACT_NAME,False,6,0
1894,Astragalus monspessulanus subsp. teresianus,,EXACT_NAME,False,6,0
294,Astragalus sempervirens subsp. muticus,,EXACT_NAME,False,6,0
3862,Astragalus vesicarius subsp. vesicarius,,EXACT_NAME,False,6,0
4989,Atropa bella-donna,,EXACT_NAME,False,6,0
5099,Avenula bromoides subsp. pauneroi,,EXACT_NAME,False,6,0
1522,Avenula lodunensis subsp. romero-zarcoi,,EXACT_NAME,False,6,0
1398,Avenula pratensis var. paniculata,,EXACT_NAME,True,9,0
1399,Avenula pratensis var. vasconica,,EXACT_NAME,True,9,0
615,Avenula sulcata subsp. sulcata,,EXACT_NAME,True,8,0
4509,Betula alba var. alba,,EXACT_NAME,False,10,0
4510,Betula alba var. glabrata,,EXACT_NAME,True,9,0
1192,Betula pendula var. meridionalis,,EXACT_NAME,True,9,0
3787,Biscutella valentina var. laevigata,,EXACT_NAME,True,9,0
3788,Biscutella valentina var. valentina,,EXACT_NAME,True,8,0
3789,Biscutella valentina var. variegata,,NO_HISTORICAL_REUSE_MATCH,False,0,0
415,Blechnum spicant var. spicant,,EXACT_NAME,True,2,0
910,Bupleurum ranunculoides subsp. gramineus,,NO_HISTORICAL_REUSE_MATCH,False,0,0
911,Bupleurum ranunculoides subsp. ranunculoides,,NO_HISTORICAL_REUSE_MATCH,False,0,0
3587,Campanula hispanica,,EXACT_NAME,True,3,0
1172,Campanula paui,,EXACT_NAME,True,3,0
3629,Campanula trachelium subsp. trachelium,,NO_HISTORICAL_REUSE_MATCH,False,0,0
3767,Campanula urbionensis,,EXACT_NAME,True,3,0
4858,Carduus assoi,,EXACT_NAME,True,3,0
3165,Carex flacca subsp. serrulata,,EXACT_NAME,True,3,0
3498,Carex hallerana,,EXACT_NAME,False,4,0
1968,Carex muricata subsp. lamprocarpa,,NO_HISTORICAL_REUSE_MATCH,False,0,0
2758,Centaurea debeauxii subsp. nemoralis,,NO_HISTORICAL_REUSE_MATCH,False,0,0
2367,Centaurea paniculata subsp. castellana,,NO_HISTORICAL_REUSE_MATCH,False,0,0
3681,Centaurea triumfetti subsp. lingulata,,NO_HISTORICAL_REUSE_MATCH,False,0,0
3006,Centaurium erythraea subsp. grandiflorum,,NO_HISTORICAL_REUSE_MATCH,False,0,0
5177,Centranthus calcitrapae subsp. calcitrapae,,NO_HISTORICAL_REUSE_MATCH,False,0,0
5080,Cerastium brachypetalum var. brachypetalum,,NO_HISTORICAL_REUSE_MATCH,False,0,0
1117,Chaenorhinum rupestre,,EXACT_NAME,True,3,0
686,Chaerophyllum temulentum,,EXACT_NAME,True,3,0
4419,Cheilanthes acrostica,,EXACT_NAME,True,4,0
839,Cirsium pyrenaicum var. longespinosum,,NO_HISTORICAL_REUSE_MATCH,False,0,0
840,Cirsium pyrenaicum var. pyrenaicum,,NO_HISTORICAL_REUSE_MATCH,False,0,0
79,Cistus salvifolius,,EXACT_NAME,False,4,0
4871,Colutea atlantica,,EXACT_NAME,True,3,0
5071,Conopodium bourgaei,,EXACT_NAME,True,3,0
5244,Conopodium capillifolium,,EXACT_NAME,True,3,0
907,Conopodium ramosum,,EXACT_NAME,True,3,0
173,Cytisus scoparius subsp. cantabricus,,NO_HISTORICAL_REUSE_MATCH,False,0,0
3594,Dactylis hispanica,,EXACT_NAME,True,3,0
2934,Dactylorhiza elata subsp. sesquipedalis,,NO_HISTORICAL_REUSE_MATCH,False,0,0
2994,Dactylorhiza ericetorum,,EXACT_NAME,True,3,0
2483,Dactylorhiza incarnata subsp. incarnata,,NO_HISTORICAL_REUSE_MATCH,False,0,0
1624,Dactylorhiza maculata subsp. elodes,,NO_HISTORICAL_REUSE_MATCH,False,0,0
1625,Dactylorhiza maculata subsp. maculata,,NO_HISTORICAL_REUSE_MATCH,False,0,0
1647,Dactylorhiza majalis subsp. majalis,,NO_HISTORICAL_REUSE_MATCH,False,0,0
1696,Dactylorhiza markusii,,EXACT_NAME,True,3,0
3595,Deschampsia hispanica,,EXACT_NAME,True,3,0
2816,Doronicum diazii,,EXACT_NAME,True,3,0
4480,Dryopteris affinis subsp. cambrensis,,NO_HISTORICAL_REUSE_MATCH,False,0,0
4481,Dryopteris affinis var. borreri,,EXACT_NAME,False,4,0
4482,Dryopteris affinis var. robusta,,EXACT_NAME,True,3,0
4850,Echium asperrinum,,EXACT_NAME,True,2,0
3592,Epipactis hispanica,,EXACT_NAME,True,3,0
1156,Epipactis parviflora,,EXACT_NAME,True,3,0
1250,Epipactis phyllanthes var. fageticola,,NO_HISTORICAL_REUSE_MATCH,False,0,0
3536,Festuca heterophylla subsp. braun-blanquetii,,EXACT_NAME,True,4,0
2316,Festuca ovina var. glauca,,EXACT_NAME,True,3,0
3720,Filipendula ulmaria subsp. ulmaria,,NO_HISTORICAL_REUSE_MATCH,False,0,0
2043,Fritillaria nervosa subsp. nervosa,,EXACT_NAME,False,4,0
4676,Galeopsis angustifolia subsp. carpetana,,EXACT_NAME,True,3,0
4547,Galium album subsp. album,,EXACT_NAME,True,3,0
3271,Galium fruticescens,,EXACT_NAME,True,3,0
1285,Galium pinetorum,,EXACT_NAME,True,3,0
4134,Genista cinerea subsp. cinerea,,EXACT_NAME,True,3,0
3203,Genista florida subsp. polygaliphylla,,NO_HISTORICAL_REUSE_MATCH,False,0,0
4677,Gentiana angustifolia subsp. occidentalis,,NO_HISTORICAL_REUSE_MATCH,False,0,0
2789,Gymnadenia densiflora,,EXACT_NAME,True,3,0
2149,Helianthemum nummularium subsp. nummularium,,NO_HISTORICAL_REUSE_MATCH,False,0,0
412,Heracleum sphondylium subsp. montanum,,NO_HISTORICAL_REUSE_MATCH,False,0,0
3272,Herniaria fruticosa var. fruticosa,,EXACT_NAME,False,4,0
3428,Herniaria glabra var. glabra,,EXACT_NAME,False,4,0
136,Herniaria scabrida var. glabrescens,,NO_HISTORICAL_REUSE_MATCH,False,0,0
137,Herniaria scabrida var. scabrida,,EXACT_NAME,False,4,0
2602,Hieracium lactucella subsp. lactucella,,NO_HISTORICAL_REUSE_MATCH,False,0,0
1270,Hieracium pilosella subsp. micradenium,,NO_HISTORICAL_REUSE_MATCH,False,0,0
1271,Hieracium pilosella subsp. pilosella,,NO_HISTORICAL_REUSE_MATCH,False,0,0
1272,Hieracium pilosella subsp. tricholepium,,NO_HISTORICAL_REUSE_MATCH,False,0,0
3555,Himantoglossum hircinum subsp. hircinum,,NO_HISTORICAL_REUSE_MATCH,False,0,0
4217,Hippocrepis comosa subsp. squamata,,NO_HISTORICAL_REUSE_MATCH,False,0,0
2617,Jasione laevis subsp. carpetana,,EXACT_NAME,True,3,0
4244,Juncus conglomeratus var. conglomeratus,,NO_HISTORICAL_REUSE_MATCH,False,0,0
4245,Juncus conglomeratus var. laxus,,EXACT_NAME,True,3,0
2929,Juncus effusus var. effusus,,EXACT_NAME,True,2,0
2930,Juncus effusus var. subglomeratus,,NO_HISTORICAL_REUSE_MATCH,False,0,0
2500,Juncus inflexus var. inflexus,,EXACT_NAME,False,4,0
4837,Knautia arvernensis,,EXACT_NAME,True,3,0
591,Knautia subscaposa subsp. subscaposa,,NO_HISTORICAL_REUSE_MATCH,False,0,0
5335,Koeleria pyramidata subsp. pyramidata,,NO_HISTORICAL_REUSE_MATCH,False,0,0
2538,Leucanthemum ircutianum,,EXACT_NAME,True,4,0
4589,Linaria alpina var. aciculifolia,,EXACT_NAME,True,3,0
1433,Linaria proxima,,EXACT_NAME,True,3,0
3758,Littorela uniflora,,NO_HISTORICAL_REUSE_MATCH,False,0,0
1412,Lotus preslii,,EXACT_NAME,True,3,0
5195,Luzula campestris subsp. carpetana,,NO_HISTORICAL_REUSE_MATCH,False,0,0
1949,Luzula multiflora subsp. congesta,,NO_HISTORICAL_REUSE_MATCH,False,0,0
636,Luzula sylvatica subsp. henriquesii,,NO_HISTORICAL_REUSE_MATCH,False,0,0
2037,Lysimachia nemorun,,EXACT_NAME,False,4,0
2034,Myosotis nemorosa,,NO_HISTORICAL_REUSE_MATCH,False,0,0
900,Myosotis ramosissima subsp. globularis,,EXACT_NAME,True,3,0
5122,Narcissus bulbocodium subsp. bulbocodium,,EXACT_NAME,True,3,0
2041,Nepeta nepetella subsp. cordifolia,,EXACT_NAME,True,3,0
2953,Odontites eliassennenii,,EXACT_NAME,True,3,0
1529,Odontites longiflora,,EXACT_NAME,False,4,0
3843,Odontites verna,,EXACT_NAME,False,5,0
3837,Odontites verna subsp. serotina,,EXACT_NAME,False,5,0
3839,Odontites verna subsp. verna,,EXACT_NAME,False,5,0
3942,Odontites viscosa,,EXACT_NAME,False,5,0
624,Omalotheca supina subsp. pusilla,,NO_HISTORICAL_REUSE_MATCH,False,0,0
635,Omalotheca sylvatica subsp. carpetana,,NO_HISTORICAL_REUSE_MATCH,False,0,0
4403,Onopordon acanthium,,EXACT_NAME,False,5,0
4309,Onopordon corymbosum,,EXACT_NAME,False,5,0
2045,Onopordon nervosum,,EXACT_NAME,False,5,0
4407,Onopordum acaulon subsp. acaulon,,NO_HISTORICAL_REUSE_MATCH,False,0,0
4791,Ophrys arnoldii,,EXACT_NAME,True,3,0
5031,Ophrys bilunulata,,EXACT_NAME,True,3,0
5299,Ophrys castellana,,EXACT_NAME,True,3,0
1166,Ophrys passionis,,EXACT_NAME,True,3,0
1261,Ophrys picta,,EXACT_NAME,True,3,0
986,Ophrys riojana,,EXACT_NAME,True,3,0
3813,Ophrys vasconica,,EXACT_NAME,True,3,0
1262,Orchis picta,,EXACT_NAME,True,3,0
2620,Orobanche laevis,,EXACT_NAME,True,3,0
5337,Orobanche leptantha,,EXACT_NAME,True,3,0
4770,Paronychia argentea var. argentea,,NO_HISTORICAL_REUSE_MATCH,False,0,0
5247,Paronychia capitata var. capitata,,EXACT_NAME,False,4,0
2582,Paronychia kapela var. pseudoaretioides,,NO_HISTORICAL_REUSE_MATCH,False,0,0
1348,Paronychia polygonifolia var. polygonifolia,,NO_HISTORICAL_REUSE_MATCH,False,0,0
2228,Peucedanum officinales subsp. officinale,,NO_HISTORICAL_REUSE_MATCH,False,0,0
843,Phyteuma pyrenaicum,,NO_HISTORICAL_REUSE_MATCH,False,0,0
3402,Pimpinella gracilis,,EXACT_NAME,True,3,0
3401,Pimpinella gracilis subsp. puberula,,NO_HISTORICAL_REUSE_MATCH,False,0,0
4588,Plantago alpina subsp. penyalarensis,,NO_HISTORICAL_REUSE_MATCH,False,0,0
4876,Plantago atrata subsp. discolor,,EXACT_NAME,True,3,0
4172,Platanthera clorantha,,EXACT_NAME,False,4,0
5125,Poa bulbosa var. vivipara,,EXACT_NAME,True,3,0
2071,Populus nigra var. italica,,EXACT_NAME,True,3,0
3817,Potentilla velutina,,EXACT_NAME,True,3,0
5127,Ranunculus bulbosus var. aleae,,EXACT_NAME,True,2,0
5128,Ranunculus bulbosus var. hispanicus,,NO_HISTORICAL_REUSE_MATCH,False,0,0
1189,Ranunculus peltatus var. peltatus,,EXACT_NAME,False,4,0
1614,Rhamnus lycioides subsp. velutina,,EXACT_NAME,True,3,0
1442,Robinia pseudacacia,,EXACT_NAME,True,2,0
2111,Rosa nitidula,,EXACT_NAME,True,3,0
2944,Salix eleagnos subsp. angustifolia,,NO_HISTORICAL_REUSE_MATCH,False,0,0
779,Salix purpurea var. lambertiana,,EXACT_NAME,True,3,0
78,Salix salvifolia,,EXACT_NAME,False,4,0
1821,Sanguisorba minor subsp. muricata,,NO_HISTORICAL_REUSE_MATCH,False,0,0
4839,Satureja ascendens,,EXACT_NAME,True,3,0
4082,Scirpus cespitosus subsp. germanicum,,NO_HISTORICAL_REUSE_MATCH,False,0,0
4679,Scorzonera angustifolia var. angustifolia,,NO_HISTORICAL_REUSE_MATCH,False,0,0
2604,Senecio laderoi subsp. laderoi,,EXACT_NAME,True,2,0
2699,Serratula leucantha,,EXACT_NAME,True,3,0
3625,Seseli libanotis subsp. libanotis,,EXACT_NAME,False,4,0
4769,Sesleria argentea subsp. hispanica,,EXACT_NAME,False,5,0
5145,Sesleria caerulea,,EXACT_NAME,True,3,0
5184,Sideritis camarae,,EXACT_NAME,True,3,0
3916,Solidago virgaurea subsp. fallit-tirones,,NO_HISTORICAL_REUSE_MATCH,False,0,0
4898,Sorbus aucuparia subsp. aucuparia,,NO_HISTORICAL_REUSE_MATCH,False,0,0
1941,Sorbus mougeotii,,NO_HISTORICAL_REUSE_MATCH,False,0,0
2231,Stachys officinalis subsp. officinalis,,NO_HISTORICAL_REUSE_MATCH,False,0,0
923,Stachys recta subsp. recta,,EXACT_NAME,True,3,0
1690,Tetragonolobus maritimus var. hirsutus,,NO_HISTORICAL_REUSE_MATCH,False,0,0
4813,Torilis arvensis subsp. arvensis,,EXACT_NAME,True,3,0
945,Trifolium repens subsp. nevadense,,NO_HISTORICAL_REUSE_MATCH,False,0,0
1582,Valerianella lusitanica,,EXACT_NAME,True,3,0
240,Verbascum thapsus subsp. crassifolium,,EXACT_NAME,True,3,0
4923,Veronica austriaca subsp. vahlii,,EXACT_NAME,True,3,0
4640,Vicia amphycarpa,,EXACT_NAME,False,4,0
2372,Vicia pannonica var. purpurascens,,NO_HISTORICAL_REUSE_MATCH,False,0,0
