universe_index,genus,family,taxon
1,Abies,PINACEAE,Abies alba
2,Abutilon,MALVACEAE,Abutilon theophrasti
3,Acer,SAPINDACEAE,Acer campestre
4,Acer,SAPINDACEAE,Acer monspessulanum
5,Acer,SAPINDACEAE,Acer monspessulanum x A. campestre
6,Acer,SAPINDACEAE,Acer opalus
7,Acer,SAPINDACEAE,Acer pseudoplatanus
8,Achillea,ASTERACEAE,Achillea ageratum
9,Achillea,ASTERACEAE,Achillea collina
10,Achillea,ASTERACEAE,Achillea millefolium
11,Achillea,ASTERACEAE,Achillea millefolium subsp. millefolium
12,Achillea,ASTERACEAE,Achillea odorata
13,Achillea,ASTERACEAE,Achillea ptarmica
14,Achillea,ASTERACEAE,Achillea ptarmica subsp. pyrenaica
15,Achillea,ASTERACEAE,Achillea tomentosa
16,Acinos,LAMIACEAE,Acinos alpinus
17,Acinos,LAMIACEAE,Acinos arvensis
18,Aconitum,RANUNCULACEAE,Aconitum anthora
19,Aconitum,RANUNCULACEAE,Aconitum napellus
20,Aconitum,RANUNCULACEAE,Aconitum vulgaria subsp. neapolitanum
21,Actaea,RANUNCULACEAE,Actaea spicata
22,Adenocarpus,FABACEAE,Adenocarpus complicatus
23,Adenocarpus,FABACEAE,Adenocarpus hispanicus
24,Adiantum,PTERIDACEAE,Adiantum capillus-veneris
25,Adonis,RANUNCULACEAE,Adonis aestivalis
26,Adonis,RANUNCULACEAE,Adonis aestivalis subsp. squarrosa
27,Adonis,RANUNCULACEAE,Adonis annua
28,Adonis,RANUNCULACEAE,Adonis flammea
29,Adonis,RANUNCULACEAE,Adonis microcarpa
30,Adonis,RANUNCULACEAE,Adonis vernalis
31,Aegilops,POACEAE,Aegilops geniculata
32,Aegilops,POACEAE,Aegilops neglecta
33,Aegilops,POACEAE,Aegilops triuncialis
34,Aegilops,POACEAE,Aegilops ventricosa
35,Aegonychon,BORAGINACEAE,Aegonychon purpurocaeruleum
36,Aeluropus,POACEAE,Aeluropus littoralis
37,Aesculus,SAPINDACEAE,Aesculus hippocastanum
38,Aethionema,BRASSICACEAE,Aethionema marginatum
39,Aethionema,BRASSICACEAE,Aethionema monospermum
40,Aethionema,BRASSICACEAE,Aethionema saxatile
41,Aethionema,BRASSICACEAE,Aethionema saxatile subsp. ovalifolium
42,Aethionema,BRASSICACEAE,Aethionema thomasianum
43,Agrimonia,ROSACEAE,Agrimonia eupatoria
44,Agropyron,POACEAE,Agropyron cristatum subsp. pectinatum
45,Agrostemma,CARYOPHYLLACEAE,Agrostemma githago
46,Agrostis,POACEAE,Agrostis alpina
47,Agrostis,POACEAE,Agrostis canina
48,Agrostis,POACEAE,Agrostis capillaris
49,Agrostis,POACEAE,Agrostis castellana
50,Agrostis,POACEAE,Agrostis curtisii
51,Agrostis,POACEAE,Agrostis delicatula
52,Agrostis,POACEAE,Agrostis rupestris
53,Agrostis,POACEAE,Agrostis stolonifera
54,Aira,POACEAE,Aira caryophyllea
55,Aira,POACEAE,Aira cupaniana
56,Aira,POACEAE,Aira praecox
57,Airopsis,POACEAE,Airopsis tenella
58,Aizoon,AIZOACEAE,Aizoon hispanicum
59,Ajuga,LAMIACEAE,Ajuga chamaepitys
60,Ajuga,LAMIACEAE,Ajuga genevensis
61,Ajuga,LAMIACEAE,Ajuga pyramidalis
62,Ajuga,LAMIACEAE,Ajuga reptans
63,Alisma,ALISMATACEAE,Alisma lanceolatum
64,Alisma,ALISMATACEAE,Alisma plantago-aquatica
65,Alliaria,BRASSICACEAE,Alliaria petiolata
66,Allium,AMARYLLIDACEAE,Allium ampeloprasum
67,Allium,AMARYLLIDACEAE,Allium ampeloprasum subsp. ampeloprasum
68,Allium,AMARYLLIDACEAE,Allium ampeloprasum subsp. porrum
69,Allium,AMARYLLIDACEAE,Allium atroviolaceum
70,Allium,AMARYLLIDACEAE,Allium carinatum
71,Allium,AMARYLLIDACEAE,Allium chamaemoly
72,Allium,AMARYLLIDACEAE,Allium ericetorum
73,Allium,AMARYLLIDACEAE,Allium flavum
74,Allium,AMARYLLIDACEAE,Allium moschatum
75,Allium,AMARYLLIDACEAE,Allium neapolitanum
76,Allium,AMARYLLIDACEAE,Allium nigrum
77,Allium,AMARYLLIDACEAE,Allium oleraceum
78,Allium,AMARYLLIDACEAE,Allium pallens
79,Allium,AMARYLLIDACEAE,Allium paniculatum
80,Allium,AMARYLLIDACEAE,Allium roseum
81,Allium,AMARYLLIDACEAE,Allium schoenoprasum
82,Allium,AMARYLLIDACEAE,Allium scorodoprasum
83,Allium,AMARYLLIDACEAE,Allium senescens
84,Allium,AMARYLLIDACEAE,Allium sphaerocephalon
85,Allium,AMARYLLIDACEAE,Allium subhirsutum
86,Allium,AMARYLLIDACEAE,Allium ursinum
87,Allium,AMARYLLIDACEAE,Allium vineale
88,Alnus,BETULACEAE,Alnus glutinosa
89,Alopecurus,POACEAE,Alopecurus aequalis
90,Alopecurus,POACEAE,Alopecurus arundinaceus
91,Alopecurus,POACEAE,Alopecurus bulbosus
92,Alopecurus,POACEAE,Alopecurus geniculatus
93,Alopecurus,POACEAE,Alopecurus myosuroides
94,Alopecurus,POACEAE,Alopecurus pratensis
95,Althaea,MALVACEAE,Althaea cannabina
96,Althaea,MALVACEAE,Althaea hirsuta
97,Althaea,MALVACEAE,Althaea officinalis
98,Alyssum,BRASSICACEAE,Alyssum alyssoides
99,Alyssum,BRASSICACEAE,Alyssum desertorum
100,Alyssum,BRASSICACEAE,Alyssum granatense
101,Alyssum,BRASSICACEAE,Alyssum linifolium
102,Alyssum,BRASSICACEAE,Alyssum loiseleurii
103,Alyssum,BRASSICACEAE,Alyssum montanum
104,Alyssum,BRASSICACEAE,Alyssum simplex
105,Amaranthus,AMARANTHACEAE,Amaranthus albus
106,Amaranthus,AMARANTHACEAE,Amaranthus blitoides
107,Amaranthus,AMARANTHACEAE,Amaranthus blitum
108,Amaranthus,AMARANTHACEAE,Amaranthus cruentus
109,Amaranthus,AMARANTHACEAE,Amaranthus deflexus
110,Amaranthus,AMARANTHACEAE,Amaranthus graecizans
111,Amaranthus,AMARANTHACEAE,Amaranthus hybridus
112,Amaranthus,AMARANTHACEAE,Amaranthus muricatus
113,Amaranthus,AMARANTHACEAE,Amaranthus powellii
114,Amaranthus,AMARANTHACEAE,Amaranthus retroflexus
115,Amaranthus,AMARANTHACEAE,Amaranthus viridis
116,Amelanchier,ROSACEAE,Amelanchier ovalis
117,Ammi,APIACEAE,Ammi majus
118,Ammi,APIACEAE,Ammi visnaga
119,Anacamptis,ORCHIDACEAE,Anacamptis champagneuxii
120,Anacamptis,ORCHIDACEAE,Anacamptis coriophora
121,Anacamptis,ORCHIDACEAE,Anacamptis laxiflora
122,Anacamptis,ORCHIDACEAE,Anacamptis morio
123,Anacamptis,ORCHIDACEAE,Anacamptis palustris
124,Anacamptis,ORCHIDACEAE,Anacamptis papilionacea
125,Anacamptis,ORCHIDACEAE,Anacamptis pyramidalis
126,Anacyclus,ASTERACEAE,Anacyclus clavatus
127,Anacyclus,ASTERACEAE,Anacyclus radiatus
128,Anagallis,PRIMULACEAE,Anagallis arvensis
129,Anagallis,PRIMULACEAE,Anagallis foemina
130,Anagallis,PRIMULACEAE,Anagallis minima
131,Anagyris,FABACEAE,Anagyris foetida
132,Anchusa,BORAGINACEAE,Anchusa azurea
133,Anchusa,BORAGINACEAE,Anchusa italica
134,Androsace,PRIMULACEAE,Androsace maxima
135,Androsace,PRIMULACEAE,Androsace rioxana
136,Androsace,PRIMULACEAE,Androsace villosa
137,Andryala,ASTERACEAE,Andryala integrifolia
138,Andryala,ASTERACEAE,Andryala ragusina
139,Anemone,RANUNCULACEAE,Anemone nemorosa
140,Anemone,RANUNCULACEAE,Anemone palmata
141,Anemone,RANUNCULACEAE,Anemone pavoniana
142,Anemone,RANUNCULACEAE,Anemone ranunculoides
143,Anemone,RANUNCULACEAE,Anemone sylvestris
144,Anemone,RANUNCULACEAE,Anemone trifolia
145,Anemone,RANUNCULACEAE,Anemone vernalis
146,Angelica,APIACEAE,Angelica sylvestris
147,Antennaria,ASTERACEAE,Antennaria dioica
148,Anthemis,ASTERACEAE,Anthemis arvensis
149,Anthemis,ASTERACEAE,Anthemis cotula
150,Anthemis,ASTERACEAE,Anthemis maritima
151,Anthemis,ASTERACEAE,Anthemis tinctoria
152,Anthericum,ASPARAGACEAE,Anthericum liliago
153,Anthericum,ASPARAGACEAE,Anthericum ramosum
154,Anthoxanthum,POACEAE,Anthoxanthum aristatum
155,Anthoxanthum,POACEAE,Anthoxanthum odoratum
156,Anthriscus,APIACEAE,Anthriscus caucalis
157,Anthriscus,APIACEAE,Anthriscus sylvestris
158,Anthyllis,FABACEAE,Anthyllis barba-jovis
159,Anthyllis,FABACEAE,Anthyllis cytisoides
160,Anthyllis,FABACEAE,Anthyllis gerardi
161,Anthyllis,FABACEAE,Anthyllis montana
162,Anthyllis,FABACEAE,Anthyllis vulneraria
163,Anthyllis,FABACEAE,Anthyllis vulneraria subsp. alpestris
164,Anthyllis,FABACEAE,Anthyllis vulneraria subsp. forondae
165,Anthyllis,FABACEAE,Anthyllis vulneraria subsp. gandogeri
166,Anthyllis,FABACEAE,Anthyllis vulneraria subsp. iberica
167,Anthyllis,FABACEAE,Anthyllis vulneraria subsp. maura
168,Antirrhinum,PLANTAGINACEAE,Antirrhinum barrelieri
169,Antirrhinum,PLANTAGINACEAE,Antirrhinum majus
170,Antirrhinum,PLANTAGINACEAE,Antirrhinum molle
171,Antirrhinum,PLANTAGINACEAE,Antirrhinum pulverulentum
172,Aphanes,ROSACEAE,Aphanes arvensis
173,Aphanes,ROSACEAE,Aphanes australis
174,Apium,APIACEAE,Apium graveolens
175,Aquilegia,RANUNCULACEAE,Aquilegia pyrenaica
176,Aquilegia,RANUNCULACEAE,Aquilegia vulgaris
177,Arabidopsis,BRASSICACEAE,Arabidopsis thaliana
178,Arabis,BRASSICACEAE,Arabis alpina
179,Arabis,BRASSICACEAE,Arabis auriculata
180,Arabis,BRASSICACEAE,Arabis ciliata
181,Arabis,BRASSICACEAE,Arabis collina
182,Arabis,BRASSICACEAE,Arabis hirsuta
183,Arabis,BRASSICACEAE,Arabis nova
184,Arabis,BRASSICACEAE,Arabis pauciflora
185,Arabis,BRASSICACEAE,Arabis planisiliqua
186,Arabis,BRASSICACEAE,Arabis sagittata
187,Arabis,BRASSICACEAE,Arabis scabra
188,Arabis,BRASSICACEAE,Arabis turrita
189,Arceuthobium,SANTALACEAE,Arceuthobium oxycedri
190,Arctium,ASTERACEAE,Arctium lappa
191,Arctium,ASTERACEAE,Arctium minus
192,Arctium,ASTERACEAE,Arctium nemorosum
193,Arctostaphylos,ERICACEAE,Arctostaphylos uva-ursi
194,Arenaria,CARYOPHYLLACEAE,Arenaria aggregata
195,Arenaria,CARYOPHYLLACEAE,Arenaria armerina
196,Arenaria,CARYOPHYLLACEAE,Arenaria biflora
197,Arenaria,CARYOPHYLLACEAE,Arenaria capillipes
198,Arenaria,CARYOPHYLLACEAE,Arenaria conimbricensis
199,Arenaria,CARYOPHYLLACEAE,Arenaria erinacea
200,Arenaria,CARYOPHYLLACEAE,Arenaria grandiflora
201,Arenaria,CARYOPHYLLACEAE,Arenaria leptoclados
202,Arenaria,CARYOPHYLLACEAE,Arenaria modesta
203,Arenaria,CARYOPHYLLACEAE,Arenaria montana
204,Arenaria,CARYOPHYLLACEAE,Arenaria obtusiflora
205,Arenaria,CARYOPHYLLACEAE,Arenaria purpurascens
206,Arenaria,CARYOPHYLLACEAE,Arenaria querioides
207,Arenaria,CARYOPHYLLACEAE,Arenaria serpyllifolia
208,Arenaria,CARYOPHYLLACEAE,Arenaria tetraquetra
209,Argyrolobium,FABACEAE,Argyrolobium zanonii
210,Aristolochia,ARISTOLOCHIACEAE,Aristolochia clematitis
211,Aristolochia,ARISTOLOCHIACEAE,Aristolochia longa
212,Aristolochia,ARISTOLOCHIACEAE,Aristolochia paucinervis
213,Aristolochia,ARISTOLOCHIACEAE,Aristolochia pistolochia
214,Armeria,PLUMBAGINACEAE,Armeria alpina
215,Armeria,PLUMBAGINACEAE,Armeria arenaria
216,Armeria,PLUMBAGINACEAE,Armeria cantabrica
217,Armeria,PLUMBAGINACEAE,Armeria duriaei
218,Armeria,PLUMBAGINACEAE,Armeria euscadiensis
219,Armeria,PLUMBAGINACEAE,Armeria pubinervis
220,Armeria,PLUMBAGINACEAE,Armeria rothmaleri
221,Armeria,PLUMBAGINACEAE,Armeria ruscinonensis
222,Armeria,PLUMBAGINACEAE,Armeria transmontana
223,Armeria,PLUMBAGINACEAE,Armeria villosa
224,Armeria,PLUMBAGINACEAE,Armeria villosa subsp. carratracensis
225,Armeria,PLUMBAGINACEAE,Armeria villosa subsp. longiaristata
226,Arnica,ASTERACEAE,Arnica montana
227,Arnoseris,ASTERACEAE,Arnoseris minima
228,Arrhenatherum,POACEAE,Arrhenatherum album
229,Arrhenatherum,POACEAE,Arrhenatherum elatius
230,Artemisia,ASTERACEAE,Artemisia absinthium
231,Artemisia,ASTERACEAE,Artemisia alba
232,Artemisia,ASTERACEAE,Artemisia campestris
233,Artemisia,ASTERACEAE,Artemisia campestris subsp. glutinosa
234,Artemisia,ASTERACEAE,Artemisia herba-alba
235,Artemisia,ASTERACEAE,Artemisia verlotiorum
236,Arum,ARACEAE,Arum italicum
237,Arum,ARACEAE,Arum maculatum
238,Aruncus,ROSACEAE,Aruncus dioicus
239,Asarina,PLANTAGINACEAE,Asarina procumbens
240,Asparagus,ASPARAGACEAE,Asparagus acutifolius
241,Asparagus,ASPARAGACEAE,Asparagus albus
242,Asparagus,ASPARAGACEAE,Asparagus horridus
243,Asparagus,ASPARAGACEAE,Asparagus officinalis
244,Asparagus,ASPARAGACEAE,Asparagus tenuifolius
245,Asperula,RUBIACEAE,Asperula arvensis
246,Asperula,RUBIACEAE,Asperula cynanchica
247,Asperula,RUBIACEAE,Asperula hirta
248,Asperula,RUBIACEAE,Asperula hirsuta
249,Asperula,RUBIACEAE,Asperula laevigata
250,Asperula,RUBIACEAE,Asperula paui
251,Asplenium,ASPLENIACEAE,Asplenium adiantum-nigrum
252,Asplenium,ASPLENIACEAE,Asplenium billotii
253,Asplenium,ASPLENIACEAE,Asplenium ceterach
254,Asplenium,ASPLENIACEAE,Asplenium fontanum
255,Asplenium,ASPLENIACEAE,Asplenium foreziense
256,Asplenium,ASPLENIACEAE,Asplenium obovatum
257,Asplenium,ASPLENIACEAE,Asplenium petrarchae
258,Asplenium,ASPLENIACEAE,Asplenium ruta-muraria
259,Asplenium,ASPLENIACEAE,Asplenium seelosii
260,Asplenium,ASPLENIACEAE,Asplenium septentrionale
261,Asplenium,ASPLENIACEAE,Asplenium trichomanes
262,Asplenium,ASPLENIACEAE,Asplenium trichomanes subsp. quadrivalens
263,Asplenium,ASPLENIACEAE,Asplenium viride
264,Aster,ASTERACEAE,Aster alpinus
265,Aster,ASTERACEAE,Aster linosyris
266,Aster,ASTERACEAE,Aster pyrenaeus
267,Asteriscus,ASTERACEAE,Asteriscus aquaticus
268,Asterolinon,PRIMULACEAE,Asterolinon linum-stellatum
269,Astragalus,FABACEAE,Astragalus alopecuroides
270,Astragalus,FABACEAE,Astragalus aristatus
271,Astragalus,FABACEAE,Astragalus australis
272,Astragalus,FABACEAE,Astragalus baionensis
273,Astragalus,FABACEAE,Astragalus boeticus
274,Astragalus,FABACEAE,Astragalus bourgaeanus
275,Astragalus,FABACEAE,Astragalus caprinus
276,Astragalus,FABACEAE,Astragalus danicus
277,Astragalus,FABACEAE,Astragalus depressus
278,Astragalus,FABACEAE,Astragalus echinatus
279,Astragalus,FABACEAE,Astragalus epiglottis
280,Astragalus,FABACEAE,Astragalus glycyphyllos
281,Astragalus,FABACEAE,Astragalus hamosus
282,Astragalus,FABACEAE,Astragalus incanus
283,Astragalus,FABACEAE,Astragalus lusitanicus
284,Astragalus,FABACEAE,Astragalus monspessulanus
285,Astragalus,FABACEAE,Astragalus sesameus
286,Astragalus,FABACEAE,Astragalus stella
287,Astragalus,FABACEAE,Astragalus tragacantha
288,Athyrium,ATHYRIACEAE,Athyrium filix-femina
289,Atractylis,ASTERACEAE,Atractylis cancellata
290,Atractylis,ASTERACEAE,Atractylis humilis
291,Atriplex,AMARANTHACEAE,Atriplex glauca
292,Atriplex,AMARANTHACEAE,Atriplex halimus
293,Atriplex,AMARANTHACEAE,Atriplex hastata
294,Atriplex,AMARANTHACEAE,Atriplex littoralis
295,Atriplex,AMARANTHACEAE,Atriplex patula
296,Atriplex,AMARANTHACEAE,Atriplex prostrata
297,Avena,POACEAE,Avena barbata
298,Avena,POACEAE,Avena barbata subsp. lusitanica
299,Avena,POACEAE,Avena barbata subsp. sativa
300,Avena,POACEAE,Avena byzantina
301,Avena,POACEAE,Avena fatua
302,Avena,POACEAE,Avena sativa
303,Avena,POACEAE,Avena sterilis
304,Avena,POACEAE,Avena sterilis subsp. ludoviciana
305,Avenella,POACEAE,Avenella flexuosa
306,Avenula,POACEAE,Avenula bromoides
307,Avenula,POACEAE,Avenula marginata
308,Avenula,POACEAE,Avenula pratensis
309,Avenula,POACEAE,Avenula pubescens
310,Azolla,SALVINIACEAE,Azolla filiculoides
311,Baldellia,ALISMATACEAE,Baldellia alpestris
312,Baldellia,ALISMATACEAE,Baldellia ranunculoides
313,Ballota,LAMIACEAE,Ballota hirsuta
314,Ballota,LAMIACEAE,Ballota nigra
315,Barbarea,BRASSICACEAE,Barbarea intermedia
316,Barbarea,BRASSICACEAE,Barbarea verna
317,Barbarea,BRASSICACEAE,Barbarea vulgaris
318,Bellardia,OROBANCHACEAE,Bellardia trixago
319,Bellis,ASTERACEAE,Bellis annua
320,Bellis,ASTERACEAE,Bellis perennis
321,Berberis,BERBERIDACEAE,Berberis vulgaris
322,Beta,AMARANTHACEAE,Beta maritima
323,Betula,BETULACEAE,Betula alba
324,Betula,BETULACEAE,Betula pendula
325,Betula,BETULACEAE,Betula pubescens
326,Bidens,ASTERACEAE,Bidens aurea
327,Bidens,ASTERACEAE,Bidens cernua
328,Bidens,ASTERACEAE,Bidens frondosa
329,Bidens,ASTERACEAE,Bidens tripartita
330,Biscutella,BRASSICACEAE,Biscutella auriculata
331,Biscutella,BRASSICACEAE,Biscutella laevigata
332,Biscutella,BRASSICACEAE,Biscutella lusitanica
333,Biscutella,BRASSICACEAE,Biscutella valentina
334,Bituminaria,FABACEAE,Bituminaria bituminosa
335,Blackstonia,GENTIANACEAE,Blackstonia acuminata
336,Blackstonia,GENTIANACEAE,Blackstonia perfoliata
337,Blechnum,BLECHNACEAE,Blechnum spicant
338,Blysmus,CYPERACEAE,Blysmus compressus
339,Bolboschoenus,CYPERACEAE,Bolboschoenus maritimus
340,Borago,BORAGINACEAE,Borago officinalis
341,Botrypus,OPHIOGLOSSACEAE,Botrypus lunaria
342,Brachypodium,POACEAE,Brachypodium distachyon
343,Brachypodium,POACEAE,Brachypodium phoenicoides
344,Brachypodium,POACEAE,Brachypodium pinnatum
345,Brachypodium,POACEAE,Brachypodium retusum
346,Brachypodium,POACEAE,Brachypodium rupestre
347,Brachypodium,POACEAE,Brachypodium sylvaticum
348,Brassica,BRASSICACEAE,Brassica barrelieri
349,Brassica,BRASSICACEAE,Brassica fruticulosa
350,Brassica,BRASSICACEAE,Brassica nigra
351,Briza,POACEAE,Briza maxima
352,Briza,POACEAE,Briza media
353,Briza,POACEAE,Briza minor
354,Bromus,POACEAE,Bromus alopecuros
355,Bromus,POACEAE,Bromus arvensis
356,Bromus,POACEAE,Bromus benekenii
357,Bromus,POACEAE,Bromus catharticus
358,Bromus,POACEAE,Bromus commutatus
359,Bromus,POACEAE,Bromus diandrus
360,Bromus,POACEAE,Bromus erectus
361,Bromus,POACEAE,Bromus hordeaceus
362,Bromus,POACEAE,Bromus inermis
363,Bromus,POACEAE,Bromus lanceolatus
364,Bromus,POACEAE,Bromus madritensis
365,Bromus,POACEAE,Bromus racemosus
366,Bromus,POACEAE,Bromus rigidus
367,Bromus,POACEAE,Bromus rubens
368,Bromus,POACEAE,Bromus secalinus
369,Bromus,POACEAE,Bromus squarrosus
370,Bromus,POACEAE,Bromus sterilis
371,Bromus,POACEAE,Bromus tectorum
372,Bryonia,CUCURBITACEAE,Bryonia cretica
373,Bryonia,CUCURBITACEAE,Bryonia dioica
374,Bupleurum,APIACEAE,Bupleurum baldense
375,Bupleurum,APIACEAE,Bupleurum falcatum
376,Bupleurum,APIACEAE,Bupleurum fruticescens
377,Bupleurum,APIACEAE,Bupleurum fruticosum
378,Bupleurum,APIACEAE,Bupleurum gerardii
379,Bupleurum,APIACEAE,Bupleurum gibraltaricum
380,Bupleurum,APIACEAE,Bupleurum lancifolium
381,Bupleurum,APIACEAE,Bupleurum rigidum
382,Bupleurum,APIACEAE,Bupleurum rotundifolium
383,Bupleurum,APIACEAE,Bupleurum semicompositum
384,Butomus,BUTOMACEAE,Butomus umbellatus
385,Buxus,BUXACEAE,Buxus sempervirens
386,Cakile,BRASSICACEAE,Cakile maritima
387,Calamagrostis,POACEAE,Calamagrostis arundinacea
388,Calamagrostis,POACEAE,Calamagrostis canescens
389,Calamagrostis,POACEAE,Calamagrostis epigejos
390,Calamagrostis,POACEAE,Calamagrostis pseudophragmites
391,Calamintha,LAMIACEAE,Calamintha menthifolia
392,Calamintha,LAMIACEAE,Calamintha nepeta
393,Calendula,ASTERACEAE,Calendula arvensis
394,Calendula,ASTERACEAE,Calendula officinalis
395,Callitriche,PLANTAGINACEAE,Callitriche brutia
396,Callitriche,PLANTAGINACEAE,Callitriche hamulata
397,Callitriche,PLANTAGINACEAE,Callitriche obtusangula
398,Callitriche,PLANTAGINACEAE,Callitriche palustris
399,Callitriche,PLANTAGINACEAE,Callitriche stagnalis
400,Calluna,ERICACEAE,Calluna vulgaris
401,Caltha,RANUNCULACEAE,Caltha palustris
402,Camelina,BRASSICACEAE,Camelina microcarpa
403,Camelina,BRASSICACEAE,Camelina sativa
404,Campanula,CAMPANULACEAE,Campanula alpina
405,Campanula,CAMPANULACEAE,Campanula erinus
406,Campanula,CAMPANULACEAE,Campanula glomerata
407,Campanula,CAMPANULACEAE,Campanula hispanica
408,Campanula,CAMPANULACEAE,Campanula lusitanica
409,Campanula,CAMPANULACEAE,Campanula patula
410,Campanula,CAMPANULACEAE,Campanula persicifolia
411,Campanula,CAMPANULACEAE,Campanula rapunculus
412,Campanula,CAMPANULACEAE,Campanula rotundifolia
413,Campanula,CAMPANULACEAE,Campanula scheuchzeri
414,Campanula,CAMPANULACEAE,Campanula trachelium
415,Campanula,CAMPANULACEAE,Campanula urticifolia
416,Cannabis,CANNABACEAE,Cannabis sativa
417,Capparis,CAPPARACEAE,Capparis spinosa
418,Capsella,BRASSICACEAE,Capsella bursa-pastoris
419,Cardamine,BRASSICACEAE,Cardamine amara
420,Cardamine,BRASSICACEAE,Cardamine flexuosa
421,Cardamine,BRASSICACEAE,Cardamine hirsuta
422,Cardamine,BRASSICACEAE,Cardamine impatiens
423,Cardamine,BRASSICACEAE,Cardamine pratensis
424,Cardamine,BRASSICACEAE,Cardamine raphanifolia
425,Cardamine,BRASSICACEAE,Cardamine resedifolia
426,Cardaria,BRASSICACEAE,Cardaria draba
427,Carduus,ASTERACEAE,Carduus assoi
428,Carduus,ASTERACEAE,Carduus carpetanus
429,Carduus,ASTERACEAE,Carduus carlinifolius
430,Carduus,ASTERACEAE,Carduus defloratus
431,Carduus,ASTERACEAE,Carduus nutans
432,Carduus,ASTERACEAE,Carduus pycnocephalus
433,Carduus,ASTERACEAE,Carduus tenuiflorus
434,Carex,CYPERACEAE,Carex acuta
435,Carex,CYPERACEAE,Carex acutiformis
436,Carex,CYPERACEAE,Carex alba
437,Carex,CYPERACEAE,Carex atrata
438,Carex,CYPERACEAE,Carex binervis
439,Carex,CYPERACEAE,Carex brachystachys
440,Carex,CYPERACEAE,Carex brizoides
441,Carex,CYPERACEAE,Carex caryophyllea
442,Carex,CYPERACEAE,Carex cuprina
443,Carex,CYPERACEAE,Carex davalliana
444,Carex,CYPERACEAE,Carex demissa
445,Carex,CYPERACEAE,Carex depauperata
446,Carex,CYPERACEAE,Carex diandra
447,Carex,CYPERACEAE,Carex digitata
448,Carex,CYPERACEAE,Carex distans
449,Carex,CYPERACEAE,Carex disticha
450,Carex,CYPERACEAE,Carex divulsa
451,Carex,CYPERACEAE,Carex echinata
452,Carex,CYPERACEAE,Carex elata
453,Carex,CYPERACEAE,Carex extensa
454,Carex,CYPERACEAE,Carex flacca
455,Carex,CYPERACEAE,Carex flava
456,Carex,CYPERACEAE,Carex grioletii
457,Carex,CYPERACEAE,Carex halleriana
458,Carex,CYPERACEAE,Carex hirta
459,Carex,CYPERACEAE,Carex hostiana
460,Carex,CYPERACEAE,Carex humilis
461,Carex,CYPERACEAE,Carex laevigata
462,Carex,CYPERACEAE,Carex lepidocarpa
463,Carex,CYPERACEAE,Carex limosa
464,Carex,CYPERACEAE,Carex liparocarpos
465,Carex,CYPERACEAE,Carex mairii
466,Carex,CYPERACEAE,Carex montana
467,Carex,CYPERACEAE,Carex muricata
468,Carex,CYPERACEAE,Carex nigra
469,Carex,CYPERACEAE,Carex otrubae
470,Carex,CYPERACEAE,Carex ovalis
471,Carex,CYPERACEAE,Carex pallescens
472,Carex,CYPERACEAE,Carex panicea
473,Carex,CYPERACEAE,Carex paniculata
474,Carex,CYPERACEAE,Carex pendula
475,Carex,CYPERACEAE,Carex pilulifera
476,Carex,CYPERACEAE,Carex pulicaris
477,Carex,CYPERACEAE,Carex pyrenaica
478,Carex,CYPERACEAE,Carex remota
479,Carex,CYPERACEAE,Carex riparia
480,Carex,CYPERACEAE,Carex rostrata
481,Carex,CYPERACEAE,Carex sempervirens
482,Carex,CYPERACEAE,Carex sylvatica
483,Carex,CYPERACEAE,Carex vesicaria
484,Carlina,ASTERACEAE,Carlina acanthifolia
485,Carlina,ASTERACEAE,Carlina acaulis
486,Carlina,ASTERACEAE,Carlina corymbosa
487,Carlina,ASTERACEAE,Carlina vulgaris
488,Carpinus,BETULACEAE,Carpinus betulus
489,Carthamus,ASTERACEAE,Carthamus lanatus
490,Carthamus,ASTERACEAE,Carthamus mitissimus
491,Carum,APIACEAE,Carum carvi
492,Castanea,FAGACEAE,Castanea sativa
493,Catabrosa,POACEAE,Catabrosa aquatica
494,Catananche,ASTERACEAE,Catananche caerulea
495,Cedrus,PINACEAE,Cedrus atlantica
496,Celtis,CANNABACEAE,Celtis australis
497,Cenchrus,POACEAE,Cenchrus ciliaris
498,Centaurea,ASTERACEAE,Centaurea alba
499,Centaurea,ASTERACEAE,Centaurea alpina
500,Centaurea,ASTERACEAE,Centaurea aspera
501,Centaurea,ASTERACEAE,Centaurea calcitrapa
502,Centaurea,ASTERACEAE,Centaurea collina
503,Centaurea,ASTERACEAE,Centaurea cyanus
504,Centaurea,ASTERACEAE,Centaurea debeauxii
505,Centaurea,ASTERACEAE,Centaurea depressa
506,Centaurea,ASTERACEAE,Centaurea diluta
507,Centaurea,ASTERACEAE,Centaurea jacea
508,Centaurea,ASTERACEAE,Centaurea lagascana
509,Centaurea,ASTERACEAE,Centaurea linifolia
510,Centaurea,ASTERACEAE,Centaurea melitensis
511,Centaurea,ASTERACEAE,Centaurea montana
512,Centaurea,ASTERACEAE,Centaurea nigra
513,Centaurea,ASTERACEAE,Centaurea paniculata
514,Centaurea,ASTERACEAE,Centaurea pectinata
515,Centaurea,ASTERACEAE,Centaurea pullata
516,Centaurea,ASTERACEAE,Centaurea scabiosa
517,Centaurea,ASTERACEAE,Centaurea solstitialis
518,Centaurea,ASTERACEAE,Centaurea triumfettii
519,Centaurea,ASTERACEAE,Centaurea uniflora
520,Centaurium,GENTIANACEAE,Centaurium erythraea
521,Centaurium,GENTIANACEAE,Centaurium maritimum
522,Centaurium,GENTIANACEAE,Centaurium pulchellum
523,Centranthus,CAPRIFOLIACEAE,Centranthus calcitrapae
524,Centranthus,CAPRIFOLIACEAE,Centranthus lecoqii
525,Centranthus,CAPRIFOLIACEAE,Centranthus ruber
526,Cephalanthera,ORCHIDACEAE,Cephalanthera damasonium
527,Cephalanthera,ORCHIDACEAE,Cephalanthera longifolia
528,Cephalanthera,ORCHIDACEAE,Cephalanthera rubra
529,Cerastium,CARYOPHYLLACEAE,Cerastium alpinum
530,Cerastium,CARYOPHYLLACEAE,Cerastium arvense
531,Cerastium,CARYOPHYLLACEAE,Cerastium brachypetalum
532,Cerastium,CARYOPHYLLACEAE,Cerastium diffusum
533,Cerastium,CARYOPHYLLACEAE,Cerastium fontanum
534,Cerastium,CARYOPHYLLACEAE,Cerastium glomeratum
535,Cerastium,CARYOPHYLLACEAE,Cerastium pumilum
536,Cerastium,CARYOPHYLLACEAE,Cerastium semidecandrum
537,Cerastium,CARYOPHYLLACEAE,Cerastium tomentosum
538,Cerinthe,BORAGINACEAE,Cerinthe major
539,Cervaria,APIACEAE,Cervaria rivini
540,Chaerophyllum,APIACEAE,Chaerophyllum aureum
541,Chaerophyllum,APIACEAE,Chaerophyllum hirsutum
542,Chaerophyllum,APIACEAE,Chaerophyllum temulum
543,Chamaemelum,ASTERACEAE,Chamaemelum fuscatum
544,Chamaemelum,ASTERACEAE,Chamaemelum mixtum
545,Chamaemelum,ASTERACEAE,Chamaemelum nobile
546,Chamaespartium,FABACEAE,Chamaespartium sagittale
547,Chenopodium,AMARANTHACEAE,Chenopodium album
548,Chenopodium,AMARANTHACEAE,Chenopodium ambrosioides
549,Chenopodium,AMARANTHACEAE,Chenopodium botrys
550,Chenopodium,AMARANTHACEAE,Chenopodium ficifolium
551,Chenopodium,AMARANTHACEAE,Chenopodium hybridum
552,Chenopodium,AMARANTHACEAE,Chenopodium murale
553,Chenopodium,AMARANTHACEAE,Chenopodium opulifolium
554,Chenopodium,AMARANTHACEAE,Chenopodium polyspermum
555,Chenopodium,AMARANTHACEAE,Chenopodium rubrum
556,Chenopodium,AMARANTHACEAE,Chenopodium urbicum
557,Chenopodium,AMARANTHACEAE,Chenopodium vulvaria
558,Chondrilla,ASTERACEAE,Chondrilla juncea
559,Chrysanthemum,ASTERACEAE,Chrysanthemum coronarium
560,Chrysanthemum,ASTERACEAE,Chrysanthemum segetum
561,Cicer,FABACEAE,Cicer arietinum
562,Cichorium,ASTERACEAE,Cichorium intybus
563,Cicuta,APIACEAE,Cicuta virosa
564,Circaea,ONAGRACEAE,Circaea lutetiana
565,Cirsium,ASTERACEAE,Cirsium acaule
566,Cirsium,ASTERACEAE,Cirsium arvense
567,Cirsium,ASTERACEAE,Cirsium echinatum
568,Cirsium,ASTERACEAE,Cirsium eriophorum
569,Cirsium,ASTERACEAE,Cirsium ferox
570,Cirsium,ASTERACEAE,Cirsium monspessulanum
571,Cirsium,ASTERACEAE,Cirsium palustre
572,Cirsium,ASTERACEAE,Cirsium pyrenaicum
573,Cirsium,ASTERACEAE,Cirsium rivulare
574,Cirsium,ASTERACEAE,Cirsium tuberosum
575,Cirsium,ASTERACEAE,Cirsium vulgare
576,Cistus,CISTACEAE,Cistus albidus
577,Cistus,CISTACEAE,Cistus crispus
578,Cistus,CISTACEAE,Cistus ladanifer
579,Cistus,CISTACEAE,Cistus laurifolius
580,Cistus,CISTACEAE,Cistus monspeliensis
581,Cistus,CISTACEAE,Cistus populifolius
582,Cistus,CISTACEAE,Cistus salviifolius
583,Cladium,CYPERACEAE,Cladium mariscus
584,Clematis,RANUNCULACEAE,Clematis alpina
585,Clematis,RANUNCULACEAE,Clematis campaniflora
586,Clematis,RANUNCULACEAE,Clematis flammula
587,Clematis,RANUNCULACEAE,Clematis recta
588,Clematis,RANUNCULACEAE,Clematis vitalba
589,Clypeola,BRASSICACEAE,Clypeola jonthlaspi
590,Cnicus,ASTERACEAE,Cnicus benedictus
591,Cochlearia,BRASSICACEAE,Cochlearia aragonensis
592,Cochlearia,BRASSICACEAE,Cochlearia glastifolia
593,Cochlearia,BRASSICACEAE,Cochlearia officinalis
594,Coeloglossum,ORCHIDACEAE,Coeloglossum viride
595,Colchicum,COLCHICACEAE,Colchicum autumnale
596,Colchicum,COLCHICACEAE,Colchicum lusitanum
597,Colchicum,COLCHICACEAE,Colchicum montanum
598,Colutea,FABACEAE,Colutea arborescens
599,Conium,APIACEAE,Conium maculatum
600,Conopodium,APIACEAE,Conopodium majus
601,Conopodium,APIACEAE,Conopodium pyrenaeum
602,Consolida,RANUNCULACEAE,Consolida ajacis
603,Consolida,RANUNCULACEAE,Consolida pubescens
604,Consolida,RANUNCULACEAE,Consolida regalis
605,Convallaria,ASPARAGACEAE,Convallaria majalis
606,Convolvulus,CONVOLVULACEAE,Convolvulus althaeoides
607,Convolvulus,CONVOLVULACEAE,Convolvulus arvensis
608,Convolvulus,CONVOLVULACEAE,Convolvulus cantabrica
609,Convolvulus,CONVOLVULACEAE,Convolvulus lineatus
610,Conyza,ASTERACEAE,Conyza bonariensis
611,Conyza,ASTERACEAE,Conyza canadensis
612,Conyza,ASTERACEAE,Conyza sumatrensis
613,Coris,PRIMULACEAE,Coris monspeliensis
614,Cornus,CORNACEAE,Cornus sanguinea
615,Coronilla,FABACEAE,Coronilla emerus
616,Coronilla,FABACEAE,Coronilla glauca
617,Coronilla,FABACEAE,Coronilla juncea
618,Coronilla,FABACEAE,Coronilla minima
619,Coronilla,FABACEAE,Coronilla repanda
620,Coronilla,FABACEAE,Coronilla scorpioides
621,Coronilla,FABACEAE,Coronilla varia
622,Corydalis,PAPAVERACEAE,Corydalis cava
623,Corydalis,PAPAVERACEAE,Corydalis claviculata
624,Corydalis,PAPAVERACEAE,Corydalis lutea
625,Corylus,BETULACEAE,Corylus avellana
626,Cotoneaster,ROSACEAE,Cotoneaster integerrimus
627,Cotoneaster,ROSACEAE,Cotoneaster tomentosus
628,Crassula,CRASSULACEAE,Crassula tillaea
629,Crataegus,ROSACEAE,Crataegus monogyna
630,Crepis,ASTERACEAE,Crepis albida
631,Crepis,ASTERACEAE,Crepis biennis
632,Crepis,ASTERACEAE,Crepis capillaris
633,Crepis,ASTERACEAE,Crepis foetida
634,Crepis,ASTERACEAE,Crepis lampsanoides
635,Crepis,ASTERACEAE,Crepis nicaeensis
636,Crepis,ASTERACEAE,Crepis paludosa
637,Crepis,ASTERACEAE,Crepis pulchra
638,Crepis,ASTERACEAE,Crepis pyrenaica
639,Crepis,ASTERACEAE,Crepis sancta
640,Crepis,ASTERACEAE,Crepis setosa
641,Crepis,ASTERACEAE,Crepis vesicaria
642,Crithmum,APIACEAE,Crithmum maritimum
643,Crocus,IRIDACEAE,Crocus carpetanus
644,Crocus,IRIDACEAE,Crocus nudiflorus
645,Crocus,IRIDACEAE,Crocus serotinus
646,Cruciata,RUBIACEAE,Cruciata glabra
647,Cruciata,RUBIACEAE,Cruciata laevipes
648,Crupina,ASTERACEAE,Crupina crupinastrum
649,Crupina,ASTERACEAE,Crupina vulgaris
650,Cuscuta,CONVOLVULACEAE,Cuscuta approximata
651,Cuscuta,CONVOLVULACEAE,Cuscuta campestris
652,Cuscuta,CONVOLVULACEAE,Cuscuta epithymum
653,Cuscuta,CONVOLVULACEAE,Cuscuta europaea
654,Cuscuta,CONVOLVULACEAE,Cuscuta planiflora
655,Cyclamen,PRIMULACEAE,Cyclamen balearicum
656,Cyclamen,PRIMULACEAE,Cyclamen hederifolium
657,Cyclamen,PRIMULACEAE,Cyclamen repandum
658,Cynoglossum,BORAGINACEAE,Cynoglossum cheirifolium
659,Cynoglossum,BORAGINACEAE,Cynoglossum creticum
660,Cynoglossum,BORAGINACEAE,Cynoglossum dioscoridis
661,Cynoglossum,BORAGINACEAE,Cynoglossum germanicum
662,Cynoglossum,BORAGINACEAE,Cynoglossum officinale
663,Cynosurus,POACEAE,Cynosurus cristatus
664,Cynosurus,POACEAE,Cynosurus echinatus
665,Cyperus,CYPERACEAE,Cyperus difformis
666,Cyperus,CYPERACEAE,Cyperus esculentus
667,Cyperus,CYPERACEAE,Cyperus flavescens
668,Cyperus,CYPERACEAE,Cyperus fuscus
669,Cyperus,CYPERACEAE,Cyperus longus
670,Cyperus,CYPERACEAE,Cyperus michelianus
671,Cyperus,CYPERACEAE,Cyperus rotundus
672,Cypripedium,ORCHIDACEAE,Cypripedium calceolus
673,Cystopteris,CYSTOPTERIDACEAE,Cystopteris dickieana
674,Cystopteris,CYSTOPTERIDACEAE,Cystopteris fragilis
675,Cytinus,CYTINACEAE,Cytinus hypocistis
676,Cytisus,FABACEAE,Cytisus arboreus
677,Cytisus,FABACEAE,Cytisus cantabricus
678,Cytisus,FABACEAE,Cytisus commutatus
679,Cytisus,FABACEAE,Cytisus multiflorus
680,Cytisus,FABACEAE,Cytisus oromediterraneus
681,Cytisus,FABACEAE,Cytisus scoparius
682,Cytisus,FABACEAE,Cytisus striatus
683,Dactylis,POACEAE,Dactylis glomerata
684,Dactylorhiza,ORCHIDACEAE,Dactylorhiza elata
685,Dactylorhiza,ORCHIDACEAE,Dactylorhiza fuchsii
686,Dactylorhiza,ORCHIDACEAE,Dactylorhiza incarnata
687,Dactylorhiza,ORCHIDACEAE,Dactylorhiza insularis
688,Dactylorhiza,ORCHIDACEAE,Dactylorhiza maculata
689,Dactylorhiza,ORCHIDACEAE,Dactylorhiza majalis
690,Dactylorhiza,ORCHIDACEAE,Dactylorhiza romana
691,Dactylorhiza,ORCHIDACEAE,Dactylorhiza sambucina
692,Daphne,THYMELAEACEAE,Daphne cneorum
693,Daphne,THYMELAEACEAE,Daphne gnidium
694,Daphne,THYMELAEACEAE,Daphne laureola
695,Daphne,THYMELAEACEAE,Daphne mezereum
696,Datura,SOLANACEAE,Datura stramonium
697,Daucus,APIACEAE,Daucus carota
698,Delphinium,RANUNCULACEAE,Delphinium elatum
699,Delphinium,RANUNCULACEAE,Delphinium fissum
700,Delphinium,RANUNCULACEAE,Delphinium gracile
701,Deschampsia,POACEAE,Deschampsia cespitosa
702,Descurainia,BRASSICACEAE,Descurainia sophia
703,Dianthus,CARYOPHYLLACEAE,Dianthus armeria
704,Dianthus,CARYOPHYLLACEAE,Dianthus barbatus
705,Dianthus,CARYOPHYLLACEAE,Dianthus benearnensis
706,Dianthus,CARYOPHYLLACEAE,Dianthus broteri
707,Dianthus,CARYOPHYLLACEAE,Dianthus carthusianorum
708,Dianthus,CARYOPHYLLACEAE,Dianthus deltoides
709,Dianthus,CARYOPHYLLACEAE,Dianthus hyssopifolius
710,Dianthus,CARYOPHYLLACEAE,Dianthus laricifolius
711,Dianthus,CARYOPHYLLACEAE,Dianthus lusitanus
712,Dianthus,CARYOPHYLLACEAE,Dianthus monspessulanus
713,Dianthus,CARYOPHYLLACEAE,Dianthus pungens
714,Dianthus,CARYOPHYLLACEAE,Dianthus superbus
715,Dictamnus,RUTACEAE,Dictamnus albus
716,Digitalis,PLANTAGINACEAE,Digitalis lutea
717,Digitalis,PLANTAGINACEAE,Digitalis parviflora
718,Digitalis,PLANTAGINACEAE,Digitalis purpurea
719,Digitaria,POACEAE,Digitaria ischaemum
720,Digitaria,POACEAE,Digitaria sanguinalis
721,Dipsacus,CAPRIFOLIACEAE,Dipsacus fullonum
722,Doronicum,ASTERACEAE,Doronicum austriacum
723,Doronicum,ASTERACEAE,Doronicum carpetanum
724,Doronicum,ASTERACEAE,Doronicum grandiflorum
725,Dorycnium,FABACEAE,Dorycnium hirsutum
726,Dorycnium,FABACEAE,Dorycnium pentaphyllum
727,Dorycnium,FABACEAE,Dorycnium rectum
728,Draba,BRASSICACEAE,Draba aizoides
729,Draba,BRASSICACEAE,Draba dedeana
730,Draba,BRASSICACEAE,Draba hispanica
731,Draba,BRASSICACEAE,Draba muralis
732,Draba,BRASSICACEAE,Draba nemorosa
733,Draba,BRASSICACEAE,Draba verna
734,Drosera,DROSERACEAE,Drosera intermedia
735,Drosera,DROSERACEAE,Drosera longifolia
736,Drosera,DROSERACEAE,Drosera rotundifolia
737,Dryopteris,DRYOPTERIDACEAE,Dryopteris affinis
738,Dryopteris,DRYOPTERIDACEAE,Dryopteris carthusiana
739,Dryopteris,DRYOPTERIDACEAE,Dryopteris dilatata
740,Dryopteris,DRYOPTERIDACEAE,Dryopteris expansa
741,Dryopteris,DRYOPTERIDACEAE,Dryopteris filix-mas
742,Dryopteris,DRYOPTERIDACEAE,Dryopteris oreades
743,Dryopteris,DRYOPTERIDACEAE,Dryopteris remota
744,Dryopteris,DRYOPTERIDACEAE,Dryopteris submontana
745,Ecballium,CUCURBITACEAE,Ecballium elaterium
746,Echinochloa,POACEAE,Echinochloa crus-galli
747,Echinochloa,POACEAE,Echinochloa muricata
748,Echinops,ASTERACEAE,Echinops ritro
749,Echium,BORAGINACEAE,Echium asperrimum
750,Echium,BORAGINACEAE,Echium italicum
751,Echium,BORAGINACEAE,Echium plantagineum
752,Echium,BORAGINACEAE,Echium vulgare
753,Eleocharis,CYPERACEAE,Eleocharis acicularis
754,Eleocharis,CYPERACEAE,Eleocharis austriaca
755,Eleocharis,CYPERACEAE,Eleocharis mamillata
756,Eleocharis,CYPERACEAE,Eleocharis multicaulis
757,Eleocharis,CYPERACEAE,Eleocharis palustris
758,Eleocharis,CYPERACEAE,Eleocharis quinqueflora
759,Eleocharis,CYPERACEAE,Eleocharis uniglumis
760,Eleusine,POACEAE,Eleusine tristachya
761,Elymus,POACEAE,Elymus caninus
762,Elymus,POACEAE,Elymus hispidus
763,Elymus,POACEAE,Elymus repens
764,Elymus,POACEAE,Elymus smithii
765,Elymus,POACEAE,Elymus trachycaulus
766,Empetrum,ERICACEAE,Empetrum nigrum
767,Ephedra,EPHEDRACEAE,Ephedra distachya
768,Ephedra,EPHEDRACEAE,Ephedra fragilis
769,Ephedra,EPHEDRACEAE,Ephedra major
770,Epilobium,ONAGRACEAE,Epilobium alpestre
771,Epilobium,ONAGRACEAE,Epilobium alsinifolium
772,Epilobium,ONAGRACEAE,Epilobium anagallidifolium
773,Epilobium,ONAGRACEAE,Epilobium angustifolium
774,Epilobium,ONAGRACEAE,Epilobium collinum
775,Epilobium,ONAGRACEAE,Epilobium duriaei
776,Epilobium,ONAGRACEAE,Epilobium hirsutum
777,Epilobium,ONAGRACEAE,Epilobium lanceolatum
778,Epilobium,ONAGRACEAE,Epilobium montanum
779,Epilobium,ONAGRACEAE,Epilobium obscurum
780,Epilobium,ONAGRACEAE,Epilobium palustre
781,Epilobium,ONAGRACEAE,Epilobium parviflorum
782,Epilobium,ONAGRACEAE,Epilobium roseum
783,Epipactis,ORCHIDACEAE,Epipactis atrorubens
784,Epipactis,ORCHIDACEAE,Epipactis cardina
785,Epipactis,ORCHIDACEAE,Epipactis helleborine
786,Epipactis,ORCHIDACEAE,Epipactis microphylla
787,Epipactis,ORCHIDACEAE,Epipactis palustris
788,Epipactis,ORCHIDACEAE,Epipactis phyllanthes
789,Epipactis,ORCHIDACEAE,Epipactis tremolsii
790,Equisetum,EQUISETACEAE,Equisetum arvense
791,Equisetum,EQUISETACEAE,Equisetum fluviatile
792,Equisetum,EQUISETACEAE,Equisetum hyemale
793,Equisetum,EQUISETACEAE,Equisetum palustre
794,Equisetum,EQUISETACEAE,Equisetum ramosissimum
795,Equisetum,EQUISETACEAE,Equisetum telmateia
796,Eragrostis,POACEAE,Eragrostis barrelieri
797,Eragrostis,POACEAE,Eragrostis cilianensis
798,Eragrostis,POACEAE,Eragrostis curvula
799,Eragrostis,POACEAE,Eragrostis mexicana
800,Eragrostis,POACEAE,Eragrostis minor
801,Eragrostis,POACEAE,Eragrostis pectinacea
802,Eragrostis,POACEAE,Eragrostis pilosa
803,Eragrostis,POACEAE,Eragrostis virescens
804,Eremopyrum,POACEAE,Eremopyrum bonaepartis
805,Erica,ERICACEAE,Erica arborea
806,Erica,ERICACEAE,Erica australis
807,Erica,ERICACEAE,Erica ciliaris
808,Erica,ERICACEAE,Erica cinerea
809,Erica,ERICACEAE,Erica lusitanica
810,Erica,ERICACEAE,Erica scoparia
811,Erica,ERICACEAE,Erica tetralix
812,Erica,ERICACEAE,Erica vagans
813,Erigeron,ASTERACEAE,Erigeron acris
814,Erigeron,ASTERACEAE,Erigeron alpinus
815,Erigeron,ASTERACEAE,Erigeron atticus
816,Erigeron,ASTERACEAE,Erigeron canadensis
817,Erigeron,ASTERACEAE,Erigeron karvinskianus
818,Erigeron,ASTERACEAE,Erigeron uniflorus
819,Erinacea,FABACEAE,Erinacea anthyllis
820,Erodium,GERANIACEAE,Erodium aethiopicum
821,Erodium,GERANIACEAE,Erodium botrys
822,Erodium,GERANIACEAE,Erodium ciconium
823,Erodium,GERANIACEAE,Erodium cicutarium
824,Erodium,GERANIACEAE,Erodium daucoides
825,Erodium,GERANIACEAE,Erodium glandulosum
826,Erodium,GERANIACEAE,Erodium malacoides
827,Erodium,GERANIACEAE,Erodium moschatum
828,Erodium,GERANIACEAE,Erodium paularense
829,Erophila,BRASSICACEAE,Erophila verna
830,Eryngium,APIACEAE,Eryngium bourgatii
831,Eryngium,APIACEAE,Eryngium campestre
832,Eryngium,APIACEAE,Eryngium viviparum
833,Erysimum,BRASSICACEAE,Erysimum cheiri
834,Erysimum,BRASSICACEAE,Erysimum cheiranthoides
835,Erysimum,BRASSICACEAE,Erysimum duriaei
836,Erysimum,BRASSICACEAE,Erysimum incanum
837,Erysimum,BRASSICACEAE,Erysimum linifolium
838,Erysimum,BRASSICACEAE,Erysimum mediohispanicum
839,Erysimum,BRASSICACEAE,Erysimum nevadense
840,Erysimum,BRASSICACEAE,Erysimum repandum
841,Erysimum,BRASSICACEAE,Erysimum rondae
842,Eupatorium,ASTERACEAE,Eupatorium cannabinum
843,Euphorbia,EUPHORBIACEAE,Euphorbia amygdaloides
844,Euphorbia,EUPHORBIACEAE,Euphorbia chamaesyce
845,Euphorbia,EUPHORBIACEAE,Euphorbia characias
846,Euphorbia,EUPHORBIACEAE,Euphorbia dulcis
847,Euphorbia,EUPHORBIACEAE,Euphorbia esula
848,Euphorbia,EUPHORBIACEAE,Euphorbia exigua
849,Euphorbia,EUPHORBIACEAE,Euphorbia falcata
850,Euphorbia,EUPHORBIACEAE,Euphorbia flavicoma
851,Euphorbia,EUPHORBIACEAE,Euphorbia helioscopia
852,Euphorbia,EUPHORBIACEAE,Euphorbia hirsuta
853,Euphorbia,EUPHORBIACEAE,Euphorbia hyberna
854,Euphorbia,EUPHORBIACEAE,Euphorbia lathyris
855,Euphorbia,EUPHORBIACEAE,Euphorbia maculata
856,Euphorbia,EUPHORBIACEAE,Euphorbia nicaeensis
857,Euphorbia,EUPHORBIACEAE,Euphorbia nutans
858,Euphorbia,EUPHORBIACEAE,Euphorbia paralias
859,Euphorbia,EUPHORBIACEAE,Euphorbia peplis
860,Euphorbia,EUPHORBIACEAE,Euphorbia peplus
861,Euphorbia,EUPHORBIACEAE,Euphorbia platyphyllos
862,Euphorbia,EUPHORBIACEAE,Euphorbia prostrata
863,Euphorbia,EUPHORBIACEAE,Euphorbia segetalis
864,Euphorbia,EUPHORBIACEAE,Euphorbia serrata
865,Euphorbia,EUPHORBIACEAE,Euphorbia sulcata
866,Euphrasia,OROBANCHACEAE,Euphrasia alpina
867,Euphrasia,OROBANCHACEAE,Euphrasia hirtella
868,Euphrasia,OROBANCHACEAE,Euphrasia minima
869,Euphrasia,OROBANCHACEAE,Euphrasia nemorosa
870,Euphrasia,OROBANCHACEAE,Euphrasia salisburgensis
871,Evax,ASTERACEAE,Evax pygmaea
872,Fagus,FAGACEAE,Fagus sylvatica
873,Ferula,APIACEAE,Ferula communis
874,Ferula,APIACEAE,Ferula loscosii
875,Ferula,APIACEAE,Ferula tingitana
876,Festuca,POACEAE,Festuca airoides
877,Festuca,POACEAE,Festuca altissima
878,Festuca,POACEAE,Festuca ampla
879,Festuca,POACEAE,Festuca arundinacea
880,Festuca,POACEAE,Festuca burnatii
881,Festuca,POACEAE,Festuca capillifolia
882,Festuca,POACEAE,Festuca elegans
883,Festuca,POACEAE,Festuca eskia
884,Festuca,POACEAE,Festuca gautieri
885,Festuca,POACEAE,Festuca gigantea
886,Festuca,POACEAE,Festuca glauca
887,Festuca,POACEAE,Festuca gr. rubra
888,Festuca,POACEAE,Festuca heterophylla
889,Festuca,POACEAE,Festuca indigesta
890,Festuca,POACEAE,Festuca lemanii
891,Festuca,POACEAE,Festuca longifolia
892,Festuca,POACEAE,Festuca ovina
893,Festuca,POACEAE,Festuca paniculata
894,Festuca,POACEAE,Festuca pratensis
895,Festuca,POACEAE,Festuca pyrenaica
896,Festuca,POACEAE,Festuca rubra
897,Festuca,POACEAE,Festuca scariosa
898,Festuca,POACEAE,Festuca trichophylla
899,Festuca,POACEAE,Festuca yvesii
900,Filago,ASTERACEAE,Filago arvensis
901,Filago,ASTERACEAE,Filago gallica
902,Filago,ASTERACEAE,Filago germanica
903,Filago,ASTERACEAE,Filago lutescens
904,Filago,ASTERACEAE,Filago minima
905,Filago,ASTERACEAE,Filago pyramidata
906,Filago,ASTERACEAE,Filago vulgaris
907,Filipendula,ROSACEAE,Filipendula ulmaria
908,Filipendula,ROSACEAE,Filipendula vulgaris
909,Foeniculum,APIACEAE,Foeniculum vulgare
910,Fragaria,ROSACEAE,Fragaria vesca
911,Frangula,RHAMNACEAE,Frangula alnus
912,Fraxinus,OLEACEAE,Fraxinus angustifolia
913,Fraxinus,OLEACEAE,Fraxinus excelsior
914,Fritillaria,LILIACEAE,Fritillaria lusitanica
915,Fritillaria,LILIACEAE,Fritillaria meleagris
916,Fumana,CISTACEAE,Fumana ericifolia
917,Fumana,CISTACEAE,Fumana laevipes
918,Fumana,CISTACEAE,Fumana procumbens
919,Fumana,CISTACEAE,Fumana thymifolia
920,Gagea,LILIACEAE,Gagea bohemica
921,Gagea,LILIACEAE,Gagea foliosa
922,Gagea,LILIACEAE,Gagea lutea
923,Gagea,LILIACEAE,Gagea pratensis
924,Gagea,LILIACEAE,Gagea reverchonii
925,Gagea,LILIACEAE,Gagea soleirolii
926,Gagea,LILIACEAE,Gagea villosa
927,Galanthus,AMARYLLIDACEAE,Galanthus nivalis
928,Galega,FABACEAE,Galega officinalis
929,Galeopsis,LAMIACEAE,Galeopsis angustifolia
930,Galeopsis,LAMIACEAE,Galeopsis ladanum
931,Galeopsis,LAMIACEAE,Galeopsis tetrahit
932,Galium,RUBIACEAE,Galium aparine
933,Galium,RUBIACEAE,Galium arenarium
934,Galium,RUBIACEAE,Galium boreale
935,Galium,RUBIACEAE,Galium brockmannii
936,Galium,RUBIACEAE,Galium divaricatum
937,Galium,RUBIACEAE,Galium fruticescens
938,Galium,RUBIACEAE,Galium glaucum
939,Galium,RUBIACEAE,Galium lucidum
940,Galium,RUBIACEAE,Galium marchandii
941,Galium,RUBIACEAE,Galium maritimum
942,Galium,RUBIACEAE,Galium mollugo
943,Galium,RUBIACEAE,Galium odoratum
944,Galium,RUBIACEAE,Galium parisiense
945,Galium,RUBIACEAE,Galium pumilum
946,Galium,RUBIACEAE,Galium rotundifolium
947,Galium,RUBIACEAE,Galium saxatile
948,Galium,RUBIACEAE,Galium spurium
949,Galium,RUBIACEAE,Galium tricornutum
950,Galium,RUBIACEAE,Galium uliginosum
951,Galium,RUBIACEAE,Galium verum
952,Genista,FABACEAE,Genista anglica
953,Genista,FABACEAE,Genista cinerea
954,Genista,FABACEAE,Genista florida
955,Genista,FABACEAE,Genista hispanica
956,Genista,FABACEAE,Genista legionensis
957,Genista,FABACEAE,Genista micrantha
958,Genista,FABACEAE,Genista occidentalis
959,Genista,FABACEAE,Genista pilosa
960,Genista,FABACEAE,Genista scorpius
961,Genista,FABACEAE,Genista tinctorea
962,Gentiana,GENTIANACEAE,Gentiana alpina
963,Gentiana,GENTIANACEAE,Gentiana brachyphylla
964,Gentiana,GENTIANACEAE,Gentiana burseri
965,Gentiana,GENTIANACEAE,Gentiana cruciata
966,Gentiana,GENTIANACEAE,Gentiana lutea
967,Gentiana,GENTIANACEAE,Gentiana nivalis
968,Gentiana,GENTIANACEAE,Gentiana pneumonanthe
969,Gentiana,GENTIANACEAE,Gentiana pyrenaica
970,Gentiana,GENTIANACEAE,Gentiana verna
971,Gentianella,GENTIANACEAE,Gentianella campestris
972,Gentianella,GENTIANACEAE,Gentianella ciliata
973,Geranium,GERANIACEAE,Geranium columbinum
974,Geranium,GERANIACEAE,Geranium dissectum
975,Geranium,GERANIACEAE,Geranium lucidum
976,Geranium,GERANIACEAE,Geranium molle
977,Geranium,GERANIACEAE,Geranium nodosum
978,Geranium,GERANIACEAE,Geranium phaeum
979,Geranium,GERANIACEAE,Geranium pratense
980,Geranium,GERANIACEAE,Geranium purpureum
981,Geranium,GERANIACEAE,Geranium pusillum
982,Geranium,GERANIACEAE,Geranium pyrenaicum
983,Geranium,GERANIACEAE,Geranium robertianum
984,Geranium,GERANIACEAE,Geranium rotundifolium
985,Geranium,GERANIACEAE,Geranium sanguineum
986,Geranium,GERANIACEAE,Geranium sylvaticum
987,Geum,ROSACEAE,Geum montanum
988,Geum,ROSACEAE,Geum pyrenaicum
989,Geum,ROSACEAE,Geum rivale
990,Geum,ROSACEAE,Geum urbanum
991,Gladiolus,IRIDACEAE,Gladiolus communis
992,Gladiolus,IRIDACEAE,Gladiolus illyricus
993,Gladiolus,IRIDACEAE,Gladiolus italicus
994,Glaucium,PAPAVERACEAE,Glaucium corniculatum
995,Glaucium,PAPAVERACEAE,Glaucium flavum
996,Glebionis,ASTERACEAE,Glebionis coronaria
997,Glebionis,ASTERACEAE,Glebionis segetum
998,Glechoma,LAMIACEAE,Glechoma hederacea
999,Glyceria,POACEAE,Glyceria declinata
1000,Glyceria,POACEAE,Glyceria fluitans
1001,Glyceria,POACEAE,Glyceria maxima
1002,Glyceria,POACEAE,Glyceria notata
1003,Gnaphalium,ASTERACEAE,Gnaphalium luteo-album
1004,Gnaphalium,ASTERACEAE,Gnaphalium norvegicum
1005,Gnaphalium,ASTERACEAE,Gnaphalium supinum
1006,Gnaphalium,ASTERACEAE,Gnaphalium sylvaticum
1007,Gnaphalium,ASTERACEAE,Gnaphalium uliginosum
1008,Gratiola,PLANTAGINACEAE,Gratiola officinalis
1009,Gymnadenia,ORCHIDACEAE,Gymnadenia conopsea
1010,Gypsophila,CARYOPHYLLACEAE,Gypsophila elegans
1011,Gypsophila,CARYOPHYLLACEAE,Gypsophila fastigiata
1012,Gypsophila,CARYOPHYLLACEAE,Gypsophila hispanica
1013,Gypsophila,CARYOPHYLLACEAE,Gypsophila muralis
1014,Hedera,ARALIACEAE,Hedera helix
1015,Hedysarum,FABACEAE,Hedysarum boveanum
1016,Hedysarum,FABACEAE,Hedysarum coronarium
1017,Hedysarum,FABACEAE,Hedysarum humile
1018,Hedysarum,FABACEAE,Hedysarum spinosissimum
1019,Helianthemum,CISTACEAE,Helianthemum aegyptiacum
1020,Helianthemum,CISTACEAE,Helianthemum almeriense
1021,Helianthemum,CISTACEAE,Helianthemum apenninum
1022,Helianthemum,CISTACEAE,Helianthemum canum
1023,Helianthemum,CISTACEAE,Helianthemum cinereum
1024,Helianthemum,CISTACEAE,Helianthemum croceum
1025,Helianthemum,CISTACEAE,Helianthemum hirtum
1026,Helianthemum,CISTACEAE,Helianthemum ledifolium
1027,Helianthemum,CISTACEAE,Helianthemum marifolium
1028,Helianthemum,CISTACEAE,Helianthemum nummularium
1029,Helianthemum,CISTACEAE,Helianthemum oelandicum
1030,Helianthemum,CISTACEAE,Helianthemum origanifolium
1031,Helianthemum,CISTACEAE,Helianthemum pilosum
1032,Helianthemum,CISTACEAE,Helianthemum salicifolium
1033,Helianthemum,CISTACEAE,Helianthemum squamatum
1034,Helianthemum,CISTACEAE,Helianthemum syriacum
1035,Helianthemum,CISTACEAE,Helianthemum violaceum
1036,Helianthus,ASTERACEAE,Helianthus annuus
1037,Helichrysum,ASTERACEAE,Helichrysum italicum
1038,Helichrysum,ASTERACEAE,Helichrysum stoechas
1039,Helleborus,RANUNCULACEAE,Helleborus foetidus
1040,Helleborus,RANUNCULACEAE,Helleborus viridis
1041,Hemerocallis,ASPHODELACEAE,Hemerocallis fulva
1042,Heracleum,APIACEAE,Heracleum sphondylium
1043,Herniaria,CARYOPHYLLACEAE,Herniaria cinerea
1044,Herniaria,CARYOPHYLLACEAE,Herniaria glabra
1045,Herniaria,CARYOPHYLLACEAE,Herniaria hirsuta
1046,Herniaria,CARYOPHYLLACEAE,Herniaria latifolia
1047,Herniaria,CARYOPHYLLACEAE,Herniaria scabrida
1048,Herniaria,CARYOPHYLLACEAE,Herniaria suffruticosa
1049,Hesperis,BRASSICACEAE,Hesperis laciniata
1050,Hesperis,BRASSICACEAE,Hesperis matronalis
1051,Hieracium,ASTERACEAE,Hieracium amplexicaule
1052,Hieracium,ASTERACEAE,Hieracium argyreum
1053,Hieracium,ASTERACEAE,Hieracium aurantiacum
1054,Hieracium,ASTERACEAE,Hieracium bifidum
1055,Hieracium,ASTERACEAE,Hieracium bombycinum
1056,Hieracium,ASTERACEAE,Hieracium castellanum
1057,Hieracium,ASTERACEAE,Hieracium cerinthoides
1058,Hieracium,ASTERACEAE,Hieracium compositum
1059,Hieracium,ASTERACEAE,Hieracium cymosum
1060,Hieracium,ASTERACEAE,Hieracium eriopogon
1061,Hieracium,ASTERACEAE,Hieracium glaucinum
1062,Hieracium,ASTERACEAE,Hieracium gouanii
1063,Hieracium,ASTERACEAE,Hieracium gymnocerinthe
1064,Hieracium,ASTERACEAE,Hieracium humile
1065,Hieracium,ASTERACEAE,Hieracium lachenalii
1066,Hieracium,ASTERACEAE,Hieracium lactucella
1067,Hieracium,ASTERACEAE,Hieracium laevigatum
1068,Hieracium,ASTERACEAE,Hieracium laniferum
1069,Hieracium,ASTERACEAE,Hieracium lawsonii
1070,Hieracium,ASTERACEAE,Hieracium maculatum
1071,Hieracium,ASTERACEAE,Hieracium mixtum
1072,Hieracium,ASTERACEAE,Hieracium murorum
1073,Hieracium,ASTERACEAE,Hieracium nobile
1074,Hieracium,ASTERACEAE,Hieracium peleterianum
1075,Hieracium,ASTERACEAE,Hieracium pilosella
1076,Hieracium,ASTERACEAE,Hieracium prenanthoides
1077,Hieracium,ASTERACEAE,Hieracium sabaudum
1078,Hieracium,ASTERACEAE,Hieracium schmidtii
1079,Hieracium,ASTERACEAE,Hieracium staticifolium
1080,Hieracium,ASTERACEAE,Hieracium umbellatum
1081,Hieracium,ASTERACEAE,Hieracium vogesiacum
1082,Himantoglossum,ORCHIDACEAE,Himantoglossum hircinum
1083,Himantoglossum,ORCHIDACEAE,Himantoglossum robertianum
1084,Hippocrepis,FABACEAE,Hippocrepis ciliata
1085,Hippocrepis,FABACEAE,Hippocrepis comosa
1086,Hippocrepis,FABACEAE,Hippocrepis multisiliquosa
1087,Hippocrepis,FABACEAE,Hippocrepis scabra
1088,Hippocrepis,FABACEAE,Hippocrepis unisiliquosa
1089,Hippophae,ELAEAGNACEAE,Hippophae rhamnoides
1090,Holcus,POACEAE,Holcus gayanus
1091,Holcus,POACEAE,Holcus lanatus
1092,Holcus,POACEAE,Holcus mollis
1093,Hordeum,POACEAE,Hordeum geniculatum
1094,Hordeum,POACEAE,Hordeum marinum
1095,Hordeum,POACEAE,Hordeum murinum
1096,Hordeum,POACEAE,Hordeum secalinum
1097,Hornungia,BRASSICACEAE,Hornungia petraea
1098,Hottonia,PRIMULACEAE,Hottonia palustris
1099,Humulus,CANNABACEAE,Humulus lupulus
1100,Hyacinthoides,ASPARAGACEAE,Hyacinthoides hispanica
1101,Hyacinthoides,ASPARAGACEAE,Hyacinthoides non-scripta
1102,Hydrocotyle,ARALIACEAE,Hydrocotyle vulgaris
1103,Hyoscyamus,SOLANACEAE,Hyoscyamus albus
1104,Hyoscyamus,SOLANACEAE,Hyoscyamus niger
1105,Hypericum,HYPERICACEAE,Hypericum androsaemum
1106,Hypericum,HYPERICACEAE,Hypericum caprifolium
1107,Hypericum,HYPERICACEAE,Hypericum elodes
1108,Hypericum,HYPERICACEAE,Hypericum hirsutum
1109,Hypericum,HYPERICACEAE,Hypericum humifusum
1110,Hypericum,HYPERICACEAE,Hypericum linarifolium
1111,Hypericum,HYPERICACEAE,Hypericum montanum
1112,Hypericum,HYPERICACEAE,Hypericum perforatum
1113,Hypericum,HYPERICACEAE,Hypericum pulchrum
1114,Hypericum,HYPERICACEAE,Hypericum quadrangulum
1115,Hypericum,HYPERICACEAE,Hypericum richeri
1116,Hypericum,HYPERICACEAE,Hypericum tetrapterum
1117,Hypochaeris,ASTERACEAE,Hypochaeris achyrophorus
1118,Hypochaeris,ASTERACEAE,Hypochaeris glabra
1119,Hypochaeris,ASTERACEAE,Hypochaeris maculata
1120,Hypochaeris,ASTERACEAE,Hypochaeris radicata
1121,Iberis,BRASSICACEAE,Iberis amara
1122,Iberis,BRASSICACEAE,Iberis ciliata
1123,Iberis,BRASSICACEAE,Iberis linifolia
1124,Iberis,BRASSICACEAE,Iberis saxatilis
1125,Ilex,AQUIFOLIACEAE,Ilex aquifolium
1126,Illecebrum,CARYOPHYLLACEAE,Illecebrum verticillatum
1127,Inula,ASTERACEAE,Inula conyza
1128,Inula,ASTERACEAE,Inula helenium
1129,Inula,ASTERACEAE,Inula hirta
1130,Inula,ASTERACEAE,Inula montana
1131,Inula,ASTERACEAE,Inula salicina
1132,Iris,IRIDACEAE,Iris foetidissima
1133,Iris,IRIDACEAE,Iris germanica
1134,Iris,IRIDACEAE,Iris graminea
1135,Iris,IRIDACEAE,Iris latifolia
1136,Iris,IRIDACEAE,Iris lutescens
1137,Iris,IRIDACEAE,Iris pseudacorus
1138,Isatis,BRASSICACEAE,Isatis tinctoria
1139,Isolepis,CYPERACEAE,Isolepis cernua
1140,Isolepis,CYPERACEAE,Isolepis setacea
1141,Jasione,CAMPANULACEAE,Jasione crispa
1142,Jasione,CAMPANULACEAE,Jasione laevis
1143,Jasione,CAMPANULACEAE,Jasione montana
1144,Juncus,JUNCACEAE,Juncus acutiflorus
1145,Juncus,JUNCACEAE,Juncus alpinoarticulatus
1146,Juncus,JUNCACEAE,Juncus articulatus
1147,Juncus,JUNCACEAE,Juncus bufonius
1148,Juncus,JUNCACEAE,Juncus bulbosus
1149,Juncus,JUNCACEAE,Juncus capitatus
1150,Juncus,JUNCACEAE,Juncus compressus
1151,Juncus,JUNCACEAE,Juncus conglomeratus
1152,Juncus,JUNCACEAE,Juncus effusus
1153,Juncus,JUNCACEAE,Juncus filiformis
1154,Juncus,JUNCACEAE,Juncus gerardi
1155,Juncus,JUNCACEAE,Juncus inflexus
1156,Juncus,JUNCACEAE,Juncus maritimus
1157,Juncus,JUNCACEAE,Juncus pygmaeus
1158,Juncus,JUNCACEAE,Juncus squarrosus
1159,Juncus,JUNCACEAE,Juncus striatus
1160,Juncus,JUNCACEAE,Juncus subnodulosus
1161,Juncus,JUNCACEAE,Juncus tenageia
1162,Juncus,JUNCACEAE,Juncus trifidus
1163,Juncus,JUNCACEAE,Juncus triglumis
1164,Juncus,JUNCACEAE,Juncus valvatus
1165,Juniperus,CUPRESSACEAE,Juniperus communis
1166,Juniperus,CUPRESSACEAE,Juniperus communis subsp. alpina
1167,Juniperus,CUPRESSACEAE,Juniperus communis subsp. hemisphaerica
1168,Juniperus,CUPRESSACEAE,Juniperus oxycedrus
1169,Juniperus,CUPRESSACEAE,Juniperus phoenicea
1170,Juniperus,CUPRESSACEAE,Juniperus sabina
1171,Juniperus,CUPRESSACEAE,Juniperus thurifera
1172,Kickxia,PLANTAGINACEAE,Kickxia cirrhosa
1173,Kickxia,PLANTAGINACEAE,Kickxia elatine
1174,Kickxia,PLANTAGINACEAE,Kickxia lanigera
1175,Kickxia,PLANTAGINACEAE,Kickxia spuria
1176,Klasea,ASTERACEAE,Klasea nudicaulis
1177,Klasea,ASTERACEAE,Klasea pinnatifida
1178,Klasea,ASTERACEAE,Klasea pumila
1179,Knautia,CAPRIFOLIACEAE,Knautia arvensis
1180,Knautia,CAPRIFOLIACEAE,Knautia dipsacifolia
1181,Knautia,CAPRIFOLIACEAE,Knautia integrifolia
1182,Knautia,CAPRIFOLIACEAE,Knautia nevadensis
1183,Knautia,CAPRIFOLIACEAE,Knautia subscaposa
1184,Kochia,AMARANTHACEAE,Kochia prostrata
1185,Koeleria,POACEAE,Koeleria crassipes
1186,Koeleria,POACEAE,Koeleria glauca
1187,Koeleria,POACEAE,Koeleria macrantha
1188,Koeleria,POACEAE,Koeleria pyramidata
1189,Koeleria,POACEAE,Koeleria vallesiana
1190,Lactuca,ASTERACEAE,Lactuca perennis
1191,Lactuca,ASTERACEAE,Lactuca saligna
1192,Lactuca,ASTERACEAE,Lactuca serriola
1193,Lactuca,ASTERACEAE,Lactuca virosa
1194,Lamium,LAMIACEAE,Lamium album
1195,Lamium,LAMIACEAE,Lamium amplexicaule
1196,Lamium,LAMIACEAE,Lamium galeobdolon
1197,Lamium,LAMIACEAE,Lamium hybridum
1198,Lamium,LAMIACEAE,Lamium maculatum
1199,Lamium,LAMIACEAE,Lamium purpureum
1200,Lapsana,ASTERACEAE,Lapsana communis
1201,Laserpitium,APIACEAE,Laserpitium gallicum
1202,Laserpitium,APIACEAE,Laserpitium latifolium
1203,Laserpitium,APIACEAE,Laserpitium nestleri
1204,Laserpitium,APIACEAE,Laserpitium siler
1205,Lathraea,OROBANCHACEAE,Lathraea clandestina
1206,Lathraea,OROBANCHACEAE,Lathraea squamaria
1207,Lathyrus,FABACEAE,Lathyrus angulatus
1208,Lathyrus,FABACEAE,Lathyrus aphaca
1209,Lathyrus,FABACEAE,Lathyrus cicera
1210,Lathyrus,FABACEAE,Lathyrus filiformis
1211,Lathyrus,FABACEAE,Lathyrus hirsutus
1212,Lathyrus,FABACEAE,Lathyrus latifolius
1213,Lathyrus,FABACEAE,Lathyrus linifolius
1214,Lathyrus,FABACEAE,Lathyrus niger
1215,Lathyrus,FABACEAE,Lathyrus nissolia
1216,Lathyrus,FABACEAE,Lathyrus ochrus
1217,Lathyrus,FABACEAE,Lathyrus palustris
1218,Lathyrus,FABACEAE,Lathyrus pannonicus
1219,Lathyrus,FABACEAE,Lathyrus pratensis
1220,Lathyrus,FABACEAE,Lathyrus sativus
1221,Lathyrus,FABACEAE,Lathyrus setifolius
1222,Lathyrus,FABACEAE,Lathyrus sphaericus
1223,Lathyrus,FABACEAE,Lathyrus sylvestris
1224,Lathyrus,FABACEAE,Lathyrus tuberosus
1225,Laurus,LAURACEAE,Laurus nobilis
1226,Lavandula,LAMIACEAE,Lavandula angustifolia
1227,Lavandula,LAMIACEAE,Lavandula latifolia
1228,Lavandula,LAMIACEAE,Lavandula pedunculata
1229,Lavandula,LAMIACEAE,Lavandula stoechas
1230,Lavatera,MALVACEAE,Lavatera arborea
1231,Lavatera,MALVACEAE,Lavatera cretica
1232,Lavatera,MALVACEAE,Lavatera maritima
1233,Lavatera,MALVACEAE,Lavatera olbia
1234,Lavatera,MALVACEAE,Lavatera triloba
1235,Lemna,ARACEAE,Lemna gibba
1236,Lemna,ARACEAE,Lemna minor
1237,Lemna,ARACEAE,Lemna minuta
1238,Lemna,ARACEAE,Lemna trisulca
1239,Leontodon,ASTERACEAE,Leontodon crispus
1240,Leontodon,ASTERACEAE,Leontodon hispidus
1241,Leontodon,ASTERACEAE,Leontodon saxatilis
1242,Leontopodium,ASTERACEAE,Leontopodium alpinum
1243,Lepidium,BRASSICACEAE,Lepidium campestre
1244,Lepidium,BRASSICACEAE,Lepidium draba
1245,Lepidium,BRASSICACEAE,Lepidium graminifolium
1246,Lepidium,BRASSICACEAE,Lepidium heterophyllum
1247,Lepidium,BRASSICACEAE,Lepidium latifolium
1248,Lepidium,BRASSICACEAE,Lepidium perfoliatum
1249,Lepidium,BRASSICACEAE,Lepidium ruderale
1250,Lepidium,BRASSICACEAE,Lepidium sativum
1251,Lepidium,BRASSICACEAE,Lepidium virginicum
1252,Leucanthemum,ASTERACEAE,Leucanthemum adustum
1253,Leucanthemum,ASTERACEAE,Leucanthemum coronopifolium
1254,Leucanthemum,ASTERACEAE,Leucanthemum ircutianum
1255,Leucanthemum,ASTERACEAE,Leucanthemum maximum
1256,Leucanthemum,ASTERACEAE,Leucanthemum pallens
1257,Leucanthemum,ASTERACEAE,Leucanthemum vulgare
1258,Leucojum,AMARYLLIDACEAE,Leucojum aestivum
1259,Leucojum,AMARYLLIDACEAE,Leucojum vernum
1260,Ligustrum,OLEACEAE,Ligustrum vulgare
1261,Lilium,LILIACEAE,Lilium martagon
1262,Limodorum,ORCHIDACEAE,Limodorum abortivum
1263,Limonium,PLUMBAGINACEAE,Limonium auriculae-ursifolium
1264,Limonium,PLUMBAGINACEAE,Limonium binervosum
1265,Limonium,PLUMBAGINACEAE,Limonium catalaunicum
1266,Limonium,PLUMBAGINACEAE,Limonium dichotomum
1267,Limonium,PLUMBAGINACEAE,Limonium echioides
1268,Limonium,PLUMBAGINACEAE,Limonium geronense
1269,Limonium,PLUMBAGINACEAE,Limonium girardianum
1270,Limonium,PLUMBAGINACEAE,Limonium ovalifolium
1271,Limonium,PLUMBAGINACEAE,Limonium sinuatum
1272,Limonium,PLUMBAGINACEAE,Limonium vulgare
1273,Linaria,PLANTAGINACEAE,Linaria alpina
1274,Linaria,PLANTAGINACEAE,Linaria arvensis
1275,Linaria,PLANTAGINACEAE,Linaria badalii
1276,Linaria,PLANTAGINACEAE,Linaria caesia
1277,Linaria,PLANTAGINACEAE,Linaria hirta
1278,Linaria,PLANTAGINACEAE,Linaria micrantha
1279,Linaria,PLANTAGINACEAE,Linaria nivea
1280,Linaria,PLANTAGINACEAE,Linaria oblongifolia
1281,Linaria,PLANTAGINACEAE,Linaria repens
1282,Linaria,PLANTAGINACEAE,Linaria simplex
1283,Linaria,PLANTAGINACEAE,Linaria spartea
1284,Linaria,PLANTAGINACEAE,Linaria supina
1285,Linaria,PLANTAGINACEAE,Linaria triornithophora
1286,Linaria,PLANTAGINACEAE,Linaria vulgaris
1287,Linum,LINACEAE,Linum alpinum
1288,Linum,LINACEAE,Linum angustifolium
1289,Linum,LINACEAE,Linum austriacum
1290,Linum,LINACEAE,Linum bienne
1291,Linum,LINACEAE,Linum catharticum
1292,Linum,LINACEAE,Linum maritimum
1293,Linum,LINACEAE,Linum narbonense
1294,Linum,LINACEAE,Linum perenne
1295,Linum,LINACEAE,Linum strictum
1296,Linum,LINACEAE,Linum suffruticosum
1297,Linum,LINACEAE,Linum tenuifolium
1298,Linum,LINACEAE,Linum viscosum
1299,Listera,ORCHIDACEAE,Listera cordata
1300,Listera,ORCHIDACEAE,Listera ovata
1301,Lithospermum,BORAGINACEAE,Lithospermum arvense
1302,Lithospermum,BORAGINACEAE,Lithospermum officinale
1303,Lithospermum,BORAGINACEAE,Lithospermum purpurocaeruleum
1304,Lolium,POACEAE,Lolium multiflorum
1305,Lolium,POACEAE,Lolium perenne
1306,Lolium,POACEAE,Lolium rigidum
1307,Lolium,POACEAE,Lolium temulentum
1308,Lonicera,CAPRIFOLIACEAE,Lonicera etrusca
1309,Lonicera,CAPRIFOLIACEAE,Lonicera implexa
1310,Lonicera,CAPRIFOLIACEAE,Lonicera nigra
1311,Lonicera,CAPRIFOLIACEAE,Lonicera periclymenum
1312,Lonicera,CAPRIFOLIACEAE,Lonicera pyrenaica
1313,Lonicera,CAPRIFOLIACEAE,Lonicera xylosteum
1314,Lotus,FABACEAE,Lotus angustissimus
1315,Lotus,FABACEAE,Lotus corniculatus
1316,Lotus,FABACEAE,Lotus corniculatus subsp. delortii
1317,Lotus,FABACEAE,Lotus corniculatus subsp. tenuis
1318,Lotus,FABACEAE,Lotus edulis
1319,Lotus,FABACEAE,Lotus glaber
1320,Lotus,FABACEAE,Lotus hispidus
1321,Lotus,FABACEAE,Lotus maritimus
1322,Lotus,FABACEAE,Lotus ornithopodioides
1323,Lotus,FABACEAE,Lotus parviflorus
1324,Lotus,FABACEAE,Lotus pedunculatus
1325,Lunaria,BRASSICACEAE,Lunaria annua
1326,Lunaria,BRASSICACEAE,Lunaria rediviva
1327,Lupinus,FABACEAE,Lupinus angustifolius
1328,Lupinus,FABACEAE,Lupinus luteus
1329,Lupinus,FABACEAE,Lupinus micranthus
1330,Luzula,JUNCACEAE,Luzula alpinopilosa
1331,Luzula,JUNCACEAE,Luzula campestris
1332,Luzula,JUNCACEAE,Luzula congesta
1333,Luzula,JUNCACEAE,Luzula forsteri
1334,Luzula,JUNCACEAE,Luzula lactea
1335,Luzula,JUNCACEAE,Luzula multiflora
1336,Luzula,JUNCACEAE,Luzula nivea
1337,Luzula,JUNCACEAE,Luzula pilosa
1338,Luzula,JUNCACEAE,Luzula spicata
1339,Luzula,JUNCACEAE,Luzula sylvatica
1340,Lychnis,CARYOPHYLLACEAE,Lychnis alpina
1341,Lychnis,CARYOPHYLLACEAE,Lychnis coronaria
1342,Lychnis,CARYOPHYLLACEAE,Lychnis flos-cuculi
1343,Lychnis,CARYOPHYLLACEAE,Lychnis viscaria
1344,Lycopus,LAMIACEAE,Lycopus europaeus
1345,Lysimachia,PRIMULACEAE,Lysimachia nemorum
1346,Lysimachia,PRIMULACEAE,Lysimachia nummularia
1347,Lysimachia,PRIMULACEAE,Lysimachia vulgaris
1348,Lythrum,LYTHRACEAE,Lythrum hyssopifolia
1349,Lythrum,LYTHRACEAE,Lythrum portula
1350,Lythrum,LYTHRACEAE,Lythrum salicaria
1351,Lythrum,LYTHRACEAE,Lythrum tribracteatum
1352,Malva,MALVACEAE,Malva alcea
1353,Malva,MALVACEAE,Malva hispanica
1354,Malva,MALVACEAE,Malva moschata
1355,Malva,MALVACEAE,Malva neglecta
1356,Malva,MALVACEAE,Malva nicaeensis
1357,Malva,MALVACEAE,Malva parviflora
1358,Malva,MALVACEAE,Malva sylvestris
1359,Matricaria,ASTERACEAE,Matricaria chamomilla
1360,Matricaria,ASTERACEAE,Matricaria discoidea
1361,Medicago,FABACEAE,Medicago arabica
1362,Medicago,FABACEAE,Medicago falcata
1363,Medicago,FABACEAE,Medicago lupulina
1364,Medicago,FABACEAE,Medicago minima
1365,Medicago,FABACEAE,Medicago orbicularis
1366,Medicago,FABACEAE,Medicago polymorpha
1367,Medicago,FABACEAE,Medicago rigidula
1368,Medicago,FABACEAE,Medicago sativa
1369,Medicago,FABACEAE,Medicago suffruticosa
1370,Medicago,FABACEAE,Medicago truncatula
1371,Melampyrum,OROBANCHACEAE,Melampyrum cristatum
1372,Melampyrum,OROBANCHACEAE,Melampyrum pratense
1373,Melica,POACEAE,Melica ciliata
1374,Melica,POACEAE,Melica minuta
1375,Melica,POACEAE,Melica nutans
1376,Melica,POACEAE,Melica uniflora
1377,Melilotus,FABACEAE,Melilotus albus
1378,Melilotus,FABACEAE,Melilotus indicus
1379,Melilotus,FABACEAE,Melilotus neapolitanus
1380,Melilotus,FABACEAE,Melilotus officinalis
1381,Melilotus,FABACEAE,Melilotus sulcatus
1382,Melissa,LAMIACEAE,Melissa officinalis
1383,Mentha,LAMIACEAE,Mentha aquatica
1384,Mentha,LAMIACEAE,Mentha arvensis
1385,Mentha,LAMIACEAE,Mentha longifolia
1386,Mentha,LAMIACEAE,Mentha pulegium
1387,Mentha,LAMIACEAE,Mentha spicata
1388,Mentha,LAMIACEAE,Mentha suaveolens
1389,Mercurialis,EUPHORBIACEAE,Mercurialis annua
1390,Mercurialis,EUPHORBIACEAE,Mercurialis perennis
1391,Mibora,POACEAE,Mibora minima
1392,Minuartia,CARYOPHYLLACEAE,Minuartia capillacea
1393,Minuartia,CARYOPHYLLACEAE,Minuartia hamata
1394,Minuartia,CARYOPHYLLACEAE,Minuartia hybrida
1395,Minuartia,CARYOPHYLLACEAE,Minuartia laricifolia
1396,Minuartia,CARYOPHYLLACEAE,Minuartia mediterranea
1397,Minuartia,CARYOPHYLLACEAE,Minuartia recurva
1398,Minuartia,CARYOPHYLLACEAE,Minuartia rostrata
1399,Moehringia,CARYOPHYLLACEAE,Moehringia ciliata
1400,Moehringia,CARYOPHYLLACEAE,Moehringia muscosa
1401,Moehringia,CARYOPHYLLACEAE,Moehringia pentandra
1402,Moehringia,CARYOPHYLLACEAE,Moehringia trinervia
1403,Moenchia,CARYOPHYLLACEAE,Moenchia erecta
1404,Monotropa,ERICACEAE,Monotropa hypopitys
1405,Montia,MONTIACEAE,Montia fontana
1406,Muscari,ASPARAGACEAE,Muscari atlanticum
1407,Muscari,ASPARAGACEAE,Muscari comosum
1408,Muscari,ASPARAGACEAE,Muscari neglectum
1409,Myagrum,BRASSICACEAE,Myagrum perfoliatum
1410,Myosotis,BORAGINACEAE,Myosotis alpestris
1411,Myosotis,BORAGINACEAE,Myosotis arvensis
1412,Myosotis,BORAGINACEAE,Myosotis decumbens
1413,Myosotis,BORAGINACEAE,Myosotis discolor
1414,Myosotis,BORAGINACEAE,Myosotis laxa
1415,Myosotis,BORAGINACEAE,Myosotis minutiflora
1416,Myosotis,BORAGINACEAE,Myosotis nemorosa
1417,Myosotis,BORAGINACEAE,Myosotis ramosissima
1418,Myosotis,BORAGINACEAE,Myosotis scorpioides
1419,Myosotis,BORAGINACEAE,Myosotis secunda
1420,Myosotis,BORAGINACEAE,Myosotis sicula
1421,Myosotis,BORAGINACEAE,Myosotis stricta
1422,Myosotis,BORAGINACEAE,Myosotis sylvatica
1423,Myosoton,CARYOPHYLLACEAE,Myosoton aquaticum
1424,Myriophyllum,HALORAGACEAE,Myriophyllum alterniflorum
1425,Myriophyllum,HALORAGACEAE,Myriophyllum spicatum
1426,Myriophyllum,HALORAGACEAE,Myriophyllum verticillatum
1427,Narcissus,AMARYLLIDACEAE,Narcissus asturiensis
1428,Narcissus,AMARYLLIDACEAE,Narcissus bulbocodium
1429,Narcissus,AMARYLLIDACEAE,Narcissus cantabricus
1430,Narcissus,AMARYLLIDACEAE,Narcissus cuneiflorus
1431,Narcissus,AMARYLLIDACEAE,Narcissus dubius
1432,Narcissus,AMARYLLIDACEAE,Narcissus jonquilla
1433,Narcissus,AMARYLLIDACEAE,Narcissus minor
1434,Narcissus,AMARYLLIDACEAE,Narcissus moschatus
1435,Narcissus,AMARYLLIDACEAE,Narcissus nevadensis
1436,Narcissus,AMARYLLIDACEAE,Narcissus poeticus
1437,Narcissus,AMARYLLIDACEAE,Narcissus pseudonarcissus
1438,Narcissus,AMARYLLIDACEAE,Narcissus rupicola
1439,Narcissus,AMARYLLIDACEAE,Narcissus triandrus
1440,Narcissus,AMARYLLIDACEAE,Narcissus tubaeformis
1441,Narcissus,AMARYLLIDACEAE,Narcissus viridiflorus
1442,Nardus,POACEAE,Nardus stricta
1443,Narthecium,NARTHECIACEAE,Narthecium ossifragum
1444,Nasturtium,BRASSICACEAE,Nasturtium officinale
1445,Neotinea,ORCHIDACEAE,Neotinea maculata
1446,Neotinea,ORCHIDACEAE,Neotinea ustulata
1447,Neottia,ORCHIDACEAE,Neottia nidus-avis
1448,Nigella,RANUNCULACEAE,Nigella damascena
1449,Nigella,RANUNCULACEAE,Nigella gallica
1450,Nigella,RANUNCULACEAE,Nigella sativa
1451,Noccaea,BRASSICACEAE,Noccaea caerulescens
1452,Noccaea,BRASSICACEAE,Noccaea perfoliata
1453,Nuphar,NYMPHAEACEAE,Nuphar lutea
1454,Nymphaea,NYMPHAEACEAE,Nymphaea alba
1455,Odontites,OROBANCHACEAE,Odontites luteus
1456,Odontites,OROBANCHACEAE,Odontites viscosus
1457,Oenanthe,APIACEAE,Oenanthe crocata
1458,Oenanthe,APIACEAE,Oenanthe fistulosa
1459,Oenanthe,APIACEAE,Oenanthe lachenalii
1460,Oenanthe,APIACEAE,Oenanthe peucedanifolia
1461,Oenanthe,APIACEAE,Oenanthe pimpinelloides
1462,Onobrychis,FABACEAE,Onobrychis argentea
1463,Onobrychis,FABACEAE,Onobrychis saxatilis
1464,Onobrychis,FABACEAE,Onobrychis supina
1465,Onobrychis,FABACEAE,Onobrychis viciifolia
1466,Ononis,FABACEAE,Ononis alopecuroides
1467,Ononis,FABACEAE,Ononis aragonensis
1468,Ononis,FABACEAE,Ononis arvensis
1469,Ononis,FABACEAE,Ononis fruticosa
1470,Ononis,FABACEAE,Ononis minutissima
1471,Ononis,FABACEAE,Ononis natrix
1472,Ononis,FABACEAE,Ononis pusilla
1473,Ononis,FABACEAE,Ononis reclinata
1474,Ononis,FABACEAE,Ononis rotundifolia
1475,Ononis,FABACEAE,Ononis spinosa
1476,Ononis,FABACEAE,Ononis spinosa subsp. antiquorum
1477,Ononis,FABACEAE,Ononis spinosa subsp. procurrens
1478,Ononis,FABACEAE,Ononis striata
1479,Onopordum,ASTERACEAE,Onopordum acanthium
1480,Onopordum,ASTERACEAE,Onopordum corymbosum
1481,Onopordum,ASTERACEAE,Onopordum illyricum
1482,Onopordum,ASTERACEAE,Onopordum nervosum
1483,Onopordum,ASTERACEAE,Onopordum tauricum
1484,Ophrys,ORCHIDACEAE,Ophrys apifera
1485,Ophrys,ORCHIDACEAE,Ophrys arachnitiformis
1486,Ophrys,ORCHIDACEAE,Ophrys arnoldii
1487,Ophrys,ORCHIDACEAE,Ophrys aveyronensis
1488,Ophrys,ORCHIDACEAE,Ophrys bilunulata
1489,Ophrys,ORCHIDACEAE,Ophrys bombyliflora
1490,Ophrys,ORCHIDACEAE,Ophrys dyris
1491,Ophrys,ORCHIDACEAE,Ophrys fusca
1492,Ophrys,ORCHIDACEAE,Ophrys incubacea
1493,Ophrys,ORCHIDACEAE,Ophrys insectifera
1494,Ophrys,ORCHIDACEAE,Ophrys lupercalis
1495,Ophrys,ORCHIDACEAE,Ophrys lutea
1496,Ophrys,ORCHIDACEAE,Ophrys passionis
1497,Ophrys,ORCHIDACEAE,Ophrys scolopax
1498,Ophrys,ORCHIDACEAE,Ophrys speculum
1499,Ophrys,ORCHIDACEAE,Ophrys sphegodes
1500,Ophrys,ORCHIDACEAE,Ophrys tenthredinifera
1501,Orchis,ORCHIDACEAE,Orchis anthropophora
1502,Orchis,ORCHIDACEAE,Orchis italica
1503,Orchis,ORCHIDACEAE,Orchis langei
1504,Orchis,ORCHIDACEAE,Orchis mascula
1505,Orchis,ORCHIDACEAE,Orchis militaris
1506,Orchis,ORCHIDACEAE,Orchis olbiensis
1507,Orchis,ORCHIDACEAE,Orchis pallens
1508,Orchis,ORCHIDACEAE,Orchis provincialis
1509,Orchis,ORCHIDACEAE,Orchis purpurea
1510,Orchis,ORCHIDACEAE,Orchis simia
1511,Orchis,ORCHIDACEAE,Orchis spitzelii
1512,Orchis,ORCHIDACEAE,Orchis ustulata
1513,Origanum,LAMIACEAE,Origanum vulgare
1514,Ornithogalum,ASPARAGACEAE,Ornithogalum bourgaeanum
1515,Ornithogalum,ASPARAGACEAE,Ornithogalum divergens
1516,Ornithogalum,ASPARAGACEAE,Ornithogalum narbonense
1517,Ornithogalum,ASPARAGACEAE,Ornithogalum orthophyllum
1518,Ornithogalum,ASPARAGACEAE,Ornithogalum pyrenaicum
1519,Ornithogalum,ASPARAGACEAE,Ornithogalum umbellatum
1520,Ornithopus,FABACEAE,Ornithopus compressus
1521,Ornithopus,FABACEAE,Ornithopus perpusillus
1522,Ornithopus,FABACEAE,Ornithopus pinnatus
1523,Ornithopus,FABACEAE,Ornithopus sativus
1524,Orobanche,OROBANCHACEAE,Orobanche alba
1525,Orobanche,OROBANCHACEAE,Orobanche amethystea
1526,Orobanche,OROBANCHACEAE,Orobanche arenaria
1527,Orobanche,OROBANCHACEAE,Orobanche caryophyllacea
1528,Orobanche,OROBANCHACEAE,Orobanche crenata
1529,Orobanche,OROBANCHACEAE,Orobanche gracilis
1530,Orobanche,OROBANCHACEAE,Orobanche hederae
1531,Orobanche,OROBANCHACEAE,Orobanche minor
1532,Orobanche,OROBANCHACEAE,Orobanche purpurea
1533,Orobanche,OROBANCHACEAE,Orobanche rapum-genistae
1534,Orobanche,OROBANCHACEAE,Orobanche reticulata
1535,Orobanche,OROBANCHACEAE,Orobanche teucrii
1536,Oxalis,OXALIDACEAE,Oxalis acetosella
1537,Oxalis,OXALIDACEAE,Oxalis corniculata
1538,Oxalis,OXALIDACEAE,Oxalis debilis
1539,Oxalis,OXALIDACEAE,Oxalis pes-caprae
1540,Paeonia,PAEONIACEAE,Paeonia broteri
1541,Paeonia,PAEONIACEAE,Paeonia mascula
1542,Paeonia,PAEONIACEAE,Paeonia officinalis
1543,Paeonia,PAEONIACEAE,Paeonia peregrina
1544,Paeonia,PAEONIACEAE,Paeonia veitchii
1545,Pallenis,ASTERACEAE,Pallenis spinosa
1546,Pancratium,AMARYLLIDACEAE,Pancratium maritimum
1547,Panicum,POACEAE,Panicum capillare
1548,Panicum,POACEAE,Panicum dichotomiflorum
1549,Panicum,POACEAE,Panicum miliaceum
1550,Papaver,PAPAVERACEAE,Papaver argemone
1551,Papaver,PAPAVERACEAE,Papaver dubium
1552,Papaver,PAPAVERACEAE,Papaver hybridum
1553,Papaver,PAPAVERACEAE,Papaver rhoeas
1554,Papaver,PAPAVERACEAE,Papaver somniferum
1555,Parietaria,URTICACEAE,Parietaria judaica
1556,Parietaria,URTICACEAE,Parietaria officinalis
1557,Parnassia,CELASTRACEAE,Parnassia palustris
1558,Pastinaca,APIACEAE,Pastinaca sativa
1559,Pedicularis,OROBANCHACEAE,Pedicularis comosa
1560,Pedicularis,OROBANCHACEAE,Pedicularis foliosa
1561,Pedicularis,OROBANCHACEAE,Pedicularis kerneri
1562,Pedicularis,OROBANCHACEAE,Pedicularis mixta
1563,Pedicularis,OROBANCHACEAE,Pedicularis pyrenaica
1564,Pedicularis,OROBANCHACEAE,Pedicularis sylvatica
1565,Pentanema,ASTERACEAE,Pentanema montanum
1566,Persicaria,POLYGONACEAE,Persicaria amphibia
1567,Persicaria,POLYGONACEAE,Persicaria bistorta
1568,Persicaria,POLYGONACEAE,Persicaria hydropiper
1569,Persicaria,POLYGONACEAE,Persicaria lapathifolia
1570,Persicaria,POLYGONACEAE,Persicaria maculosa
1571,Persicaria,POLYGONACEAE,Persicaria minor
1572,Petasites,ASTERACEAE,Petasites albus
1573,Petasites,ASTERACEAE,Petasites hybridus
1574,Petroselinum,APIACEAE,Petroselinum crispum
1575,Peucedanum,APIACEAE,Peucedanum carvifolia
1576,Peucedanum,APIACEAE,Peucedanum cervaria
1577,Peucedanum,APIACEAE,Peucedanum officinale
1578,Phalaris,POACEAE,Phalaris aquatica
1579,Phalaris,POACEAE,Phalaris arundinacea
1580,Phalaris,POACEAE,Phalaris brachystachys
1581,Phalaris,POACEAE,Phalaris canariensis
1582,Phalaris,POACEAE,Phalaris coerulescens
1583,Phleum,POACEAE,Phleum alpinum
1584,Phleum,POACEAE,Phleum bertolonii
1585,Phleum,POACEAE,Phleum nodosum
1586,Phleum,POACEAE,Phleum paniculatum
1587,Phleum,POACEAE,Phleum phleoides
1588,Phleum,POACEAE,Phleum pratense
1589,Phragmites,POACEAE,Phragmites australis
1590,Physospermum,APIACEAE,Physospermum cornubiense
1591,Picris,ASTERACEAE,Picris echioides
1592,Picris,ASTERACEAE,Picris hieracioides
1593,Pilosella,ASTERACEAE,Pilosella aurantiaca
1594,Pilosella,ASTERACEAE,Pilosella castellana
1595,Pilosella,ASTERACEAE,Pilosella hoppeana
1596,Pilosella,ASTERACEAE,Pilosella officinarum
1597,Pilosella,ASTERACEAE,Pilosella peleteriana
1598,Pilosella,ASTERACEAE,Pilosella saussureoides
1599,Pimpinella,APIACEAE,Pimpinella anisum
1600,Pimpinella,APIACEAE,Pimpinella major
1601,Pimpinella,APIACEAE,Pimpinella saxifraga
1602,Pinguicula,LENTIBULARIACEAE,Pinguicula grandiflora
1603,Pinguicula,LENTIBULARIACEAE,Pinguicula lusitanica
1604,Pinguicula,LENTIBULARIACEAE,Pinguicula vulgaris
1605,Pinus,PINACEAE,Pinus halepensis
1606,Pinus,PINACEAE,Pinus nigra
1607,Pinus,PINACEAE,Pinus pinaster
1608,Pinus,PINACEAE,Pinus pinea
1609,Pinus,PINACEAE,Pinus sylvestris
1610,Plantago,PLANTAGINACEAE,Plantago afra
1611,Plantago,PLANTAGINACEAE,Plantago albicans
1612,Plantago,PLANTAGINACEAE,Plantago alpina
1613,Plantago,PLANTAGINACEAE,Plantago arenaria
1614,Plantago,PLANTAGINACEAE,Plantago coronopus
1615,Plantago,PLANTAGINACEAE,Plantago lanceolata
1616,Plantago,PLANTAGINACEAE,Plantago major
1617,Plantago,PLANTAGINACEAE,Plantago maritima
1618,Plantago,PLANTAGINACEAE,Plantago media
1619,Plantago,PLANTAGINACEAE,Plantago sempervirens
1620,Plantago,PLANTAGINACEAE,Plantago subulata
1621,Platanthera,ORCHIDACEAE,Platanthera bifolia
1622,Platanthera,ORCHIDACEAE,Platanthera chlorantha
1623,Poa,POACEAE,Poa alpina
1624,Poa,POACEAE,Poa angustifolia
1625,Poa,POACEAE,Poa annua
1626,Poa,POACEAE,Poa bulbosa
1627,Poa,POACEAE,Poa cenisia
1628,Poa,POACEAE,Poa chaixii
1629,Poa,POACEAE,Poa compressa
1630,Poa,POACEAE,Poa infirma
1631,Poa,POACEAE,Poa laxa
1632,Poa,POACEAE,Poa minor
1633,Poa,POACEAE,Poa nemoralis
1634,Poa,POACEAE,Poa pratensis
1635,Poa,POACEAE,Poa supina
1636,Poa,POACEAE,Poa trivialis
1637,Polygala,POLYGALACEAE,Polygala alpestris
1638,Polygala,POLYGALACEAE,Polygala amarella
1639,Polygala,POLYGALACEAE,Polygala calcarea
1640,Polygala,POLYGALACEAE,Polygala comosa
1641,Polygala,POLYGALACEAE,Polygala microphylla
1642,Polygala,POLYGALACEAE,Polygala monspeliaca
1643,Polygala,POLYGALACEAE,Polygala nicaeensis
1644,Polygala,POLYGALACEAE,Polygala serpyllifolia
1645,Polygala,POLYGALACEAE,Polygala vulgaris
1646,Polygonatum,ASPARAGACEAE,Polygonatum odoratum
1647,Polygonatum,ASPARAGACEAE,Polygonatum verticillatum
1648,Polygonum,POLYGONACEAE,Polygonum arenastrum
1649,Polygonum,POLYGONACEAE,Polygonum aviculare
1650,Polygonum,POLYGONACEAE,Polygonum bellardii
1651,Polygonum,POLYGONACEAE,Polygonum bistorta
1652,Polygonum,POLYGONACEAE,Polygonum equisetiforme
1653,Polygonum,POLYGONACEAE,Polygonum hydropiper
1654,Polygonum,POLYGONACEAE,Polygonum lapathifolium
1655,Polygonum,POLYGONACEAE,Polygonum maritimum
1656,Polygonum,POLYGONACEAE,Polygonum mite
1657,Polygonum,POLYGONACEAE,Polygonum persicaria
1658,Polygonum,POLYGONACEAE,Polygonum rurivagum
1659,Polypodium,POLYPODIACEAE,Polypodium cambricum
1660,Polypodium,POLYPODIACEAE,Polypodium interjectum
1661,Polypodium,POLYPODIACEAE,Polypodium vulgare
1662,Polystichum,DRYOPTERIDACEAE,Polystichum aculeatum
1663,Polystichum,DRYOPTERIDACEAE,Polystichum lonchitis
1664,Polystichum,DRYOPTERIDACEAE,Polystichum setiferum
1665,Populus,SALICACEAE,Populus alba
1666,Populus,SALICACEAE,Populus nigra
1667,Populus,SALICACEAE,Populus tremula
1668,Potamogeton,POTAMOGETONACEAE,Potamogeton alpinus
1669,Potamogeton,POTAMOGETONACEAE,Potamogeton berchtoldii
1670,Potamogeton,POTAMOGETONACEAE,Potamogeton coloratus
1671,Potamogeton,POTAMOGETONACEAE,Potamogeton crispus
1672,Potamogeton,POTAMOGETONACEAE,Potamogeton densus
1673,Potamogeton,POTAMOGETONACEAE,Potamogeton filiformis
1674,Potamogeton,POTAMOGETONACEAE,Potamogeton gramineus
1675,Potamogeton,POTAMOGETONACEAE,Potamogeton lucens
1676,Potamogeton,POTAMOGETONACEAE,Potamogeton natans
1677,Potamogeton,POTAMOGETONACEAE,Potamogeton nodosus
1678,Potamogeton,POTAMOGETONACEAE,Potamogeton obtusifolius
1679,Potamogeton,POTAMOGETONACEAE,Potamogeton pectinatus
1680,Potamogeton,POTAMOGETONACEAE,Potamogeton perfoliatus
1681,Potamogeton,POTAMOGETONACEAE,Potamogeton polygonifolius
1682,Potamogeton,POTAMOGETONACEAE,Potamogeton pusillus
1683,Potamogeton,POTAMOGETONACEAE,Potamogeton trichoides
1684,Potentilla,ROSACEAE,Potentilla alchemilloides
1685,Potentilla,ROSACEAE,Potentilla anserina
1686,Potentilla,ROSACEAE,Potentilla argentea
1687,Potentilla,ROSACEAE,Potentilla aurea
1688,Potentilla,ROSACEAE,Potentilla caulescens
1689,Potentilla,ROSACEAE,Potentilla cinerea
1690,Potentilla,ROSACEAE,Potentilla crantzii
1691,Potentilla,ROSACEAE,Potentilla erecta
1692,Potentilla,ROSACEAE,Potentilla fruticosa
1693,Potentilla,ROSACEAE,Potentilla hirta
1694,Potentilla,ROSACEAE,Potentilla inclinata
1695,Potentilla,ROSACEAE,Potentilla montana
1696,Potentilla,ROSACEAE,Potentilla neumanniana
1697,Potentilla,ROSACEAE,Potentilla nivalis
1698,Potentilla,ROSACEAE,Potentilla pensylvanica
1699,Potentilla,ROSACEAE,Potentilla pyrenaica
1700,Potentilla,ROSACEAE,Potentilla recta
1701,Potentilla,ROSACEAE,Potentilla reptans
1702,Potentilla,ROSACEAE,Potentilla sterilis
1703,Primula,PRIMULACEAE,Primula acaulis
1704,Primula,PRIMULACEAE,Primula elatior
1705,Primula,PRIMULACEAE,Primula farinosa
1706,Primula,PRIMULACEAE,Primula hirsuta
1707,Primula,PRIMULACEAE,Primula integrifolia
1708,Primula,PRIMULACEAE,Primula veris
1709,Primula,PRIMULACEAE,Primula vulgaris
1710,Prunella,LAMIACEAE,Prunella grandiflora
1711,Prunella,LAMIACEAE,Prunella hastifolia
1712,Prunella,LAMIACEAE,Prunella laciniata
1713,Prunella,LAMIACEAE,Prunella vulgaris
1714,Prunus,ROSACEAE,Prunus avium
1715,Prunus,ROSACEAE,Prunus cerasifera
1716,Prunus,ROSACEAE,Prunus domestica
1717,Prunus,ROSACEAE,Prunus dulcis
1718,Prunus,ROSACEAE,Prunus mahaleb
1719,Prunus,ROSACEAE,Prunus padus
1720,Prunus,ROSACEAE,Prunus persica
1721,Prunus,ROSACEAE,Prunus spinosa
1722,Pseudorchis,ORCHIDACEAE,Pseudorchis albida
1723,Pteridium,DENNSTAEDTIACEAE,Pteridium aquilinum
1724,Pulicaria,ASTERACEAE,Pulicaria dysenterica
1725,Pulicaria,ASTERACEAE,Pulicaria odora
1726,Pulicaria,ASTERACEAE,Pulicaria vulgaris
1727,Pulsatilla,RANUNCULACEAE,Pulsatilla alpina
1728,Pulsatilla,RANUNCULACEAE,Pulsatilla montana
1729,Pyrola,ERICACEAE,Pyrola chlorantha
1730,Pyrola,ERICACEAE,Pyrola media
1731,Pyrola,ERICACEAE,Pyrola minor
1732,Pyrola,ERICACEAE,Pyrola rotundifolia
1733,Pyrus,ROSACEAE,Pyrus bourgaeana
1734,Pyrus,ROSACEAE,Pyrus communis
1735,Pyrus,ROSACEAE,Pyrus cordata
1736,Quercus,FAGACEAE,Quercus canariensis
1737,Quercus,FAGACEAE,Quercus coccifera
1738,Quercus,FAGACEAE,Quercus faginea
1739,Quercus,FAGACEAE,Quercus humilis
1740,Quercus,FAGACEAE,Quercus ilex
1741,Quercus,FAGACEAE,Quercus petraea
1742,Quercus,FAGACEAE,Quercus pubescens
1743,Quercus,FAGACEAE,Quercus pyrenaica
1744,Quercus,FAGACEAE,Quercus robur
1745,Quercus,FAGACEAE,Quercus rubra
1746,Quercus,FAGACEAE,Quercus suber
1747,Ranunculus,RANUNCULACEAE,Ranunculus aconitifolius
1748,Ranunculus,RANUNCULACEAE,Ranunculus acris
1749,Ranunculus,RANUNCULACEAE,Ranunculus alpestris
1750,Ranunculus,RANUNCULACEAE,Ranunculus amplexicaulis
1751,Ranunculus,RANUNCULACEAE,Ranunculus arvensis
1752,Ranunculus,RANUNCULACEAE,Ranunculus auricomus
1753,Ranunculus,RANUNCULACEAE,Ranunculus bulbosus
1754,Ranunculus,RANUNCULACEAE,Ranunculus carinthiacus
1755,Ranunculus,RANUNCULACEAE,Ranunculus ficaria
1756,Ranunculus,RANUNCULACEAE,Ranunculus flammula
1757,Ranunculus,RANUNCULACEAE,Ranunculus glacialis
1758,Ranunculus,RANUNCULACEAE,Ranunculus gramineus
1759,Ranunculus,RANUNCULACEAE,Ranunculus hederaceus
1760,Ranunculus,RANUNCULACEAE,Ranunculus lingua
1761,Ranunculus,RANUNCULACEAE,Ranunculus muricatus
1762,Ranunculus,RANUNCULACEAE,Ranunculus ophioglossifolius
1763,Ranunculus,RANUNCULACEAE,Ranunculus parnassifolius
1764,Ranunculus,RANUNCULACEAE,Ranunculus peltatus
1765,Ranunculus,RANUNCULACEAE,Ranunculus penicillatus
1766,Ranunculus,RANUNCULACEAE,Ranunculus platanifolius
1767,Ranunculus,RANUNCULACEAE,Ranunculus polyanthemos
1768,Ranunculus,RANUNCULACEAE,Ranunculus repens
1769,Ranunculus,RANUNCULACEAE,Ranunculus sardous
1770,Ranunculus,RANUNCULACEAE,Ranunculus sceleratus
1771,Ranunculus,RANUNCULACEAE,Ranunculus serpens
1772,Ranunculus,RANUNCULACEAE,Ranunculus trichophyllus
1773,Raphanus,BRASSICACEAE,Raphanus raphanistrum
1774,Rapistrum,BRASSICACEAE,Rapistrum rugosum
1775,Reseda,RESEDACEAE,Reseda alba
1776,Reseda,RESEDACEAE,Reseda lutea
1777,Reseda,RESEDACEAE,Reseda luteola
1778,Reseda,RESEDACEAE,Reseda phyteuma
1779,Rhamnus,RHAMNACEAE,Rhamnus alaternus
1780,Rhamnus,RHAMNACEAE,Rhamnus alpina
1781,Rhamnus,RHAMNACEAE,Rhamnus cathartica
1782,Rhamnus,RHAMNACEAE,Rhamnus pumila
1783,Rhinanthus,OROBANCHACEAE,Rhinanthus angustifolius
1784,Rhinanthus,OROBANCHACEAE,Rhinanthus minor
1785,Rhynchospora,CYPERACEAE,Rhynchospora alba
1786,Ribes,GROSSULARIACEAE,Ribes alpinum
1787,Ribes,GROSSULARIACEAE,Ribes petraeum
1788,Ribes,GROSSULARIACEAE,Ribes rubrum
1789,Rorippa,BRASSICACEAE,Rorippa amphibia
1790,Rorippa,BRASSICACEAE,Rorippa islandica
1791,Rorippa,BRASSICACEAE,Rorippa nasturtium-aquaticum
1792,Rorippa,BRASSICACEAE,Rorippa palustris
1793,Rorippa,BRASSICACEAE,Rorippa pyrenaica
1794,Rorippa,BRASSICACEAE,Rorippa sylvestris
1795,Rosa,ROSACEAE,Rosa agrestis
1796,Rosa,ROSACEAE,Rosa arvensis
1797,Rosa,ROSACEAE,Rosa canina
1798,Rosa,ROSACEAE,Rosa corymbifera
1799,Rosa,ROSACEAE,Rosa dumalis
1800,Rosa,ROSACEAE,Rosa elliptica
1801,Rosa,ROSACEAE,Rosa ferruginea
1802,Rosa,ROSACEAE,Rosa gallica
1803,Rosa,ROSACEAE,Rosa micrantha
1804,Rosa,ROSACEAE,Rosa moschata
1805,Rosa,ROSACEAE,Rosa pendulina
1806,Rosa,ROSACEAE,Rosa pouzinii
1807,Rosa,ROSACEAE,Rosa rubiginosa
1808,Rosa,ROSACEAE,Rosa sempervirens
1809,Rosa,ROSACEAE,Rosa squarrosa
1810,Rosa,ROSACEAE,Rosa stylosa
1811,Rosa,ROSACEAE,Rosa tomentosa
1812,Rosmarinus,LAMIACEAE,Rosmarinus officinalis
1813,Rubia,RUBIACEAE,Rubia peregrina
1814,Rubus,ROSACEAE,Rubus caesius
1815,Rubus,ROSACEAE,Rubus canescens
1816,Rubus,ROSACEAE,Rubus idaeus
1817,Rubus,ROSACEAE,Rubus ulmifolius
1818,Rumex,POLYGONACEAE,Rumex acetosa
1819,Rumex,POLYGONACEAE,Rumex acetosella
1820,Rumex,POLYGONACEAE,Rumex alpinus
1821,Rumex,POLYGONACEAE,Rumex bucephalophorus
1822,Rumex,POLYGONACEAE,Rumex conglomeratus
1823,Rumex,POLYGONACEAE,Rumex crispus
1824,Rumex,POLYGONACEAE,Rumex hydrolapathum
1825,Rumex,POLYGONACEAE,Rumex longifolius
1826,Rumex,POLYGONACEAE,Rumex obtusifolius
1827,Rumex,POLYGONACEAE,Rumex palustris
1828,Rumex,POLYGONACEAE,Rumex papillaris
1829,Rumex,POLYGONACEAE,Rumex pulcher
1830,Rumex,POLYGONACEAE,Rumex rupestris
1831,Rumex,POLYGONACEAE,Rumex sanguineus
1832,Rumex,POLYGONACEAE,Rumex scutatus
1833,Rumex,POLYGONACEAE,Rumex thyrsiflorus
1834,Ruscus,ASPARAGACEAE,Ruscus aculeatus
1835,Ruta,RUTACEAE,Ruta angustifolia
1836,Ruta,RUTACEAE,Ruta chalepensis
1837,Ruta,RUTACEAE,Ruta graveolens
1838,Sagina,CARYOPHYLLACEAE,Sagina apetala
1839,Sagina,CARYOPHYLLACEAE,Sagina maritima
1840,Sagina,CARYOPHYLLACEAE,Sagina nevadensis
1841,Sagina,CARYOPHYLLACEAE,Sagina nodosa
1842,Sagina,CARYOPHYLLACEAE,Sagina procumbens
1843,Sagina,CARYOPHYLLACEAE,Sagina saginoides
1844,Salicornia,AMARANTHACEAE,Salicornia europaea
1845,Salix,SALICACEAE,Salix alba
1846,Salix,SALICACEAE,Salix atrocinerea
1847,Salix,SALICACEAE,Salix caprea
1848,Salix,SALICACEAE,Salix eleagnos
1849,Salix,SALICACEAE,Salix fragilis
1850,Salix,SALICACEAE,Salix hastata
1851,Salix,SALICACEAE,Salix herbacea
1852,Salix,SALICACEAE,Salix lapponum
1853,Salix,SALICACEAE,Salix myrsinifolia
1854,Salix,SALICACEAE,Salix pentandra
1855,Salix,SALICACEAE,Salix purpurea
1856,Salix,SALICACEAE,Salix pyrenaica
1857,Salix,SALICACEAE,Salix repens
1858,Salix,SALICACEAE,Salix reticulata
1859,Salix,SALICACEAE,Salix triandra
1860,Salix,SALICACEAE,Salix viminalis
1861,Salsola,AMARANTHACEAE,Salsola kali
1862,Salvia,LAMIACEAE,Salvia aethiopis
1863,Salvia,LAMIACEAE,Salvia argentea
1864,Salvia,LAMIACEAE,Salvia lavandulifolia
1865,Salvia,LAMIACEAE,Salvia officinalis
1866,Salvia,LAMIACEAE,Salvia pratensis
1867,Salvia,LAMIACEAE,Salvia sclarea
1868,Salvia,LAMIACEAE,Salvia verbenaca
1869,Sambucus,ADOXACEAE,Sambucus ebulus
1870,Sambucus,ADOXACEAE,Sambucus nigra
1871,Sanguisorba,ROSACEAE,Sanguisorba minor
1872,Sanguisorba,ROSACEAE,Sanguisorba officinalis
1873,Santolina,ASTERACEAE,Santolina chamaecyparissus
1874,Saponaria,CARYOPHYLLACEAE,Saponaria ocymoides
1875,Saponaria,CARYOPHYLLACEAE,Saponaria officinalis
1876,Saxifraga,SAXIFRAGACEAE,Saxifraga aizoon
1877,Saxifraga,SAXIFRAGACEAE,Saxifraga aizoides
1878,Saxifraga,SAXIFRAGACEAE,Saxifraga aquatica
1879,Saxifraga,SAXIFRAGACEAE,Saxifraga aretioides
1880,Saxifraga,SAXIFRAGACEAE,Saxifraga aspera
1881,Saxifraga,SAXIFRAGACEAE,Saxifraga callosa
1882,Saxifraga,SAXIFRAGACEAE,Saxifraga clusii
1883,Saxifraga,SAXIFRAGACEAE,Saxifraga conifera
1884,Saxifraga,SAXIFRAGACEAE,Saxifraga continentalis
1885,Saxifraga,SAXIFRAGACEAE,Saxifraga cuneata
1886,Saxifraga,SAXIFRAGACEAE,Saxifraga exarata
1887,Saxifraga,SAXIFRAGACEAE,Saxifraga fragilis
1888,Saxifraga,SAXIFRAGACEAE,Saxifraga geranioides
1889,Saxifraga,SAXIFRAGACEAE,Saxifraga granulata
1890,Saxifraga,SAXIFRAGACEAE,Saxifraga hirsuta
1891,Saxifraga,SAXIFRAGACEAE,Saxifraga hypnoides
1892,Saxifraga,SAXIFRAGACEAE,Saxifraga longifolia
1893,Saxifraga,SAXIFRAGACEAE,Saxifraga moschata
1894,Saxifraga,SAXIFRAGACEAE,Saxifraga oppositifolia
1895,Saxifraga,SAXIFRAGACEAE,Saxifraga paniculata
1896,Saxifraga,SAXIFRAGACEAE,Saxifraga pentadactylis
1897,Saxifraga,SAXIFRAGACEAE,Saxifraga praetermissa
1898,Saxifraga,SAXIFRAGACEAE,Saxifraga pubescens
1899,Saxifraga,SAXIFRAGACEAE,Saxifraga stellaris
1900,Saxifraga,SAXIFRAGACEAE,Saxifraga tridactylites
1901,Saxifraga,SAXIFRAGACEAE,Saxifraga umbrosa
1902,Scabiosa,CAPRIFOLIACEAE,Scabiosa atropurpurea
1903,Scabiosa,CAPRIFOLIACEAE,Scabiosa columbaria
1904,Scabiosa,CAPRIFOLIACEAE,Scabiosa graminifolia
1905,Scabiosa,CAPRIFOLIACEAE,Scabiosa turolensis
1906,Scandix,APIACEAE,Scandix australis
1907,Scandix,APIACEAE,Scandix pecten-veneris
1908,Schoenus,CYPERACEAE,Schoenus nigricans
1909,Scirpus,CYPERACEAE,Scirpus holoschoenus
1910,Scirpus,CYPERACEAE,Scirpus lacustris
1911,Scirpus,CYPERACEAE,Scirpus sylvaticus
1912,Scleranthus,CARYOPHYLLACEAE,Scleranthus annuus
1913,Scleranthus,CARYOPHYLLACEAE,Scleranthus perennis
1914,Scleranthus,CARYOPHYLLACEAE,Scleranthus polycarpos
1915,Scleranthus,CARYOPHYLLACEAE,Scleranthus uncinatus
1916,Scolymus,ASTERACEAE,Scolymus hispanicus
1917,Scorzonera,ASTERACEAE,Scorzonera angustifolia
1918,Scorzonera,ASTERACEAE,Scorzonera aristata
1919,Scorzonera,ASTERACEAE,Scorzonera humilis
1920,Scorzonera,ASTERACEAE,Scorzonera laciniata
1921,Scorzonera,ASTERACEAE,Scorzonera purpurea
1922,Scrophularia,SCROPHULARIACEAE,Scrophularia alpestris
1923,Scrophularia,SCROPHULARIACEAE,Scrophularia auriculata
1924,Scrophularia,SCROPHULARIACEAE,Scrophularia canina
1925,Scrophularia,SCROPHULARIACEAE,Scrophularia crithmifolia
1926,Scrophularia,SCROPHULARIACEAE,Scrophularia lyrata
1927,Scrophularia,SCROPHULARIACEAE,Scrophularia nodosa
1928,Scrophularia,SCROPHULARIACEAE,Scrophularia peregrina
1929,Scrophularia,SCROPHULARIACEAE,Scrophularia scorodonia
1930,Scutellaria,LAMIACEAE,Scutellaria alpina
1931,Scutellaria,LAMIACEAE,Scutellaria galericulata
1932,Scutellaria,LAMIACEAE,Scutellaria minor
1933,Sedum,CRASSULACEAE,Sedum acre
1934,Sedum,CRASSULACEAE,Sedum album
1935,Sedum,CRASSULACEAE,Sedum alpestre
1936,Sedum,CRASSULACEAE,Sedum amplexicaule
1937,Sedum,CRASSULACEAE,Sedum anglicum
1938,Sedum,CRASSULACEAE,Sedum annuum
1939,Sedum,CRASSULACEAE,Sedum brevifolium
1940,Sedum,CRASSULACEAE,Sedum caespitosum
1941,Sedum,CRASSULACEAE,Sedum dasyphyllum
1942,Sedum,CRASSULACEAE,Sedum forsterianum
1943,Sedum,CRASSULACEAE,Sedum gypsicola
1944,Sedum,CRASSULACEAE,Sedum hirsutum
1945,Sedum,CRASSULACEAE,Sedum mucizonia
1946,Sedum,CRASSULACEAE,Sedum rupestre
1947,Sedum,CRASSULACEAE,Sedum sediforme
1948,Sedum,CRASSULACEAE,Sedum sexangulare
1949,Sedum,CRASSULACEAE,Sedum villosum
1950,Selaginella,SELAGINELLACEAE,Selaginella denticulata
1951,Selinum,APIACEAE,Selinum carvifolia
1952,Senecio,ASTERACEAE,Senecio adonidifolius
1953,Senecio,ASTERACEAE,Senecio aquaticus
1954,Senecio,ASTERACEAE,Senecio carpetanus
1955,Senecio,ASTERACEAE,Senecio doria
1956,Senecio,ASTERACEAE,Senecio doronicum
1957,Senecio,ASTERACEAE,Senecio gallicus
1958,Senecio,ASTERACEAE,Senecio inaequidens
1959,Senecio,ASTERACEAE,Senecio jacobaea
1960,Senecio,ASTERACEAE,Senecio lividus
1961,Senecio,ASTERACEAE,Senecio minutus
1962,Senecio,ASTERACEAE,Senecio pyrenaicus
1963,Senecio,ASTERACEAE,Senecio vulgaris
1964,Serratula,ASTERACEAE,Serratula tinctoria
1965,Seseli,APIACEAE,Seseli libanotis
1966,Seseli,APIACEAE,Seseli montanum
1967,Seseli,APIACEAE,Seseli tortuosum
1968,Setaria,POACEAE,Setaria glauca
1969,Setaria,POACEAE,Setaria pumila
1970,Setaria,POACEAE,Setaria verticillata
1971,Setaria,POACEAE,Setaria viridis
1972,Sideritis,LAMIACEAE,Sideritis hirsuta
1973,Sideritis,LAMIACEAE,Sideritis hyssopifolia
1974,Sideritis,LAMIACEAE,Sideritis incana
1975,Sideritis,LAMIACEAE,Sideritis montana
1976,Sideritis,LAMIACEAE,Sideritis scordioides
1977,Silene,CARYOPHYLLACEAE,Silene acaulis
1978,Silene,CARYOPHYLLACEAE,Silene alba
1979,Silene,CARYOPHYLLACEAE,Silene boryi
1980,Silene,CARYOPHYLLACEAE,Silene ciliata
1981,Silene,CARYOPHYLLACEAE,Silene colorata
1982,Silene,CARYOPHYLLACEAE,Silene conica
1983,Silene,CARYOPHYLLACEAE,Silene conoidea
1984,Silene,CARYOPHYLLACEAE,Silene dioica
1985,Silene,CARYOPHYLLACEAE,Silene gallica
1986,Silene,CARYOPHYLLACEAE,Silene inaperta
1987,Silene,CARYOPHYLLACEAE,Silene italica
1988,Silene,CARYOPHYLLACEAE,Silene laeta
1989,Silene,CARYOPHYLLACEAE,Silene latifolia
1990,Silene,CARYOPHYLLACEAE,Silene legionensis
1991,Silene,CARYOPHYLLACEAE,Silene muscipula
1992,Silene,CARYOPHYLLACEAE,Silene noctiflora
1993,Silene,CARYOPHYLLACEAE,Silene nutans
1994,Silene,CARYOPHYLLACEAE,Silene otites
1995,Silene,CARYOPHYLLACEAE,Silene portensis
1996,Silene,CARYOPHYLLACEAE,Silene rupestris
1997,Silene,CARYOPHYLLACEAE,Silene saxifraga
1998,Silene,CARYOPHYLLACEAE,Silene vulgaris
1999,Silybum,ASTERACEAE,Silybum marianum
2000,Sisymbrium,BRASSICACEAE,Sisymbrium austriacum
2001,Sisymbrium,BRASSICACEAE,Sisymbrium erysimoides
2002,Sisymbrium,BRASSICACEAE,Sisymbrium irio
2003,Sisymbrium,BRASSICACEAE,Sisymbrium officinale
2004,Sisymbrium,BRASSICACEAE,Sisymbrium orientale
2005,Smyrnium,APIACEAE,Smyrnium olusatrum
2006,Solanum,SOLANACEAE,Solanum dulcamara
2007,Solanum,SOLANACEAE,Solanum linnaeanum
2008,Solanum,SOLANACEAE,Solanum luteum
2009,Solanum,SOLANACEAE,Solanum nigrum
2010,Solidago,ASTERACEAE,Solidago virgaurea
2011,Sonchus,ASTERACEAE,Sonchus arvensis
2012,Sonchus,ASTERACEAE,Sonchus asper
2013,Sonchus,ASTERACEAE,Sonchus oleraceus
2014,Sorbus,ROSACEAE,Sorbus aria
2015,Sorbus,ROSACEAE,Sorbus aucuparia
2016,Sorbus,ROSACEAE,Sorbus domestica
2017,Sorbus,ROSACEAE,Sorbus latifolia
2018,Sorbus,ROSACEAE,Sorbus torminalis
2019,Spergula,CARYOPHYLLACEAE,Spergula arvensis
2020,Spergula,CARYOPHYLLACEAE,Spergula morisonii
2021,Spergularia,CARYOPHYLLACEAE,Spergularia bocconei
2022,Spergularia,CARYOPHYLLACEAE,Spergularia marina
2023,Spergularia,CARYOPHYLLACEAE,Spergularia media
2024,Spergularia,CARYOPHYLLACEAE,Spergularia purpurea
2025,Spergularia,CARYOPHYLLACEAE,Spergularia rubra
2026,Spiranthes,ORCHIDACEAE,Spiranthes aestivalis
2027,Spiranthes,ORCHIDACEAE,Spiranthes spiralis
2028,Stachys,LAMIACEAE,Stachys alpina
2029,Stachys,LAMIACEAE,Stachys annua
2030,Stachys,LAMIACEAE,Stachys arvensis
2031,Stachys,LAMIACEAE,Stachys germanica
2032,Stachys,LAMIACEAE,Stachys heraclea
2033,Stachys,LAMIACEAE,Stachys officinalis
2034,Stachys,LAMIACEAE,Stachys palustris
2035,Stachys,LAMIACEAE,Stachys recta
2036,Stachys,LAMIACEAE,Stachys sylvatica
2037,Stellaria,CARYOPHYLLACEAE,Stellaria alsine
2038,Stellaria,CARYOPHYLLACEAE,Stellaria graminea
2039,Stellaria,CARYOPHYLLACEAE,Stellaria holostea
2040,Stellaria,CARYOPHYLLACEAE,Stellaria media
2041,Stellaria,CARYOPHYLLACEAE,Stellaria nemorum
2042,Stipa,POACEAE,Stipa capillata
2043,Stipa,POACEAE,Stipa gigantea
2044,Stipa,POACEAE,Stipa iberica
2045,Stipa,POACEAE,Stipa lagascae
2046,Stipa,POACEAE,Stipa offneri
2047,Stipa,POACEAE,Stipa parviflora
2048,Stipa,POACEAE,Stipa pennata
2049,Stipa,POACEAE,Stipa tenacissima
2050,Succisa,CAPRIFOLIACEAE,Succisa pratensis
2051,Suaeda,AMARANTHACEAE,Suaeda maritima
2052,Suaeda,AMARANTHACEAE,Suaeda vera
2053,Symphytum,BORAGINACEAE,Symphytum officinale
2054,Tamus,DIOSCOREACEAE,Tamus communis
2055,Tanacetum,ASTERACEAE,Tanacetum balsamita
2056,Tanacetum,ASTERACEAE,Tanacetum corymbosum
2057,Tanacetum,ASTERACEAE,Tanacetum parthenium
2058,Tanacetum,ASTERACEAE,Tanacetum vulgare
2059,Taraxacum,ASTERACEAE,Taraxacum alpinum
2060,Taraxacum,ASTERACEAE,Taraxacum aragonicum
2061,Taraxacum,ASTERACEAE,Taraxacum erythrospermum
2062,Taraxacum,ASTERACEAE,Taraxacum officinale
2063,Taxus,TAXACEAE,Taxus baccata
2064,Teesdalia,BRASSICACEAE,Teesdalia coronopifolia
2065,Teesdalia,BRASSICACEAE,Teesdalia nudicaulis
2066,Teucrium,LAMIACEAE,Teucrium botrys
2067,Teucrium,LAMIACEAE,Teucrium capitatum
2068,Teucrium,LAMIACEAE,Teucrium chamaedrys
2069,Teucrium,LAMIACEAE,Teucrium flavum
2070,Teucrium,LAMIACEAE,Teucrium gnaphalodes
2071,Teucrium,LAMIACEAE,Teucrium montanum
2072,Teucrium,LAMIACEAE,Teucrium polium
2073,Teucrium,LAMIACEAE,Teucrium pyrenaicum
2074,Teucrium,LAMIACEAE,Teucrium scordium
2075,Teucrium,LAMIACEAE,Teucrium scorodonia
2076,Thalictrum,RANUNCULACEAE,Thalictrum aquilegiifolium
2077,Thalictrum,RANUNCULACEAE,Thalictrum flavum
2078,Thalictrum,RANUNCULACEAE,Thalictrum minus
2079,Thalictrum,RANUNCULACEAE,Thalictrum simplex
2080,Thesium,SANTALACEAE,Thesium alpinum
2081,Thesium,SANTALACEAE,Thesium divaricatum
2082,Thesium,SANTALACEAE,Thesium humifusum
2083,Thlaspi,BRASSICACEAE,Thlaspi arvense
2084,Thymus,LAMIACEAE,Thymus bracteatus
2085,Thymus,LAMIACEAE,Thymus caespititius
2086,Thymus,LAMIACEAE,Thymus communis
2087,Thymus,LAMIACEAE,Thymus loscosii
2088,Thymus,LAMIACEAE,Thymus mastichina
2089,Thymus,LAMIACEAE,Thymus mastigophorus
2090,Thymus,LAMIACEAE,Thymus pulegioides
2091,Thymus,LAMIACEAE,Thymus serpyllum
2092,Thymus,LAMIACEAE,Thymus vulgaris
2093,Thymus,LAMIACEAE,Thymus zygis
2094,Tilia,MALVACEAE,Tilia cordata
2095,Tilia,MALVACEAE,Tilia platyphyllos
2096,Tofieldia,TOFIELDIACEAE,Tofieldia calyculata
2097,Torilis,APIACEAE,Torilis arvensis
2098,Torilis,APIACEAE,Torilis japonica
2099,Torilis,APIACEAE,Torilis leptophylla
2100,Torilis,APIACEAE,Torilis nodosa
2101,Tragopogon,ASTERACEAE,Tragopogon crocifolius
2102,Tragopogon,ASTERACEAE,Tragopogon dubius
2103,Tragopogon,ASTERACEAE,Tragopogon porrifolius
2104,Tragopogon,ASTERACEAE,Tragopogon pratensis
2105,Trifolium,FABACEAE,Trifolium alpinum
2106,Trifolium,FABACEAE,Trifolium angustifolium
2107,Trifolium,FABACEAE,Trifolium arvense
2108,Trifolium,FABACEAE,Trifolium aureum
2109,Trifolium,FABACEAE,Trifolium campestre
2110,Trifolium,FABACEAE,Trifolium cherleri
2111,Trifolium,FABACEAE,Trifolium dubium
2112,Trifolium,FABACEAE,Trifolium fragiferum
2113,Trifolium,FABACEAE,Trifolium glomeratum
2114,Trifolium,FABACEAE,Trifolium hybridum
2115,Trifolium,FABACEAE,Trifolium incarnatum
2116,Trifolium,FABACEAE,Trifolium lappaceum
2117,Trifolium,FABACEAE,Trifolium medium
2118,Trifolium,FABACEAE,Trifolium michelianum
2119,Trifolium,FABACEAE,Trifolium nigrescens
2120,Trifolium,FABACEAE,Trifolium ochroleucon
2121,Trifolium,FABACEAE,Trifolium pratense
2122,Trifolium,FABACEAE,Trifolium repens
2123,Trifolium,FABACEAE,Trifolium resupinatum
2124,Trifolium,FABACEAE,Trifolium scabrum
2125,Trifolium,FABACEAE,Trifolium stellatum
2126,Trifolium,FABACEAE,Trifolium striatum
2127,Trifolium,FABACEAE,Trifolium subterraneum
2128,Trifolium,FABACEAE,Trifolium suffocatum
2129,Trifolium,FABACEAE,Trifolium tomentosum
2130,Triglochin,JUNCAGINACEAE,Triglochin maritima
2131,Triglochin,JUNCAGINACEAE,Triglochin palustris
2132,Trinia,APIACEAE,Trinia glauca
2133,Tuberaria,CISTACEAE,Tuberaria guttata
2134,Tuberaria,CISTACEAE,Tuberaria lignosa
2135,Tulipa,LILIACEAE,Tulipa australis
2136,Tulipa,LILIACEAE,Tulipa sylvestris
2137,Typha,TYPHACEAE,Typha angustifolia
2138,Typha,TYPHACEAE,Typha domingensis
2139,Typha,TYPHACEAE,Typha latifolia
2140,Ulex,FABACEAE,Ulex europaeus
2141,Ulex,FABACEAE,Ulex gallii
2142,Ulex,FABACEAE,Ulex minor
2143,Ulmus,ULMACEAE,Ulmus glabra
2144,Ulmus,ULMACEAE,Ulmus laevis
2145,Ulmus,ULMACEAE,Ulmus minor
2146,Urtica,URTICACEAE,Urtica dioica
2147,Urtica,URTICACEAE,Urtica membranacea
2148,Urtica,URTICACEAE,Urtica urens
2149,Vaccinium,ERICACEAE,Vaccinium myrtillus
2150,Vaccinium,ERICACEAE,Vaccinium uliginosum
2151,Vaccinium,ERICACEAE,Vaccinium vitis-idaea
2152,Valeriana,CAPRIFOLIACEAE,Valeriana dioica
2153,Valeriana,CAPRIFOLIACEAE,Valeriana montana
2154,Valeriana,CAPRIFOLIACEAE,Valeriana officinalis
2155,Valeriana,CAPRIFOLIACEAE,Valeriana pyrenaica
2156,Valeriana,CAPRIFOLIACEAE,Valeriana tripteris
2157,Verbascum,SCROPHULARIACEAE,Verbascum blattaria
2158,Verbascum,SCROPHULARIACEAE,Verbascum boerhavii
2159,Verbascum,SCROPHULARIACEAE,Verbascum chaixii
2160,Verbascum,SCROPHULARIACEAE,Verbascum lychnitis
2161,Verbascum,SCROPHULARIACEAE,Verbascum nigrum
2162,Verbascum,SCROPHULARIACEAE,Verbascum pulverulentum
2163,Verbascum,SCROPHULARIACEAE,Verbascum sinuatum
2164,Verbascum,SCROPHULARIACEAE,Verbascum thapsus
2165,Verbascum,SCROPHULARIACEAE,Verbascum virgatum
2166,Verbena,VERBENACEAE,Verbena officinalis
2167,Veronica,PLANTAGINACEAE,Veronica agrestis
2168,Veronica,PLANTAGINACEAE,Veronica alpina
2169,Veronica,PLANTAGINACEAE,Veronica anagallis-aquatica
2170,Veronica,PLANTAGINACEAE,Veronica anagalloides
2171,Veronica,PLANTAGINACEAE,Veronica arvensis
2172,Veronica,PLANTAGINACEAE,Veronica austriaca
2173,Veronica,PLANTAGINACEAE,Veronica beccabunga
2174,Veronica,PLANTAGINACEAE,Veronica chamaedrys
2175,Veronica,PLANTAGINACEAE,Veronica fruticans
2176,Veronica,PLANTAGINACEAE,Veronica hederifolia
2177,Veronica,PLANTAGINACEAE,Veronica montana
2178,Veronica,PLANTAGINACEAE,Veronica officinalis
2179,Veronica,PLANTAGINACEAE,Veronica persica
2180,Veronica,PLANTAGINACEAE,Veronica polita
2181,Veronica,PLANTAGINACEAE,Veronica praecox
2182,Veronica,PLANTAGINACEAE,Veronica scutellata
2183,Veronica,PLANTAGINACEAE,Veronica serpyllifolia
2184,Veronica,PLANTAGINACEAE,Veronica triphyllos
2185,Veronica,PLANTAGINACEAE,Veronica urticifolia
2186,Viburnum,ADOXACEAE,Viburnum lantana
2187,Viburnum,ADOXACEAE,Viburnum opulus
2188,Vicia,FABACEAE,Vicia angustifolia
2189,Vicia,FABACEAE,Vicia bithynica
2190,Vicia,FABACEAE,Vicia cracca
2191,Vicia,FABACEAE,Vicia disperma
2192,Vicia,FABACEAE,Vicia ervilia
2193,Vicia,FABACEAE,Vicia faba
2194,Vicia,FABACEAE,Vicia hirsuta
2195,Vicia,FABACEAE,Vicia hybrida
2196,Vicia,FABACEAE,Vicia lathyroides
2197,Vicia,FABACEAE,Vicia lutea
2198,Vicia,FABACEAE,Vicia monantha
2199,Vicia,FABACEAE,Vicia narbonensis
2200,Vicia,FABACEAE,Vicia onobrychioides
2201,Vicia,FABACEAE,Vicia orobus
2202,Vicia,FABACEAE,Vicia parviflora
2203,Vicia,FABACEAE,Vicia peregrina
2204,Vicia,FABACEAE,Vicia pyrenaica
2205,Vicia,FABACEAE,Vicia sativa
2206,Vicia,FABACEAE,Vicia sativa subsp. nigra
2207,Vicia,FABACEAE,Vicia sativa subsp. sativa
2208,Vicia,FABACEAE,Vicia sepium
2209,Vicia,FABACEAE,Vicia tenuifolia
2210,Vicia,FABACEAE,Vicia tetrasperma
2211,Vicia,FABACEAE,Vicia villosa
2212,Vinca,APOCYNACEAE,Vinca difformis
2213,Vinca,APOCYNACEAE,Vinca major
2214,Vinca,APOCYNACEAE,Vinca minor
2215,Viola,VIOLACEAE,Viola alba
2216,Viola,VIOLACEAE,Viola arvensis
2217,Viola,VIOLACEAE,Viola biflora
2218,Viola,VIOLACEAE,Viola bubanii
2219,Viola,VIOLACEAE,Viola canina
2220,Viola,VIOLACEAE,Viola cornuta
2221,Viola,VIOLACEAE,Viola hirta
2222,Viola,VIOLACEAE,Viola kitaibeliana
2223,Viola,VIOLACEAE,Viola lactea
2224,Viola,VIOLACEAE,Viola lutea
2225,Viola,VIOLACEAE,Viola odorata
2226,Viola,VIOLACEAE,Viola palustris
2227,Viola,VIOLACEAE,Viola pyrenaica
2228,Viola,VIOLACEAE,Viola reichenbachiana
2229,Viola,VIOLACEAE,Viola riviniana
2230,Viola,VIOLACEAE,Viola rupestris
2231,Viola,VIOLACEAE,Viola suavis
2232,Viola,VIOLACEAE,Viola tricolor
2233,Viola,VIOLACEAE,Viola willkommii
2234,Viscum,SANTALACEAE,Viscum album
2235,Vulpia,POACEAE,Vulpia bromoides
2236,Vulpia,POACEAE,Vulpia ciliata
2237,Vulpia,POACEAE,Vulpia geniculata
2238,Vulpia,POACEAE,Vulpia ligustica
2239,Vulpia,POACEAE,Vulpia membranacea
2240,Vulpia,POACEAE,Vulpia myuros
2241,Vulpia,POACEAE,Vulpia unilateralis
2242,Xanthium,ASTERACEAE,Xanthium italicum
2243,Xanthium,ASTERACEAE,Xanthium orientale
2244,Xanthium,ASTERACEAE,Xanthium spinosum
2245,Xanthium,ASTERACEAE,Xanthium strumarium
2246,Xolantha,CISTACEAE,Xolantha guttata
2247,Xolantha,CISTACEAE,Xolantha tuberaria
2248,Zannichellia,POTAMOGETONACEAE,Zannichellia palustris
2249,Zannichellia,POTAMOGETONACEAE,Zannichellia pedunculata
2250,Zannichellia,POTAMOGETONACEAE,Zannichellia peltata
