universe_index,family,taxon,iucn_problem_state,fresh_iucn_threat_reference_present,resolution,checked_at,powo_state,powo_matched_canonical,powo_scientific_name,powo_authorship,powo_taxonomic_status,powo_accepted_name,powo_accepted_id,powo_taxon_id,powo_source_sha256,powo_error,wfo_state,wfo_matched_canonical,wfo_scientific_name,wfo_authorship,wfo_taxonomic_status,wfo_accepted_name,wfo_accepted_id,wfo_taxon_id,wfo_source_sha256,wfo_error,anthos_state,anthos_matched_canonical,anthos_scientific_name,anthos_authorship,anthos_taxonomic_status,anthos_accepted_name,anthos_accepted_id,anthos_taxon_id,anthos_source_sha256,anthos_error
5,SAPINDACEAE,Acer monspessulanum x A. campestre,NO_EXACT_MATCH,False,NO_RESPONSE_ALL_THREE,2026-08-19T17:29:43.532150+00:00,EXACT_CANONICAL_NOT_FOUND,,,,,,,,6ff1e084d7e1de5bce526a9952c96fbb0f13b4f2c615b0fc30c055f88bfb5483,,EXACT_CANONICAL_NOT_FOUND,,,,,,,,ccfc7e3ca85c8b80aa96eb52d4e50e07e1811d28916b544280d8a4f1a043ba72,,EXACT_CANONICAL_NOT_FOUND,,,,,,,,e6e19630a9415359fba90888864d17313873a984ac79a3677c1d62aac943f991,
20,RANUNCULACEAE,Aconitum vulgaria subsp. neapolitanum,NO_API_TAXON,False,NO_RESPONSE_ALL_THREE,2026-08-19T17:29:43.532303+00:00,EXACT_CANONICAL_NOT_FOUND,,,,,,,,6ff1e084d7e1de5bce526a9952c96fbb0f13b4f2c615b0fc30c055f88bfb5483,,EXACT_CANONICAL_NOT_FOUND,,,,,,,,ccfc7e3ca85c8b80aa96eb52d4e50e07e1811d28916b544280d8a4f1a043ba72,,EXACT_CANONICAL_NOT_FOUND,,,,,,,,e6e19630a9415359fba90888864d17313873a984ac79a3677c1d62aac943f991,
89,AMARYLLIDACEAE,Allium oleraceum var. oleraceum,NO_EXACT_MATCH,False,NO_RESPONSE_ALL_THREE,2026-08-19T17:29:43.532741+00:00,EXACT_CANONICAL_NOT_FOUND,,,,,,,,6ff1e084d7e1de5bce526a9952c96fbb0f13b4f2c615b0fc30c055f88bfb5483,,EXACT_CANONICAL_NOT_FOUND,,,,,,,,ccfc7e3ca85c8b80aa96eb52d4e50e07e1811d28916b544280d8a4f1a043ba72,,EXACT_CANONICAL_NOT_FOUND,,,,,,,,e6e19630a9415359fba90888864d17313873a984ac79a3677c1d62aac943f991,
92,AMARYLLIDACEAE,Allium schoenoprassum,NO_API_TAXON,False,NO_RESPONSE_ALL_THREE,2026-08-19T17:29:43.532750+00:00,EXACT_CANONICAL_NOT_FOUND,,,,,,,,6ff1e084d7e1de5bce526a9952c96fbb0f13b4f2c615b0fc30c055f88bfb5483,,EXACT_CANONICAL_NOT_FOUND,,,,,,,,ccfc7e3ca85c8b80aa96eb52d4e50e07e1811d28916b544280d8a4f1a043ba72,,EXACT_CANONICAL_NOT_FOUND,,,,,,,,e6e19630a9415359fba90888864d17313873a984ac79a3677c1d62aac943f991,
100,PTERIDACEAE,Allosurus acrosticus,NO_API_TAXON,False,NO_RESPONSE_ALL_THREE,2026-08-19T17:29:43.532771+00:00,EXACT_CANONICAL_NOT_FOUND,,,,,,,,6ff1e084d7e1de5bce526a9952c96fbb0f13b4f2c615b0fc30c055f88bfb5483,,EXACT_CANONICAL_NOT_FOUND,,,,,,,,ccfc7e3ca85c8b80aa96eb52d4e50e07e1811d28916b544280d8a4f1a043ba72,,EXACT_CANONICAL_NOT_FOUND,,,,,,,,e6e19630a9415359fba90888864d17313873a984ac79a3677c1d62aac943f991,
101,PTERIDACEAE,Allosurus pteridioides,NO_API_TAXON,False,NO_RESPONSE_ALL_THREE,2026-08-19T17:29:43.532782+00:00,EXACT_CANONICAL_NOT_FOUND,,,,,,,,6ff1e084d7e1de5bce526a9952c96fbb0f13b4f2c615b0fc30c055f88bfb5483,,EXACT_CANONICAL_NOT_FOUND,,,,,,,,ccfc7e3ca85c8b80aa96eb52d4e50e07e1811d28916b544280d8a4f1a043ba72,,EXACT_CANONICAL_NOT_FOUND,,,,,,,,e6e19630a9415359fba90888864d17313873a984ac79a3677c1d62aac943f991,
126,AMARANTHACEAE,Amaranthus powelli,NO_API_TAXON,False,NO_RESPONSE_ALL_THREE,2026-08-19T17:29:43.532847+00:00,EXACT_CANONICAL_NOT_FOUND,,,,,,,,6ff1e084d7e1de5bce526a9952c96fbb0f13b4f2c615b0fc30c055f88bfb5483,,EXACT_CANONICAL_NOT_FOUND,,,,,,,,ccfc7e3ca85c8b80aa96eb52d4e50e07e1811d28916b544280d8a4f1a043ba72,,EXACT_CANONICAL_NOT_FOUND,,,,,,,,e6e19630a9415359fba90888864d17313873a984ac79a3677c1d62aac943f991,
201,CARYOPHYLLACEAE,Arenaria pomelii subsp. ciliaris,NO_API_TAXON,False,NO_RESPONSE_ALL_THREE,2026-08-19T17:29:43.533279+00:00,EXACT_CANONICAL_NOT_FOUND,,,,,,,,6ff1e084d7e1de5bce526a9952c96fbb0f13b4f2c615b0fc30c055f88bfb5483,,EXACT_CANONICAL_NOT_FOUND,,,,,,,,ccfc7e3ca85c8b80aa96eb52d4e50e07e1811d28916b544280d8a4f1a043ba72,,EXACT_CANONICAL_NOT_FOUND,,,,,,,,e6e19630a9415359fba90888864d17313873a984ac79a3677c1d62aac943f991,
240,ASPHODELACEAE,Asphodelus serotinum,NO_API_TAXON,False,NO_RESPONSE_ALL_THREE,2026-08-19T17:29:43.533503+00:00,EXACT_CANONICAL_NOT_FOUND,,,,,,,,6ff1e084d7e1de5bce526a9952c96fbb0f13b4f2c615b0fc30c055f88bfb5483,,EXACT_CANONICAL_NOT_FOUND,,,,,,,,ccfc7e3ca85c8b80aa96eb52d4e50e07e1811d28916b544280d8a4f1a043ba72,,EXACT_CANONICAL_NOT_FOUND,,,,,,,,e6e19630a9415359fba90888864d17313873a984ac79a3677c1d62aac943f991,
257,ASPLENIACEAE,Asplenium x alternifolium,UNPARSABLE_NAME,False,NO_RESPONSE_ALL_THREE,2026-08-19T17:29:43.533620+00:00,EXACT_CANONICAL_NOT_FOUND,,,,,,,,6ff1e084d7e1de5bce526a9952c96fbb0f13b4f2c615b0fc30c055f88bfb5483,,EXACT_CANONICAL_NOT_FOUND,,,,,,,,ccfc7e3ca85c8b80aa96eb52d4e50e07e1811d28916b544280d8a4f1a043ba72,,EXACT_CANONICAL_NOT_FOUND,,,,,,,,e6e19630a9415359fba90888864d17313873a984ac79a3677c1d62aac943f991,
258,ASPLENIACEAE,Asplenium x sarniense,UNPARSABLE_NAME,False,NO_RESPONSE_ALL_THREE,2026-08-19T17:29:43.533632+00:00,EXACT_CANONICAL_NOT_FOUND,,,,,,,,6ff1e084d7e1de5bce526a9952c96fbb0f13b4f2c615b0fc30c055f88bfb5483,,EXACT_CANONICAL_NOT_FOUND,,,,,,,,ccfc7e3ca85c8b80aa96eb52d4e50e07e1811d28916b544280d8a4f1a043ba72,,EXACT_CANONICAL_NOT_FOUND,,,,,,,,e6e19630a9415359fba90888864d17313873a984ac79a3677c1d62aac943f991,
259,ASPLENIACEAE,Asplenium x souchei,UNPARSABLE_NAME,False,NO_RESPONSE_ALL_THREE,2026-08-19T17:29:43.533644+00:00,EXACT_CANONICAL_NOT_FOUND,,,,,,,,6ff1e084d7e1de5bce526a9952c96fbb0f13b4f2c615b0fc30c055f88bfb5483,,EXACT_CANONICAL_NOT_FOUND,,,,,,,,ccfc7e3ca85c8b80aa96eb52d4e50e07e1811d28916b544280d8a4f1a043ba72,,EXACT_CANONICAL_NOT_FOUND,,,,,,,,e6e19630a9415359fba90888864d17313873a984ac79a3677c1d62aac943f991,
260,ASPLENIACEAE,Asplenium x staufferi,UNPARSABLE_NAME,False,NO_RESPONSE_ALL_THREE,2026-08-19T17:29:43.533659+00:00,EXACT_CANONICAL_NOT_FOUND,,,,,,,,6ff1e084d7e1de5bce526a9952c96fbb0f13b4f2c615b0fc30c055f88bfb5483,,EXACT_CANONICAL_NOT_FOUND,,,,,,,,ccfc7e3ca85c8b80aa96eb52d4e50e07e1811d28916b544280d8a4f1a043ba72,,EXACT_CANONICAL_NOT_FOUND,,,,,,,,e6e19630a9415359fba90888864d17313873a984ac79a3677c1d62aac943f991,
261,ASPLENIACEAE,Asplenium x ticinense,UNPARSABLE_NAME,False,NO_RESPONSE_ALL_THREE,2026-08-19T17:29:43.533670+00:00,EXACT_CANONICAL_NOT_FOUND,,,,,,,,6ff1e084d7e1de5bce526a9952c96fbb0f13b4f2c615b0fc30c055f88bfb5483,,EXACT_CANONICAL_NOT_FOUND,,,,,,,,ccfc7e3ca85c8b80aa96eb52d4e50e07e1811d28916b544280d8a4f1a043ba72,,EXACT_CANONICAL_NOT_FOUND,,,,,,,,e6e19630a9415359fba90888864d17313873a984ac79a3677c1d62aac943f991,
296,SOLANACEAE,Atropa belladona,NO_API_TAXON,False,NO_RESPONSE_ALL_THREE,2026-08-19T17:29:43.533849+00:00,EXACT_CANONICAL_NOT_FOUND,,,,,,,,6ff1e084d7e1de5bce526a9952c96fbb0f13b4f2c615b0fc30c055f88bfb5483,,EXACT_CANONICAL_NOT_FOUND,,,,,,,,ccfc7e3ca85c8b80aa96eb52d4e50e07e1811d28916b544280d8a4f1a043ba72,,EXACT_CANONICAL_NOT_FOUND,,,,,,,,e6e19630a9415359fba90888864d17313873a984ac79a3677c1d62aac943f991,
326,BETULACEAE,Betula alba var. alba,NO_API_TAXON,False,NO_RESPONSE_ALL_THREE,2026-08-19T17:29:43.534011+00:00,EXACT_CANONICAL_NOT_FOUND,,,,,,,,6ff1e084d7e1de5bce526a9952c96fbb0f13b4f2c615b0fc30c055f88bfb5483,,EXACT_CANONICAL_NOT_FOUND,,,,,,,,ccfc7e3ca85c8b80aa96eb52d4e50e07e1811d28916b544280d8a4f1a043ba72,,EXACT_CANONICAL_NOT_FOUND,,,,,,,,e6e19630a9415359fba90888864d17313873a984ac79a3677c1d62aac943f991,
333,ASTERACEAE,Bidens cernuus,NO_API_TAXON,False,NO_RESPONSE_ALL_THREE,2026-08-19T17:29:43.534052+00:00,EXACT_CANONICAL_NOT_FOUND,,,,,,,,6ff1e084d7e1de5bce526a9952c96fbb0f13b4f2c615b0fc30c055f88bfb5483,,EXACT_CANONICAL_NOT_FOUND,,,,,,,,ccfc7e3ca85c8b80aa96eb52d4e50e07e1811d28916b544280d8a4f1a043ba72,,EXACT_CANONICAL_NOT_FOUND,,,,,,,,e6e19630a9415359fba90888864d17313873a984ac79a3677c1d62aac943f991,
353,OROBANCHACEAE,Bouardia latisquama,NO_API_TAXON,False,NO_RESPONSE_ALL_THREE,2026-08-19T17:29:43.534129+00:00,EXACT_CANONICAL_NOT_FOUND,,,,,,,,6ff1e084d7e1de5bce526a9952c96fbb0f13b4f2c615b0fc30c055f88bfb5483,,EXACT_CANONICAL_NOT_FOUND,,,,,,,,ccfc7e3ca85c8b80aa96eb52d4e50e07e1811d28916b544280d8a4f1a043ba72,,EXACT_CANONICAL_NOT_FOUND,,,,,,,,e6e19630a9415359fba90888864d17313873a984ac79a3677c1d62aac943f991,
401,POACEAE,Calamagrostis epigeros,NO_API_TAXON,False,NO_RESPONSE_ALL_THREE,2026-08-19T17:29:43.534303+00:00,EXACT_CANONICAL_NOT_FOUND,,,,,,,,6ff1e084d7e1de5bce526a9952c96fbb0f13b4f2c615b0fc30c055f88bfb5483,,EXACT_CANONICAL_NOT_FOUND,,,,,,,,ccfc7e3ca85c8b80aa96eb52d4e50e07e1811d28916b544280d8a4f1a043ba72,,EXACT_CANONICAL_NOT_FOUND,,,,,,,,e6e19630a9415359fba90888864d17313873a984ac79a3677c1d62aac943f991,
470,CYPERACEAE,Carex hallerana,NO_API_TAXON,False,NO_RESPONSE_ALL_THREE,2026-08-19T17:29:43.534668+00:00,EXACT_CANONICAL_NOT_FOUND,,,,,,,,6ff1e084d7e1de5bce526a9952c96fbb0f13b4f2c615b0fc30c055f88bfb5483,,EXACT_CANONICAL_NOT_FOUND,,,,,,,,ccfc7e3ca85c8b80aa96eb52d4e50e07e1811d28916b544280d8a4f1a043ba72,,EXACT_CANONICAL_NOT_FOUND,,,,,,,,e6e19630a9415359fba90888864d17313873a984ac79a3677c1d62aac943f991,
514,ASTERACEAE,Centaurea bofiliana,NO_API_TAXON,False,NO_RESPONSE_ALL_THREE,2026-08-19T17:29:43.534954+00:00,EXACT_CANONICAL_NOT_FOUND,,,,,,,,6ff1e084d7e1de5bce526a9952c96fbb0f13b4f2c615b0fc30c055f88bfb5483,,EXACT_CANONICAL_NOT_FOUND,,,,,,,,ccfc7e3ca85c8b80aa96eb52d4e50e07e1811d28916b544280d8a4f1a043ba72,,EXACT_CANONICAL_NOT_FOUND,,,,,,,,e6e19630a9415359fba90888864d17313873a984ac79a3677c1d62aac943f991,
534,ASTERACEAE,Centaurea x zubiae,UNPARSABLE_NAME,False,NO_RESPONSE_ALL_THREE,2026-08-19T17:29:43.535104+00:00,EXACT_CANONICAL_NOT_FOUND,,,,,,,,6ff1e084d7e1de5bce526a9952c96fbb0f13b4f2c615b0fc30c055f88bfb5483,,EXACT_CANONICAL_NOT_FOUND,,,,,,,,ccfc7e3ca85c8b80aa96eb52d4e50e07e1811d28916b544280d8a4f1a043ba72,,EXACT_CANONICAL_NOT_FOUND,,,,,,,,e6e19630a9415359fba90888864d17313873a984ac79a3677c1d62aac943f991,
541,CAPRIFOLIACEAE,Centranthus calcitrape,NO_API_TAXON,False,NO_RESPONSE_ALL_THREE,2026-08-19T17:29:43.535146+00:00,EXACT_CANONICAL_NOT_FOUND,,,,,,,,6ff1e084d7e1de5bce526a9952c96fbb0f13b4f2c615b0fc30c055f88bfb5483,,EXACT_CANONICAL_NOT_FOUND,,,,,,,,ccfc7e3ca85c8b80aa96eb52d4e50e07e1811d28916b544280d8a4f1a043ba72,,EXACT_CANONICAL_NOT_FOUND,,,,,,,,e6e19630a9415359fba90888864d17313873a984ac79a3677c1d62aac943f991,
579,ASTERACEAE,Chamaemelaum nobile,NO_API_TAXON,False,NO_RESPONSE_ALL_THREE,2026-08-19T17:29:43.535349+00:00,EXACT_CANONICAL_NOT_FOUND,,,,,,,,6ff1e084d7e1de5bce526a9952c96fbb0f13b4f2c615b0fc30c055f88bfb5483,,EXACT_CANONICAL_NOT_FOUND,,,,,,,,ccfc7e3ca85c8b80aa96eb52d4e50e07e1811d28916b544280d8a4f1a043ba72,,EXACT_CANONICAL_NOT_FOUND,,,,,,,,e6e19630a9415359fba90888864d17313873a984ac79a3677c1d62aac943f991,
630,CISTACEAE,Cistus salvifolius,NO_API_TAXON,False,NO_RESPONSE_ALL_THREE,2026-08-19T17:29:43.535688+00:00,EXACT_CANONICAL_NOT_FOUND,,,,,,,,6ff1e084d7e1de5bce526a9952c96fbb0f13b4f2c615b0fc30c055f88bfb5483,,EXACT_CANONICAL_NOT_FOUND,,,,,,,,ccfc7e3ca85c8b80aa96eb52d4e50e07e1811d28916b544280d8a4f1a043ba72,,EXACT_CANONICAL_NOT_FOUND,,,,,,,,e6e19630a9415359fba90888864d17313873a984ac79a3677c1d62aac943f991,
809,DRYOPTERIDACEAE,Dryopteris affinis var. borreri,NO_EXACT_MATCH,False,NO_RESPONSE_ALL_THREE,2026-08-19T17:29:43.536783+00:00,EXACT_CANONICAL_NOT_FOUND,,,,,,,,6ff1e084d7e1de5bce526a9952c96fbb0f13b4f2c615b0fc30c055f88bfb5483,,EXACT_CANONICAL_NOT_FOUND,,,,,,,,ccfc7e3ca85c8b80aa96eb52d4e50e07e1811d28916b544280d8a4f1a043ba72,,EXACT_CANONICAL_NOT_FOUND,,,,,,,,e6e19630a9415359fba90888864d17313873a984ac79a3677c1d62aac943f991,
820,DRYOPTERIDACEAE,Dryopteris x ambroseae,UNPARSABLE_NAME,False,NO_RESPONSE_ALL_THREE,2026-08-19T17:29:43.536812+00:00,EXACT_CANONICAL_NOT_FOUND,,,,,,,,6ff1e084d7e1de5bce526a9952c96fbb0f13b4f2c615b0fc30c055f88bfb5483,,EXACT_CANONICAL_NOT_FOUND,,,,,,,,ccfc7e3ca85c8b80aa96eb52d4e50e07e1811d28916b544280d8a4f1a043ba72,,EXACT_CANONICAL_NOT_FOUND,,,,,,,,e6e19630a9415359fba90888864d17313873a984ac79a3677c1d62aac943f991,
821,DRYOPTERIDACEAE,Dryopteris x mantoniae,UNPARSABLE_NAME,False,NO_RESPONSE_ALL_THREE,2026-08-19T17:29:43.536822+00:00,EXACT_CANONICAL_NOT_FOUND,,,,,,,,6ff1e084d7e1de5bce526a9952c96fbb0f13b4f2c615b0fc30c055f88bfb5483,,EXACT_CANONICAL_NOT_FOUND,,,,,,,,ccfc7e3ca85c8b80aa96eb52d4e50e07e1811d28916b544280d8a4f1a043ba72,,EXACT_CANONICAL_NOT_FOUND,,,,,,,,e6e19630a9415359fba90888864d17313873a984ac79a3677c1d62aac943f991,
834,CYPERACEAE,Eleocharis palustris subsp. walterssii,NO_EXACT_MATCH,False,NO_RESPONSE_ALL_THREE,2026-08-19T17:29:43.536865+00:00,EXACT_CANONICAL_NOT_FOUND,,,,,,,,6ff1e084d7e1de5bce526a9952c96fbb0f13b4f2c615b0fc30c055f88bfb5483,,EXACT_CANONICAL_NOT_FOUND,,,,,,,,ccfc7e3ca85c8b80aa96eb52d4e50e07e1811d28916b544280d8a4f1a043ba72,,EXACT_CANONICAL_NOT_FOUND,,,,,,,,e6e19630a9415359fba90888864d17313873a984ac79a3677c1d62aac943f991,
871,ORCHIDACEAE,Epipactis phyllantes,NO_API_TAXON,False,NO_RESPONSE_ALL_THREE,2026-08-19T17:29:43.537038+00:00,EXACT_CANONICAL_NOT_FOUND,,,,,,,,6ff1e084d7e1de5bce526a9952c96fbb0f13b4f2c615b0fc30c055f88bfb5483,,EXACT_CANONICAL_NOT_FOUND,,,,,,,,ccfc7e3ca85c8b80aa96eb52d4e50e07e1811d28916b544280d8a4f1a043ba72,,EXACT_CANONICAL_NOT_FOUND,,,,,,,,e6e19630a9415359fba90888864d17313873a984ac79a3677c1d62aac943f991,
881,EQUISETACEAE,Equisetum x litorale,UNPARSABLE_NAME,False,NO_RESPONSE_ALL_THREE,2026-08-19T17:29:43.537056+00:00,EXACT_CANONICAL_NOT_FOUND,,,,,,,,6ff1e084d7e1de5bce526a9952c96fbb0f13b4f2c615b0fc30c055f88bfb5483,,EXACT_CANONICAL_NOT_FOUND,,,,,,,,ccfc7e3ca85c8b80aa96eb52d4e50e07e1811d28916b544280d8a4f1a043ba72,,EXACT_CANONICAL_NOT_FOUND,,,,,,,,e6e19630a9415359fba90888864d17313873a984ac79a3677c1d62aac943f991,
882,EQUISETACEAE,Equisetum x moorei,UNPARSABLE_NAME,False,NO_RESPONSE_ALL_THREE,2026-08-19T17:29:43.537065+00:00,EXACT_CANONICAL_NOT_FOUND,,,,,,,,6ff1e084d7e1de5bce526a9952c96fbb0f13b4f2c615b0fc30c055f88bfb5483,,EXACT_CANONICAL_NOT_FOUND,,,,,,,,ccfc7e3ca85c8b80aa96eb52d4e50e07e1811d28916b544280d8a4f1a043ba72,,EXACT_CANONICAL_NOT_FOUND,,,,,,,,e6e19630a9415359fba90888864d17313873a984ac79a3677c1d62aac943f991,
934,EUPHORBIACEAE,Euphorbia helioscopin subsp. helioscopioides,NO_API_TAXON,False,NO_RESPONSE_ALL_THREE,2026-08-19T17:29:43.537364+00:00,EXACT_CANONICAL_NOT_FOUND,,,,,,,,6ff1e084d7e1de5bce526a9952c96fbb0f13b4f2c615b0fc30c055f88bfb5483,,EXACT_CANONICAL_NOT_FOUND,,,,,,,,ccfc7e3ca85c8b80aa96eb52d4e50e07e1811d28916b544280d8a4f1a043ba72,,EXACT_CANONICAL_NOT_FOUND,,,,,,,,e6e19630a9415359fba90888864d17313873a984ac79a3677c1d62aac943f991,
948,OROBANCHACEAE,Euphrasia officinalis subsp. rostkovina,NO_EXACT_MATCH,False,NO_RESPONSE_ALL_THREE,2026-08-19T17:29:43.537489+00:00,EXACT_CANONICAL_NOT_FOUND,,,,,,,,6ff1e084d7e1de5bce526a9952c96fbb0f13b4f2c615b0fc30c055f88bfb5483,,EXACT_CANONICAL_NOT_FOUND,,,,,,,,ccfc7e3ca85c8b80aa96eb52d4e50e07e1811d28916b544280d8a4f1a043ba72,,EXACT_CANONICAL_NOT_FOUND,,,,,,,,e6e19630a9415359fba90888864d17313873a984ac79a3677c1d62aac943f991,
963,POACEAE,Festuca carpetana,NO_API_TAXON,False,NO_RESPONSE_ALL_THREE,2026-08-19T17:29:43.537565+00:00,EXACT_CANONICAL_NOT_FOUND,,,,,,,,6ff1e084d7e1de5bce526a9952c96fbb0f13b4f2c615b0fc30c055f88bfb5483,,EXACT_CANONICAL_NOT_FOUND,,,,,,,,ccfc7e3ca85c8b80aa96eb52d4e50e07e1811d28916b544280d8a4f1a043ba72,,EXACT_CANONICAL_NOT_FOUND,,,,,,,,e6e19630a9415359fba90888864d17313873a984ac79a3677c1d62aac943f991,
981,POACEAE,Festuca sp.,UNPARSABLE_NAME,False,NO_RESPONSE_ALL_THREE,2026-08-19T17:29:43.537710+00:00,EXACT_CANONICAL_NOT_FOUND,,,,,,,,6ff1e084d7e1de5bce526a9952c96fbb0f13b4f2c615b0fc30c055f88bfb5483,,EXACT_CANONICAL_NOT_FOUND,,,,,,,,ccfc7e3ca85c8b80aa96eb52d4e50e07e1811d28916b544280d8a4f1a043ba72,,EXACT_CANONICAL_NOT_FOUND,,,,,,,,e6e19630a9415359fba90888864d17313873a984ac79a3677c1d62aac943f991,
999,LILIACEAE,Fritillaria nervosa subsp. nervosa,NO_API_TAXON,False,NO_RESPONSE_ALL_THREE,2026-08-19T17:29:43.537760+00:00,EXACT_CANONICAL_NOT_FOUND,,,,,,,,6ff1e084d7e1de5bce526a9952c96fbb0f13b4f2c615b0fc30c055f88bfb5483,,EXACT_CANONICAL_NOT_FOUND,,,,,,,,ccfc7e3ca85c8b80aa96eb52d4e50e07e1811d28916b544280d8a4f1a043ba72,,EXACT_CANONICAL_NOT_FOUND,,,,,,,,e6e19630a9415359fba90888864d17313873a984ac79a3677c1d62aac943f991,
1121,ASTERACEAE,Gnaphalium luteo-album,NO_API_TAXON,False,NO_RESPONSE_ALL_THREE,2026-08-19T17:29:43.538311+00:00,EXACT_CANONICAL_NOT_FOUND,,,,,,,,6ff1e084d7e1de5bce526a9952c96fbb0f13b4f2c615b0fc30c055f88bfb5483,,EXACT_CANONICAL_NOT_FOUND,,,,,,,,ccfc7e3ca85c8b80aa96eb52d4e50e07e1811d28916b544280d8a4f1a043ba72,,EXACT_CANONICAL_NOT_FOUND,,,,,,,,e6e19630a9415359fba90888864d17313873a984ac79a3677c1d62aac943f991,
1166,CARYOPHYLLACEAE,Herniaria fruticosa var. fruticosa,NO_API_TAXON,False,NO_RESPONSE_ALL_THREE,2026-08-19T17:29:43.538707+00:00,EXACT_CANONICAL_NOT_FOUND,,,,,,,,6ff1e084d7e1de5bce526a9952c96fbb0f13b4f2c615b0fc30c055f88bfb5483,,EXACT_CANONICAL_NOT_FOUND,,,,,,,,ccfc7e3ca85c8b80aa96eb52d4e50e07e1811d28916b544280d8a4f1a043ba72,,EXACT_CANONICAL_NOT_FOUND,,,,,,,,e6e19630a9415359fba90888864d17313873a984ac79a3677c1d62aac943f991,
1168,CARYOPHYLLACEAE,Herniaria glabra var. glabra,NO_EXACT_MATCH,False,NO_RESPONSE_ALL_THREE,2026-08-19T17:29:43.538721+00:00,EXACT_CANONICAL_NOT_FOUND,,,,,,,,6ff1e084d7e1de5bce526a9952c96fbb0f13b4f2c615b0fc30c055f88bfb5483,,EXACT_CANONICAL_NOT_FOUND,,,,,,,,ccfc7e3ca85c8b80aa96eb52d4e50e07e1811d28916b544280d8a4f1a043ba72,,EXACT_CANONICAL_NOT_FOUND,,,,,,,,e6e19630a9415359fba90888864d17313873a984ac79a3677c1d62aac943f991,
1173,CARYOPHYLLACEAE,Herniaria scabrida var. scabrida,NO_API_TAXON,False,NO_RESPONSE_ALL_THREE,2026-08-19T17:29:43.538764+00:00,EXACT_CANONICAL_NOT_FOUND,,,,,,,,6ff1e084d7e1de5bce526a9952c96fbb0f13b4f2c615b0fc30c055f88bfb5483,,EXACT_CANONICAL_NOT_FOUND,,,,,,,,ccfc7e3ca85c8b80aa96eb52d4e50e07e1811d28916b544280d8a4f1a043ba72,,EXACT_CANONICAL_NOT_FOUND,,,,,,,,e6e19630a9415359fba90888864d17313873a984ac79a3677c1d62aac943f991,
1203,ASTERACEAE,Hieracium pulmorioides,NO_API_TAXON,False,NO_RESPONSE_ALL_THREE,2026-08-19T17:29:43.539140+00:00,EXACT_CANONICAL_NOT_FOUND,,,,,,,,6ff1e084d7e1de5bce526a9952c96fbb0f13b4f2c615b0fc30c055f88bfb5483,,EXACT_CANONICAL_NOT_FOUND,,,,,,,,ccfc7e3ca85c8b80aa96eb52d4e50e07e1811d28916b544280d8a4f1a043ba72,,EXACT_CANONICAL_NOT_FOUND,,,,,,,,e6e19630a9415359fba90888864d17313873a984ac79a3677c1d62aac943f991,
1248,SOLANACEAE,Hyosciamus albus,NO_API_TAXON,False,NO_RESPONSE_ALL_THREE,2026-08-19T17:29:43.539520+00:00,EXACT_CANONICAL_NOT_FOUND,,,,,,,,6ff1e084d7e1de5bce526a9952c96fbb0f13b4f2c615b0fc30c055f88bfb5483,,EXACT_CANONICAL_NOT_FOUND,,,,,,,,ccfc7e3ca85c8b80aa96eb52d4e50e07e1811d28916b544280d8a4f1a043ba72,,EXACT_CANONICAL_NOT_FOUND,,,,,,,,e6e19630a9415359fba90888864d17313873a984ac79a3677c1d62aac943f991,
1271,ASTERACEAE,Hypochoeris glabra,NO_API_TAXON,False,NO_RESPONSE_ALL_THREE,2026-08-19T17:29:43.539663+00:00,EXACT_CANONICAL_NOT_FOUND,,,,,,,,6ff1e084d7e1de5bce526a9952c96fbb0f13b4f2c615b0fc30c055f88bfb5483,,EXACT_CANONICAL_NOT_FOUND,,,,,,,,ccfc7e3ca85c8b80aa96eb52d4e50e07e1811d28916b544280d8a4f1a043ba72,,EXACT_CANONICAL_NOT_FOUND,,,,,,,,e6e19630a9415359fba90888864d17313873a984ac79a3677c1d62aac943f991,
1272,ASTERACEAE,Hypochoeris radicata,NO_API_TAXON,False,NO_RESPONSE_ALL_THREE,2026-08-19T17:29:43.539677+00:00,EXACT_CANONICAL_NOT_FOUND,,,,,,,,6ff1e084d7e1de5bce526a9952c96fbb0f13b4f2c615b0fc30c055f88bfb5483,,EXACT_CANONICAL_NOT_FOUND,,,,,,,,ccfc7e3ca85c8b80aa96eb52d4e50e07e1811d28916b544280d8a4f1a043ba72,,EXACT_CANONICAL_NOT_FOUND,,,,,,,,e6e19630a9415359fba90888864d17313873a984ac79a3677c1d62aac943f991,
1305,CAMPANULACEAE,Jasione sessilifolia,NO_API_TAXON,False,NO_RESPONSE_ALL_THREE,2026-08-19T17:29:43.540068+00:00,EXACT_CANONICAL_NOT_FOUND,,,,,,,,6ff1e084d7e1de5bce526a9952c96fbb0f13b4f2c615b0fc30c055f88bfb5483,,EXACT_CANONICAL_NOT_FOUND,,,,,,,,ccfc7e3ca85c8b80aa96eb52d4e50e07e1811d28916b544280d8a4f1a043ba72,,EXACT_CANONICAL_NOT_FOUND,,,,,,,,e6e19630a9415359fba90888864d17313873a984ac79a3677c1d62aac943f991,
1325,JUNCACEAE,Juncus gerardii,NO_API_TAXON,False,NO_RESPONSE_ALL_THREE,2026-08-19T17:29:43.540179+00:00,EXACT_CANONICAL_NOT_FOUND,,,,,,,,6ff1e084d7e1de5bce526a9952c96fbb0f13b4f2c615b0fc30c055f88bfb5483,,EXACT_CANONICAL_NOT_FOUND,,,,,,,,ccfc7e3ca85c8b80aa96eb52d4e50e07e1811d28916b544280d8a4f1a043ba72,,EXACT_CANONICAL_NOT_FOUND,,,,,,,,e6e19630a9415359fba90888864d17313873a984ac79a3677c1d62aac943f991,
1328,JUNCACEAE,Juncus inflexus var. inflexus,NO_EXACT_MATCH,False,NO_RESPONSE_ALL_THREE,2026-08-19T17:29:43.540193+00:00,EXACT_CANONICAL_NOT_FOUND,,,,,,,,6ff1e084d7e1de5bce526a9952c96fbb0f13b4f2c615b0fc30c055f88bfb5483,,EXACT_CANONICAL_NOT_FOUND,,,,,,,,ccfc7e3ca85c8b80aa96eb52d4e50e07e1811d28916b544280d8a4f1a043ba72,,EXACT_CANONICAL_NOT_FOUND,,,,,,,,e6e19630a9415359fba90888864d17313873a984ac79a3677c1d62aac943f991,
1345,PLANTAGINACEAE,Kicksia elatine,NO_API_TAXON,False,NO_RESPONSE_ALL_THREE,2026-08-19T17:29:43.540284+00:00,EXACT_CANONICAL_NOT_FOUND,,,,,,,,6ff1e084d7e1de5bce526a9952c96fbb0f13b4f2c615b0fc30c055f88bfb5483,,EXACT_CANONICAL_NOT_FOUND,,,,,,,,ccfc7e3ca85c8b80aa96eb52d4e50e07e1811d28916b544280d8a4f1a043ba72,,EXACT_CANONICAL_NOT_FOUND,,,,,,,,e6e19630a9415359fba90888864d17313873a984ac79a3677c1d62aac943f991,
1382,PINACEAE,Larix x eurolepis,UNPARSABLE_NAME,False,NO_RESPONSE_ALL_THREE,2026-08-19T17:29:43.540532+00:00,EXACT_CANONICAL_NOT_FOUND,,,,,,,,6ff1e084d7e1de5bce526a9952c96fbb0f13b4f2c615b0fc30c055f88bfb5483,,EXACT_CANONICAL_NOT_FOUND,,,,,,,,ccfc7e3ca85c8b80aa96eb52d4e50e07e1811d28916b544280d8a4f1a043ba72,,EXACT_CANONICAL_NOT_FOUND,,,,,,,,e6e19630a9415359fba90888864d17313873a984ac79a3677c1d62aac943f991,
1418,ASTERACEAE,Leontodon carolipaui,NO_API_TAXON,False,NO_RESPONSE_ALL_THREE,2026-08-19T17:29:43.540743+00:00,EXACT_CANONICAL_NOT_FOUND,,,,,,,,6ff1e084d7e1de5bce526a9952c96fbb0f13b4f2c615b0fc30c055f88bfb5483,,EXACT_CANONICAL_NOT_FOUND,,,,,,,,ccfc7e3ca85c8b80aa96eb52d4e50e07e1811d28916b544280d8a4f1a043ba72,,EXACT_CANONICAL_NOT_FOUND,,,,,,,,e6e19630a9415359fba90888864d17313873a984ac79a3677c1d62aac943f991,
1438,ASTERACEAE,Leucanthemum vulgare subsp. pujulae,NO_EXACT_MATCH,False,NO_RESPONSE_ALL_THREE,2026-08-19T17:29:43.540857+00:00,EXACT_CANONICAL_NOT_FOUND,,,,,,,,6ff1e084d7e1de5bce526a9952c96fbb0f13b4f2c615b0fc30c055f88bfb5483,,EXACT_CANONICAL_NOT_FOUND,,,,,,,,ccfc7e3ca85c8b80aa96eb52d4e50e07e1811d28916b544280d8a4f1a043ba72,,EXACT_CANONICAL_NOT_FOUND,,,,,,,,e6e19630a9415359fba90888864d17313873a984ac79a3677c1d62aac943f991,
1465,PLUMBAGINACEAE,Linomium paui,NO_API_TAXON,False,NO_RESPONSE_ALL_THREE,2026-08-19T17:29:43.541075+00:00,EXACT_CANONICAL_NOT_FOUND,,,,,,,,6ff1e084d7e1de5bce526a9952c96fbb0f13b4f2c615b0fc30c055f88bfb5483,,EXACT_CANONICAL_NOT_FOUND,,,,,,,,ccfc7e3ca85c8b80aa96eb52d4e50e07e1811d28916b544280d8a4f1a043ba72,,EXACT_CANONICAL_NOT_FOUND,,,,,,,,e6e19630a9415359fba90888864d17313873a984ac79a3677c1d62aac943f991,
1474,LINACEAE,Linum suffruticosum subsp. diferens,NO_API_TAXON,False,NO_RESPONSE_ALL_THREE,2026-08-19T17:29:43.541126+00:00,EXACT_CANONICAL_NOT_FOUND,,,,,,,,6ff1e084d7e1de5bce526a9952c96fbb0f13b4f2c615b0fc30c055f88bfb5483,,EXACT_CANONICAL_NOT_FOUND,,,,,,,,ccfc7e3ca85c8b80aa96eb52d4e50e07e1811d28916b544280d8a4f1a043ba72,,EXACT_CANONICAL_NOT_FOUND,,,,,,,,e6e19630a9415359fba90888864d17313873a984ac79a3677c1d62aac943f991,
1533,PRIMULACEAE,Lysimachia nemorun,NO_API_TAXON,False,NO_RESPONSE_ALL_THREE,2026-08-19T17:29:43.541470+00:00,EXACT_CANONICAL_NOT_FOUND,,,,,,,,6ff1e084d7e1de5bce526a9952c96fbb0f13b4f2c615b0fc30c055f88bfb5483,,EXACT_CANONICAL_NOT_FOUND,,,,,,,,ccfc7e3ca85c8b80aa96eb52d4e50e07e1811d28916b544280d8a4f1a043ba72,,EXACT_CANONICAL_NOT_FOUND,,,,,,,,e6e19630a9415359fba90888864d17313873a984ac79a3677c1d62aac943f991,
1540,SCROPHULARIACEAE,Macrosyrhingion longiflorum,NO_API_TAXON,False,NO_RESPONSE_ALL_THREE,2026-08-19T17:29:43.541485+00:00,EXACT_CANONICAL_NOT_FOUND,,,,,,,,6ff1e084d7e1de5bce526a9952c96fbb0f13b4f2c615b0fc30c055f88bfb5483,,EXACT_CANONICAL_NOT_FOUND,,,,,,,,ccfc7e3ca85c8b80aa96eb52d4e50e07e1811d28916b544280d8a4f1a043ba72,,EXACT_CANONICAL_NOT_FOUND,,,,,,,,e6e19630a9415359fba90888864d17313873a984ac79a3677c1d62aac943f991,
1598,LAMIACEAE,Mentha x dumetorum,UNPARSABLE_NAME,False,NO_RESPONSE_ALL_THREE,2026-08-19T17:29:43.541666+00:00,EXACT_CANONICAL_NOT_FOUND,,,,,,,,6ff1e084d7e1de5bce526a9952c96fbb0f13b4f2c615b0fc30c055f88bfb5483,,EXACT_CANONICAL_NOT_FOUND,,,,,,,,ccfc7e3ca85c8b80aa96eb52d4e50e07e1811d28916b544280d8a4f1a043ba72,,EXACT_CANONICAL_NOT_FOUND,,,,,,,,e6e19630a9415359fba90888864d17313873a984ac79a3677c1d62aac943f991,
1647,BORAGINACEAE,Myosotis laxa subsp. caespitosa,NO_EXACT_MATCH,False,NO_RESPONSE_ALL_THREE,2026-08-19T17:29:43.541884+00:00,EXACT_CANONICAL_NOT_FOUND,,,,,,,,6ff1e084d7e1de5bce526a9952c96fbb0f13b4f2c615b0fc30c055f88bfb5483,,EXACT_CANONICAL_NOT_FOUND,,,,,,,,ccfc7e3ca85c8b80aa96eb52d4e50e07e1811d28916b544280d8a4f1a043ba72,,EXACT_CANONICAL_NOT_FOUND,,,,,,,,e6e19630a9415359fba90888864d17313873a984ac79a3677c1d62aac943f991,
1674,POACEAE,Neoschischkinia truncatula subsp. duriaei,NO_API_TAXON,False,NO_RESPONSE_ALL_THREE,2026-08-19T17:29:43.542004+00:00,EXACT_CANONICAL_NOT_FOUND,,,,,,,,6ff1e084d7e1de5bce526a9952c96fbb0f13b4f2c615b0fc30c055f88bfb5483,,EXACT_CANONICAL_NOT_FOUND,,,,,,,,ccfc7e3ca85c8b80aa96eb52d4e50e07e1811d28916b544280d8a4f1a043ba72,,EXACT_CANONICAL_NOT_FOUND,,,,,,,,e6e19630a9415359fba90888864d17313873a984ac79a3677c1d62aac943f991,
1693,OROBANCHACEAE,Odontites longiflora,NO_API_TAXON,False,NO_RESPONSE_ALL_THREE,2026-08-19T17:29:43.542134+00:00,EXACT_CANONICAL_NOT_FOUND,,,,,,,,6ff1e084d7e1de5bce526a9952c96fbb0f13b4f2c615b0fc30c055f88bfb5483,,EXACT_CANONICAL_NOT_FOUND,,,,,,,,ccfc7e3ca85c8b80aa96eb52d4e50e07e1811d28916b544280d8a4f1a043ba72,,EXACT_CANONICAL_NOT_FOUND,,,,,,,,e6e19630a9415359fba90888864d17313873a984ac79a3677c1d62aac943f991,
1696,OROBANCHACEAE,Odontites verna,NO_API_TAXON,False,NO_RESPONSE_ALL_THREE,2026-08-19T17:29:43.542152+00:00,EXACT_CANONICAL_NOT_FOUND,,,,,,,,6ff1e084d7e1de5bce526a9952c96fbb0f13b4f2c615b0fc30c055f88bfb5483,,EXACT_CANONICAL_NOT_FOUND,,,,,,,,ccfc7e3ca85c8b80aa96eb52d4e50e07e1811d28916b544280d8a4f1a043ba72,,EXACT_CANONICAL_NOT_FOUND,,,,,,,,e6e19630a9415359fba90888864d17313873a984ac79a3677c1d62aac943f991,
1697,OROBANCHACEAE,Odontites verna subsp. serotina,NO_API_TAXON,False,NO_RESPONSE_ALL_THREE,2026-08-19T17:29:43.542162+00:00,EXACT_CANONICAL_NOT_FOUND,,,,,,,,6ff1e084d7e1de5bce526a9952c96fbb0f13b4f2c615b0fc30c055f88bfb5483,,EXACT_CANONICAL_NOT_FOUND,,,,,,,,ccfc7e3ca85c8b80aa96eb52d4e50e07e1811d28916b544280d8a4f1a043ba72,,EXACT_CANONICAL_NOT_FOUND,,,,,,,,e6e19630a9415359fba90888864d17313873a984ac79a3677c1d62aac943f991,
1698,OROBANCHACEAE,Odontites verna subsp. verna,NO_API_TAXON,False,NO_RESPONSE_ALL_THREE,2026-08-19T17:29:43.542172+00:00,EXACT_CANONICAL_NOT_FOUND,,,,,,,,6ff1e084d7e1de5bce526a9952c96fbb0f13b4f2c615b0fc30c055f88bfb5483,,EXACT_CANONICAL_NOT_FOUND,,,,,,,,ccfc7e3ca85c8b80aa96eb52d4e50e07e1811d28916b544280d8a4f1a043ba72,,EXACT_CANONICAL_NOT_FOUND,,,,,,,,e6e19630a9415359fba90888864d17313873a984ac79a3677c1d62aac943f991,
1700,OROBANCHACEAE,Odontites viscosa,NO_API_TAXON,False,NO_RESPONSE_ALL_THREE,2026-08-19T17:29:43.542190+00:00,EXACT_CANONICAL_NOT_FOUND,,,,,,,,6ff1e084d7e1de5bce526a9952c96fbb0f13b4f2c615b0fc30c055f88bfb5483,,EXACT_CANONICAL_NOT_FOUND,,,,,,,,ccfc7e3ca85c8b80aa96eb52d4e50e07e1811d28916b544280d8a4f1a043ba72,,EXACT_CANONICAL_NOT_FOUND,,,,,,,,e6e19630a9415359fba90888864d17313873a984ac79a3677c1d62aac943f991,
1732,ASTERACEAE,Onopordon acanthium,NO_API_TAXON,False,NO_RESPONSE_ALL_THREE,2026-08-19T17:29:43.542345+00:00,EXACT_CANONICAL_NOT_FOUND,,,,,,,,6ff1e084d7e1de5bce526a9952c96fbb0f13b4f2c615b0fc30c055f88bfb5483,,EXACT_CANONICAL_NOT_FOUND,,,,,,,,ccfc7e3ca85c8b80aa96eb52d4e50e07e1811d28916b544280d8a4f1a043ba72,,EXACT_CANONICAL_NOT_FOUND,,,,,,,,e6e19630a9415359fba90888864d17313873a984ac79a3677c1d62aac943f991,
1733,ASTERACEAE,Onopordon corymbosum,NO_API_TAXON,False,NO_RESPONSE_ALL_THREE,2026-08-19T17:29:43.542354+00:00,EXACT_CANONICAL_NOT_FOUND,,,,,,,,6ff1e084d7e1de5bce526a9952c96fbb0f13b4f2c615b0fc30c055f88bfb5483,,EXACT_CANONICAL_NOT_FOUND,,,,,,,,ccfc7e3ca85c8b80aa96eb52d4e50e07e1811d28916b544280d8a4f1a043ba72,,EXACT_CANONICAL_NOT_FOUND,,,,,,,,e6e19630a9415359fba90888864d17313873a984ac79a3677c1d62aac943f991,
1734,ASTERACEAE,Onopordon nervosum,NO_API_TAXON,False,NO_RESPONSE_ALL_THREE,2026-08-19T17:29:43.542364+00:00,EXACT_CANONICAL_NOT_FOUND,,,,,,,,6ff1e084d7e1de5bce526a9952c96fbb0f13b4f2c615b0fc30c055f88bfb5483,,EXACT_CANONICAL_NOT_FOUND,,,,,,,,ccfc7e3ca85c8b80aa96eb52d4e50e07e1811d28916b544280d8a4f1a043ba72,,EXACT_CANONICAL_NOT_FOUND,,,,,,,,e6e19630a9415359fba90888864d17313873a984ac79a3677c1d62aac943f991,
1762,ORCHIDACEAE,Ophrys x manfredoniae,UNPARSABLE_NAME,False,NO_RESPONSE_ALL_THREE,2026-08-19T17:29:43.542649+00:00,EXACT_CANONICAL_NOT_FOUND,,,,,,,,6ff1e084d7e1de5bce526a9952c96fbb0f13b4f2c615b0fc30c055f88bfb5483,,EXACT_CANONICAL_NOT_FOUND,,,,,,,,ccfc7e3ca85c8b80aa96eb52d4e50e07e1811d28916b544280d8a4f1a043ba72,,EXACT_CANONICAL_NOT_FOUND,,,,,,,,e6e19630a9415359fba90888864d17313873a984ac79a3677c1d62aac943f991,
1819,CARYOPHYLLACEAE,Paronychia capitata var. capitata,NO_EXACT_MATCH,False,NO_RESPONSE_ALL_THREE,2026-08-19T17:29:43.542960+00:00,EXACT_CANONICAL_NOT_FOUND,,,,,,,,6ff1e084d7e1de5bce526a9952c96fbb0f13b4f2c615b0fc30c055f88bfb5483,,EXACT_CANONICAL_NOT_FOUND,,,,,,,,ccfc7e3ca85c8b80aa96eb52d4e50e07e1811d28916b544280d8a4f1a043ba72,,EXACT_CANONICAL_NOT_FOUND,,,,,,,,e6e19630a9415359fba90888864d17313873a984ac79a3677c1d62aac943f991,
1833,POLYGONACEAE,Persicaria minus,NO_API_TAXON,False,NO_RESPONSE_ALL_THREE,2026-08-19T17:29:43.543045+00:00,EXACT_CANONICAL_NOT_FOUND,,,,,,,,6ff1e084d7e1de5bce526a9952c96fbb0f13b4f2c615b0fc30c055f88bfb5483,,EXACT_CANONICAL_NOT_FOUND,,,,,,,,ccfc7e3ca85c8b80aa96eb52d4e50e07e1811d28916b544280d8a4f1a043ba72,,EXACT_CANONICAL_NOT_FOUND,,,,,,,,e6e19630a9415359fba90888864d17313873a984ac79a3677c1d62aac943f991,
1843,ASTERACEAE,Phagnalon saxatilis,NO_API_TAXON,False,NO_RESPONSE_ALL_THREE,2026-08-19T17:29:43.543104+00:00,EXACT_CANONICAL_NOT_FOUND,,,,,,,,6ff1e084d7e1de5bce526a9952c96fbb0f13b4f2c615b0fc30c055f88bfb5483,,EXACT_CANONICAL_NOT_FOUND,,,,,,,,ccfc7e3ca85c8b80aa96eb52d4e50e07e1811d28916b544280d8a4f1a043ba72,,EXACT_CANONICAL_NOT_FOUND,,,,,,,,e6e19630a9415359fba90888864d17313873a984ac79a3677c1d62aac943f991,
1869,PINACEAE,Picea abies subsp. abies,NO_EXACT_MATCH,False,NO_RESPONSE_ALL_THREE,2026-08-19T17:29:43.543233+00:00,EXACT_CANONICAL_NOT_FOUND,,,,,,,,6ff1e084d7e1de5bce526a9952c96fbb0f13b4f2c615b0fc30c055f88bfb5483,,EXACT_CANONICAL_NOT_FOUND,,,,,,,,ccfc7e3ca85c8b80aa96eb52d4e50e07e1811d28916b544280d8a4f1a043ba72,,EXACT_CANONICAL_NOT_FOUND,,,,,,,,e6e19630a9415359fba90888864d17313873a984ac79a3677c1d62aac943f991,
1881,ASTERACEAE,Pilosella sp.,UNPARSABLE_NAME,False,NO_RESPONSE_ALL_THREE,2026-08-19T17:29:43.543319+00:00,EXACT_CANONICAL_NOT_FOUND,,,,,,,,6ff1e084d7e1de5bce526a9952c96fbb0f13b4f2c615b0fc30c055f88bfb5483,,EXACT_CANONICAL_NOT_FOUND,,,,,,,,ccfc7e3ca85c8b80aa96eb52d4e50e07e1811d28916b544280d8a4f1a043ba72,,EXACT_CANONICAL_NOT_FOUND,,,,,,,,e6e19630a9415359fba90888864d17313873a984ac79a3677c1d62aac943f991,
1924,ORCHIDACEAE,Platanthera clorantha,NO_API_TAXON,False,NO_RESPONSE_ALL_THREE,2026-08-19T17:29:43.543512+00:00,EXACT_CANONICAL_NOT_FOUND,,,,,,,,6ff1e084d7e1de5bce526a9952c96fbb0f13b4f2c615b0fc30c055f88bfb5483,,EXACT_CANONICAL_NOT_FOUND,,,,,,,,ccfc7e3ca85c8b80aa96eb52d4e50e07e1811d28916b544280d8a4f1a043ba72,,EXACT_CANONICAL_NOT_FOUND,,,,,,,,e6e19630a9415359fba90888864d17313873a984ac79a3677c1d62aac943f991,
1969,POLYPODIACEAE,Polypodium x mantoniae,UNPARSABLE_NAME,False,NO_RESPONSE_ALL_THREE,2026-08-19T17:29:43.543836+00:00,EXACT_CANONICAL_NOT_FOUND,,,,,,,,6ff1e084d7e1de5bce526a9952c96fbb0f13b4f2c615b0fc30c055f88bfb5483,,EXACT_CANONICAL_NOT_FOUND,,,,,,,,ccfc7e3ca85c8b80aa96eb52d4e50e07e1811d28916b544280d8a4f1a043ba72,,EXACT_CANONICAL_NOT_FOUND,,,,,,,,e6e19630a9415359fba90888864d17313873a984ac79a3677c1d62aac943f991,
1970,POLYPODIACEAE,Polypodium x shivasiae,UNPARSABLE_NAME,False,NO_RESPONSE_ALL_THREE,2026-08-19T17:29:43.543849+00:00,EXACT_CANONICAL_NOT_FOUND,,,,,,,,6ff1e084d7e1de5bce526a9952c96fbb0f13b4f2c615b0fc30c055f88bfb5483,,EXACT_CANONICAL_NOT_FOUND,,,,,,,,ccfc7e3ca85c8b80aa96eb52d4e50e07e1811d28916b544280d8a4f1a043ba72,,EXACT_CANONICAL_NOT_FOUND,,,,,,,,e6e19630a9415359fba90888864d17313873a984ac79a3677c1d62aac943f991,
1977,DRYOPTERIDACEAE,Polystichum x bicknellii,UNPARSABLE_NAME,False,NO_RESPONSE_ALL_THREE,2026-08-19T17:29:43.543861+00:00,EXACT_CANONICAL_NOT_FOUND,,,,,,,,6ff1e084d7e1de5bce526a9952c96fbb0f13b4f2c615b0fc30c055f88bfb5483,,EXACT_CANONICAL_NOT_FOUND,,,,,,,,ccfc7e3ca85c8b80aa96eb52d4e50e07e1811d28916b544280d8a4f1a043ba72,,EXACT_CANONICAL_NOT_FOUND,,,,,,,,e6e19630a9415359fba90888864d17313873a984ac79a3677c1d62aac943f991,
1978,DRYOPTERIDACEAE,Polystichum x illyricum,UNPARSABLE_NAME,False,NO_RESPONSE_ALL_THREE,2026-08-19T17:29:43.543874+00:00,EXACT_CANONICAL_NOT_FOUND,,,,,,,,6ff1e084d7e1de5bce526a9952c96fbb0f13b4f2c615b0fc30c055f88bfb5483,,EXACT_CANONICAL_NOT_FOUND,,,,,,,,ccfc7e3ca85c8b80aa96eb52d4e50e07e1811d28916b544280d8a4f1a043ba72,,EXACT_CANONICAL_NOT_FOUND,,,,,,,,e6e19630a9415359fba90888864d17313873a984ac79a3677c1d62aac943f991,
1983,SALICACEAE,Populus x canadensis,UNPARSABLE_NAME,False,NO_RESPONSE_ALL_THREE,2026-08-19T17:29:43.543909+00:00,EXACT_CANONICAL_NOT_FOUND,,,,,,,,6ff1e084d7e1de5bce526a9952c96fbb0f13b4f2c615b0fc30c055f88bfb5483,,EXACT_CANONICAL_NOT_FOUND,,,,,,,,ccfc7e3ca85c8b80aa96eb52d4e50e07e1811d28916b544280d8a4f1a043ba72,,EXACT_CANONICAL_NOT_FOUND,,,,,,,,e6e19630a9415359fba90888864d17313873a984ac79a3677c1d62aac943f991,
2041,ASTERACEAE,Pulicaria dysenterica subsp. hispanica,NO_EXACT_MATCH,False,NO_RESPONSE_ALL_THREE,2026-08-19T17:29:43.544334+00:00,EXACT_CANONICAL_NOT_FOUND,,,,,,,,6ff1e084d7e1de5bce526a9952c96fbb0f13b4f2c615b0fc30c055f88bfb5483,,EXACT_CANONICAL_NOT_FOUND,,,,,,,,ccfc7e3ca85c8b80aa96eb52d4e50e07e1811d28916b544280d8a4f1a043ba72,,EXACT_CANONICAL_NOT_FOUND,,,,,,,,e6e19630a9415359fba90888864d17313873a984ac79a3677c1d62aac943f991,
2061,RANUNCULACEAE,Ranunculus aconitifoius,NO_API_TAXON,False,NO_RESPONSE_ALL_THREE,2026-08-19T17:29:43.544447+00:00,EXACT_CANONICAL_NOT_FOUND,,,,,,,,6ff1e084d7e1de5bce526a9952c96fbb0f13b4f2c615b0fc30c055f88bfb5483,,EXACT_CANONICAL_NOT_FOUND,,,,,,,,ccfc7e3ca85c8b80aa96eb52d4e50e07e1811d28916b544280d8a4f1a043ba72,,EXACT_CANONICAL_NOT_FOUND,,,,,,,,e6e19630a9415359fba90888864d17313873a984ac79a3677c1d62aac943f991,
2088,RANUNCULACEAE,Ranunculus peltatus var. peltatus,NO_EXACT_MATCH,False,NO_RESPONSE_ALL_THREE,2026-08-19T17:29:43.544715+00:00,EXACT_CANONICAL_NOT_FOUND,,,,,,,,6ff1e084d7e1de5bce526a9952c96fbb0f13b4f2c615b0fc30c055f88bfb5483,,EXACT_CANONICAL_NOT_FOUND,,,,,,,,ccfc7e3ca85c8b80aa96eb52d4e50e07e1811d28916b544280d8a4f1a043ba72,,EXACT_CANONICAL_NOT_FOUND,,,,,,,,e6e19630a9415359fba90888864d17313873a984ac79a3677c1d62aac943f991,
2115,RHAMNACEAE,Rhamnus alaternus subsp. munyozgarmediae,NO_EXACT_MATCH,False,NO_RESPONSE_ALL_THREE,2026-08-19T17:29:43.544886+00:00,EXACT_CANONICAL_NOT_FOUND,,,,,,,,6ff1e084d7e1de5bce526a9952c96fbb0f13b4f2c615b0fc30c055f88bfb5483,,EXACT_CANONICAL_NOT_FOUND,,,,,,,,ccfc7e3ca85c8b80aa96eb52d4e50e07e1811d28916b544280d8a4f1a043ba72,,EXACT_CANONICAL_NOT_FOUND,,,,,,,,e6e19630a9415359fba90888864d17313873a984ac79a3677c1d62aac943f991,
2144,ROSACEAE,Rosa blondeana,NO_API_TAXON,False,NO_RESPONSE_ALL_THREE,2026-08-19T17:29:43.545109+00:00,EXACT_CANONICAL_NOT_FOUND,,,,,,,,6ff1e084d7e1de5bce526a9952c96fbb0f13b4f2c615b0fc30c055f88bfb5483,,EXACT_CANONICAL_NOT_FOUND,,,,,,,,ccfc7e3ca85c8b80aa96eb52d4e50e07e1811d28916b544280d8a4f1a043ba72,,EXACT_CANONICAL_NOT_FOUND,,,,,,,,e6e19630a9415359fba90888864d17313873a984ac79a3677c1d62aac943f991,
2166,ROSACEAE,Rubus caesius x R. ulmifolius,NO_EXACT_MATCH,False,NO_RESPONSE_ALL_THREE,2026-08-19T17:29:43.545439+00:00,EXACT_CANONICAL_NOT_FOUND,,,,,,,,6ff1e084d7e1de5bce526a9952c96fbb0f13b4f2c615b0fc30c055f88bfb5483,,EXACT_CANONICAL_NOT_FOUND,,,,,,,,ccfc7e3ca85c8b80aa96eb52d4e50e07e1811d28916b544280d8a4f1a043ba72,,EXACT_CANONICAL_NOT_FOUND,,,,,,,,e6e19630a9415359fba90888864d17313873a984ac79a3677c1d62aac943f991,
2210,SALICACEAE,Salix atrocinerea x S. caprea,NO_EXACT_MATCH,False,NO_RESPONSE_ALL_THREE,2026-08-19T17:29:43.545786+00:00,EXACT_CANONICAL_NOT_FOUND,,,,,,,,6ff1e084d7e1de5bce526a9952c96fbb0f13b4f2c615b0fc30c055f88bfb5483,,EXACT_CANONICAL_NOT_FOUND,,,,,,,,ccfc7e3ca85c8b80aa96eb52d4e50e07e1811d28916b544280d8a4f1a043ba72,,EXACT_CANONICAL_NOT_FOUND,,,,,,,,e6e19630a9415359fba90888864d17313873a984ac79a3677c1d62aac943f991,
2218,SALICACEAE,Salix salvifolia,NO_API_TAXON,False,NO_RESPONSE_ALL_THREE,2026-08-19T17:29:43.545829+00:00,EXACT_CANONICAL_NOT_FOUND,,,,,,,,6ff1e084d7e1de5bce526a9952c96fbb0f13b4f2c615b0fc30c055f88bfb5483,,EXACT_CANONICAL_NOT_FOUND,,,,,,,,ccfc7e3ca85c8b80aa96eb52d4e50e07e1811d28916b544280d8a4f1a043ba72,,EXACT_CANONICAL_NOT_FOUND,,,,,,,,e6e19630a9415359fba90888864d17313873a984ac79a3677c1d62aac943f991,
2221,SALICACEAE,Salix x neotricha,UNPARSABLE_NAME,False,NO_RESPONSE_ALL_THREE,2026-08-19T17:29:43.545841+00:00,EXACT_CANONICAL_NOT_FOUND,,,,,,,,6ff1e084d7e1de5bce526a9952c96fbb0f13b4f2c615b0fc30c055f88bfb5483,,EXACT_CANONICAL_NOT_FOUND,,,,,,,,ccfc7e3ca85c8b80aa96eb52d4e50e07e1811d28916b544280d8a4f1a043ba72,,EXACT_CANONICAL_NOT_FOUND,,,,,,,,e6e19630a9415359fba90888864d17313873a984ac79a3677c1d62aac943f991,
2222,SALICACEAE,Salix x rubens,UNPARSABLE_NAME,False,NO_RESPONSE_ALL_THREE,2026-08-19T17:29:43.545854+00:00,EXACT_CANONICAL_NOT_FOUND,,,,,,,,6ff1e084d7e1de5bce526a9952c96fbb0f13b4f2c615b0fc30c055f88bfb5483,,EXACT_CANONICAL_NOT_FOUND,,,,,,,,ccfc7e3ca85c8b80aa96eb52d4e50e07e1811d28916b544280d8a4f1a043ba72,,EXACT_CANONICAL_NOT_FOUND,,,,,,,,e6e19630a9415359fba90888864d17313873a984ac79a3677c1d62aac943f991,
2251,SAXIFRAGACEAE,Saxifraga cuneata x S. losae,NO_API_TAXON,False,NO_RESPONSE_ALL_THREE,2026-08-19T17:29:43.546048+00:00,EXACT_CANONICAL_NOT_FOUND,,,,,,,,6ff1e084d7e1de5bce526a9952c96fbb0f13b4f2c615b0fc30c055f88bfb5483,,EXACT_CANONICAL_NOT_FOUND,,,,,,,,ccfc7e3ca85c8b80aa96eb52d4e50e07e1811d28916b544280d8a4f1a043ba72,,EXACT_CANONICAL_NOT_FOUND,,,,,,,,e6e19630a9415359fba90888864d17313873a984ac79a3677c1d62aac943f991,
2263,SAXIFRAGACEAE,Saxifraga x arizagae,UNPARSABLE_NAME,False,NO_RESPONSE_ALL_THREE,2026-08-19T17:29:43.546156+00:00,EXACT_CANONICAL_NOT_FOUND,,,,,,,,6ff1e084d7e1de5bce526a9952c96fbb0f13b4f2c615b0fc30c055f88bfb5483,,EXACT_CANONICAL_NOT_FOUND,,,,,,,,ccfc7e3ca85c8b80aa96eb52d4e50e07e1811d28916b544280d8a4f1a043ba72,,EXACT_CANONICAL_NOT_FOUND,,,,,,,,e6e19630a9415359fba90888864d17313873a984ac79a3677c1d62aac943f991,
2264,SAXIFRAGACEAE,Saxifraga x celtiberica,UNPARSABLE_NAME,False,NO_RESPONSE_ALL_THREE,2026-08-19T17:29:43.546164+00:00,EXACT_CANONICAL_NOT_FOUND,,,,,,,,6ff1e084d7e1de5bce526a9952c96fbb0f13b4f2c615b0fc30c055f88bfb5483,,EXACT_CANONICAL_NOT_FOUND,,,,,,,,ccfc7e3ca85c8b80aa96eb52d4e50e07e1811d28916b544280d8a4f1a043ba72,,EXACT_CANONICAL_NOT_FOUND,,,,,,,,e6e19630a9415359fba90888864d17313873a984ac79a3677c1d62aac943f991,
2298,ASTERACEAE,Scorzoneriodes pyrenaica,NO_API_TAXON,False,NO_RESPONSE_ALL_THREE,2026-08-19T17:29:43.546343+00:00,EXACT_CANONICAL_NOT_FOUND,,,,,,,,6ff1e084d7e1de5bce526a9952c96fbb0f13b4f2c615b0fc30c055f88bfb5483,,EXACT_CANONICAL_NOT_FOUND,,,,,,,,ccfc7e3ca85c8b80aa96eb52d4e50e07e1811d28916b544280d8a4f1a043ba72,,EXACT_CANONICAL_NOT_FOUND,,,,,,,,e6e19630a9415359fba90888864d17313873a984ac79a3677c1d62aac943f991,
2339,ORCHIDACEAE,Serapias lingua x parviflora,NO_EXACT_MATCH,False,NO_RESPONSE_ALL_THREE,2026-08-19T17:29:43.546580+00:00,EXACT_CANONICAL_NOT_FOUND,,,,,,,,6ff1e084d7e1de5bce526a9952c96fbb0f13b4f2c615b0fc30c055f88bfb5483,,EXACT_CANONICAL_NOT_FOUND,,,,,,,,ccfc7e3ca85c8b80aa96eb52d4e50e07e1811d28916b544280d8a4f1a043ba72,,EXACT_CANONICAL_NOT_FOUND,,,,,,,,e6e19630a9415359fba90888864d17313873a984ac79a3677c1d62aac943f991,
2348,APIACEAE,Seseli libanotis subsp. libanotis,NO_EXACT_MATCH,False,NO_RESPONSE_ALL_THREE,2026-08-19T17:29:43.546740+00:00,EXACT_CANONICAL_NOT_FOUND,,,,,,,,6ff1e084d7e1de5bce526a9952c96fbb0f13b4f2c615b0fc30c055f88bfb5483,,EXACT_CANONICAL_NOT_FOUND,,,,,,,,ccfc7e3ca85c8b80aa96eb52d4e50e07e1811d28916b544280d8a4f1a043ba72,,EXACT_CANONICAL_NOT_FOUND,,,,,,,,e6e19630a9415359fba90888864d17313873a984ac79a3677c1d62aac943f991,
2352,POACEAE,Sesleria argentea subsp. hispanica,NO_EXACT_MATCH,False,NO_RESPONSE_ALL_THREE,2026-08-19T17:29:43.546762+00:00,EXACT_CANONICAL_NOT_FOUND,,,,,,,,6ff1e084d7e1de5bce526a9952c96fbb0f13b4f2c615b0fc30c055f88bfb5483,,EXACT_CANONICAL_NOT_FOUND,,,,,,,,ccfc7e3ca85c8b80aa96eb52d4e50e07e1811d28916b544280d8a4f1a043ba72,,EXACT_CANONICAL_NOT_FOUND,,,,,,,,e6e19630a9415359fba90888864d17313873a984ac79a3677c1d62aac943f991,
2465,POACEAE,Stipa gigantea subsp. gigantea,NO_EXACT_MATCH,False,NO_RESPONSE_ALL_THREE,2026-08-19T17:29:43.547446+00:00,EXACT_CANONICAL_NOT_FOUND,,,,,,,,6ff1e084d7e1de5bce526a9952c96fbb0f13b4f2c615b0fc30c055f88bfb5483,,EXACT_CANONICAL_NOT_FOUND,,,,,,,,ccfc7e3ca85c8b80aa96eb52d4e50e07e1811d28916b544280d8a4f1a043ba72,,EXACT_CANONICAL_NOT_FOUND,,,,,,,,e6e19630a9415359fba90888864d17313873a984ac79a3677c1d62aac943f991,
2472,AMARANTHACEAE,Suaeda vera subsp. braun-blanquetii,NO_EXACT_MATCH,False,NO_RESPONSE_ALL_THREE,2026-08-19T17:29:43.547490+00:00,EXACT_CANONICAL_NOT_FOUND,,,,,,,,6ff1e084d7e1de5bce526a9952c96fbb0f13b4f2c615b0fc30c055f88bfb5483,,EXACT_CANONICAL_NOT_FOUND,,,,,,,,ccfc7e3ca85c8b80aa96eb52d4e50e07e1811d28916b544280d8a4f1a043ba72,,EXACT_CANONICAL_NOT_FOUND,,,,,,,,e6e19630a9415359fba90888864d17313873a984ac79a3677c1d62aac943f991,
2488,ASTERACEAE,Taraxacum gr.,UNPARSABLE_NAME,False,NO_RESPONSE_ALL_THREE,2026-08-19T17:29:43.547576+00:00,EXACT_CANONICAL_NOT_FOUND,,,,,,,,6ff1e084d7e1de5bce526a9952c96fbb0f13b4f2c615b0fc30c055f88bfb5483,,EXACT_CANONICAL_NOT_FOUND,,,,,,,,ccfc7e3ca85c8b80aa96eb52d4e50e07e1811d28916b544280d8a4f1a043ba72,,EXACT_CANONICAL_NOT_FOUND,,,,,,,,e6e19630a9415359fba90888864d17313873a984ac79a3677c1d62aac943f991,
2494,ASTERACEAE,Taraxacum sp.,UNPARSABLE_NAME,False,NO_RESPONSE_ALL_THREE,2026-08-19T17:29:43.547662+00:00,EXACT_CANONICAL_NOT_FOUND,,,,,,,,6ff1e084d7e1de5bce526a9952c96fbb0f13b4f2c615b0fc30c055f88bfb5483,,EXACT_CANONICAL_NOT_FOUND,,,,,,,,ccfc7e3ca85c8b80aa96eb52d4e50e07e1811d28916b544280d8a4f1a043ba72,,EXACT_CANONICAL_NOT_FOUND,,,,,,,,e6e19630a9415359fba90888864d17313873a984ac79a3677c1d62aac943f991,
2533,MALVACEAE,Tilia x vulgaris,UNPARSABLE_NAME,False,NO_RESPONSE_ALL_THREE,2026-08-19T17:29:43.547966+00:00,EXACT_CANONICAL_NOT_FOUND,,,,,,,,6ff1e084d7e1de5bce526a9952c96fbb0f13b4f2c615b0fc30c055f88bfb5483,,EXACT_CANONICAL_NOT_FOUND,,,,,,,,ccfc7e3ca85c8b80aa96eb52d4e50e07e1811d28916b544280d8a4f1a043ba72,,EXACT_CANONICAL_NOT_FOUND,,,,,,,,e6e19630a9415359fba90888864d17313873a984ac79a3677c1d62aac943f991,
2612,ULMACEAE,Ulmus x hollandica,UNPARSABLE_NAME,False,NO_RESPONSE_ALL_THREE,2026-08-19T17:29:43.548327+00:00,EXACT_CANONICAL_NOT_FOUND,,,,,,,,6ff1e084d7e1de5bce526a9952c96fbb0f13b4f2c615b0fc30c055f88bfb5483,,EXACT_CANONICAL_NOT_FOUND,,,,,,,,ccfc7e3ca85c8b80aa96eb52d4e50e07e1811d28916b544280d8a4f1a043ba72,,EXACT_CANONICAL_NOT_FOUND,,,,,,,,e6e19630a9415359fba90888864d17313873a984ac79a3677c1d62aac943f991,
2658,PLANTAGINACEAE,Veronica becabunga,NO_API_TAXON,False,NO_RESPONSE_ALL_THREE,2026-08-19T17:29:43.548515+00:00,EXACT_CANONICAL_NOT_FOUND,,,,,,,,6ff1e084d7e1de5bce526a9952c96fbb0f13b4f2c615b0fc30c055f88bfb5483,,EXACT_CANONICAL_NOT_FOUND,,,,,,,,ccfc7e3ca85c8b80aa96eb52d4e50e07e1811d28916b544280d8a4f1a043ba72,,EXACT_CANONICAL_NOT_FOUND,,,,,,,,e6e19630a9415359fba90888864d17313873a984ac79a3677c1d62aac943f991,
2678,FABACEAE,Vicia amphycarpa,NO_API_TAXON,False,NO_RESPONSE_ALL_THREE,2026-08-19T17:29:43.548580+00:00,EXACT_CANONICAL_NOT_FOUND,,,,,,,,6ff1e084d7e1de5bce526a9952c96fbb0f13b4f2c615b0fc30c055f88bfb5483,,EXACT_CANONICAL_NOT_FOUND,,,,,,,,ccfc7e3ca85c8b80aa96eb52d4e50e07e1811d28916b544280d8a4f1a043ba72,,EXACT_CANONICAL_NOT_FOUND,,,,,,,,e6e19630a9415359fba90888864d17313873a984ac79a3677c1d62aac943f991,
