78	SOURCE	dee0b597b636dea2bcc012d5dddc85d9b7bfb686af20579ac11af19329a61dec
79	SOURCE	3975330ac8bb012cc4bb3dd65cf186b5607de7b36c1f93decdd3d4f82919de5a
105	SOURCE	0202e0271db281cf4b885b85f03b5d567df02ef7591c61489ca85622557d764e
106	SOURCE	76977fc2305875b2d27ab4dce8773923f46e75148128de81522d587426295bb7
136	SOURCE	c2e0fd14d7ecbf591373190c7a5a7c34345fc0eec0a9ff9b43f871c9770dc005
137	SOURCE	4c8f71ca3254a126128ac8db6f25e92c8a7c91c25864dd185e0c58b866080f18
156	SOURCE	60e86a1da7d82eecca6873fd5b0de19bbe760994eb2c9a903b44b1a839b595cb
167	SOURCE	7a291997958960c63ec42517065cfa60b41954ab1e0c798154c33f66f26b4674
173	SOURCE	cd5369610f1a66443a9d0a003a38391df2d00456c1f0877ed05e7ce6f97fce1c
240	SOURCE	613758d45ec21313851ce41843be9ca32d8534bcbb91166cd4eae00e89179410
241	SOURCE	07cb45c1e7e23a2ed222456830ac4850b4c03165523b23437ff8bd0c9eb599ab
242	SOURCE	6422c69079f2161d564b6dfaa7d846e7ae65436cb0702881d2996f5f6e6244bc
294	SOURCE	c4be46af692a3805685f22c5ac43e7ebbf7673988dc2ec7f93b1b8799f3ad3de
300	SOURCE	8d2dffa48f9057d784fe4133af847fecb26853f232501e78c6d904a76295fdc6
305	SOURCE	9f1edeb93dd71e49f06c378d7e43d195c4fa34ed3441217ed54e698f39c4f1a1
391	SOURCE	a56d3fb1835f9f0bb474ccbf662efdba6e3e369e84fedfbb40839e5c8c860443
392	SOURCE	f35489739d473b212ccb89f26a69cd2235ed02050f1d666695d0a84e1655e588
394	SOURCE	bf9cf6a3cd4d8eb2dbbe6c35351d4b8f08dcaf7dd26940bd3dbf033894f4ee6f
412	SOURCE	c7176bf667c888326b783fb36fde8858316e8aefb713c4ffed6ba515558deb5c
413	SOURCE	819ca6544f49f9da656d034f541684b189be35234ec6781d89d8659829d29642
415	SOURCE	fa3dabf3dcde25a1e8bff4b9ea052d85dc15485001c4e1673303207ca1679263
489	SOURCE	d360da63b481dfeaabaf1acb503f807a13cd5294e4f999159e7631685649c928
531	SOURCE	a7e085b6445941b6cef4034497d6851f816f84e9433022763229e4b6e24ae863
591	SOURCE	7e566094b210e68ffaf5f0dbdf7298ad79b346c00fd0b631ae536aa452e23a9f
615	SOURCE	a8091df2fd8a5c3e617cfeea050fb68c3fdd117b076705caff5cceb332582f95
624	SOURCE	7355331d111d48f1fce0f4f6c61de161c3a4862234521e3967dd91a59a5bbe40
635	SOURCE	b2fe0cc2cd7e68745c74c1aa65e9c640e50ecf6b965b3c5dad06a27d3a0b5d14
636	SOURCE	be1e149c457355da31bcd903eb850b87c332c045232664529e700df7f214bff4
670	SOURCE	68615895583db40fdf40800e4cc043bf3ccc459a98dcf8f1c6a7c7d73e14b128
686	SOURCE	f1e0d93a0059425149d55402b1dc15f2e86f0a2fd8bc6ce0faf291a45b9662b7
687	SOURCE	e12bef132a520d04a55fe1acc8cda3eb1c49cb004a49114f3cca558c02a94143
779	SOURCE	786c2a4228a8e2063657f4dcebfab3bbceb928783eeb5e426ada88ae93fc1121
781	SOURCE	1e3cdff4bd9114cc58aab6ddf6e2fe8d9a2fcf6589e86c543b12019d0fc5a382
784	SOURCE	e6ea13ea52a54e7a0994da8a865370c52cd9fbf679b29823b416c522798ced44
791	SOURCE	0ed3ef9f9fe32b0d5a14e516a8d934b196b488ab053ff246642d38ad28afb0e7
836	SOURCE	3c4d73dbeb33d89d76634068fd4f081496b50f91f1dd087bcf40f0a151ea09ca
839	SOURCE	bb4c46d2de316b59fe27c3202df455aa8e430156cbbb7e4ccc4b4e734e273f4c
839	ALIAS	e4182e8674ef529ea06321c8c7d9e64051979aa4108662e93c8aa4e1141f6e13
840	SOURCE	7203d46f4380bb156c40ab05aabaca2a5dccefacc975c9fc6011c56d8d92502e
892	SOURCE	fd61c7e46ea536fa322fae4867e671c79984388758dbbd460382eac3176cf590
895	SOURCE	d5a7f6f37bc72a55547bddc53d607f8bf491e48c674bf36f782ce9cf7c57d190
910	SOURCE	ca2e96d9c6d8c599db2b691a2032e28bdbd23485c40fc679f1f2f55378fd7c00
911	SOURCE	c73aa60a4b06ebda3bf185782da103a18dcff98acd413ecddfdaef91a76583f8
923	SOURCE	dc0a2af75f8223798a7543a3bf0af08dc705dcf5b015ecf910cc6ebb0f80964a
945	SOURCE	30224e24bdab206baf291dde4e74de09f683f7d102a3cfdf0271f95fd7855215
946	SOURCE	35dcd4068bdd4767c8d177f9261b7d89284b8b3175ba1616dff5b2c5e7f992d7
1172	SOURCE	a0e23250cadfbd10c82c6c39f07a3fe3532eb94bfdd90020e6f4ba69640e895c
1189	SOURCE	45c4532c6755a7c2c41581a1c4947ba21e25a8b62fc330f78f3d23d9f7e4a292
1192	SOURCE	ac90f7a3f990d9988775b207e2652189541ba56d0d50e774b0f756ea00429ff9
1204	SOURCE	87787176e27eafd166e1bbaeeb6aa5a89017923e1fc8f5b4ef72c0e2a22bec50
1250	SOURCE	597fb42b5687f4abfcfc64f475299b0bd44e1da6beb00d323c3001168cc5392a
1262	SOURCE	0f815fd5468b6128ae577893e7dcf7e5d33f4bcb3c73b4e4fc4294b6555b1ff7
1270	SOURCE	f44d4b126957dce923866c730d759cc90e75c47a2686a97c6261c9d6519b96b5
1271	SOURCE	2fc707c5c323ed7b4a37185205e1e5d79933e5e65d52ebc33643acc7185d5dd5
